map,file,line,label,class,id,event,source,x,y,location_method,canonical_location_id,canonical_location_name
AzaleaGym,AzaleaGym.asm,71,TrainerTwinsAmyandmay1,TWINS,AMYANDMAY1,EVENT_BEAT_TWINS_AMY_AND_MAY,trainer,4,10,manual,66,Azalea Town
AzaleaGym,AzaleaGym.asm,82,TrainerTwinsAmyandmay2,TWINS,AMYANDMAY2,EVENT_BEAT_TWINS_AMY_AND_MAY,trainer,5,10,manual,66,Azalea Town
AzaleaGym,AzaleaGym.asm,93,TrainerBugCatcherBenny,BUG_CATCHER,BUG_CATCHER_BENNY,EVENT_BEAT_BUG_CATCHER_BENNY,trainer,5,3,manual,66,Azalea Town
AzaleaGym,AzaleaGym.asm,104,TrainerBugCatcherAl,BUG_CATCHER,AL,EVENT_BEAT_BUG_CATCHER_AL,trainer,8,8,manual,66,Azalea Town
AzaleaGym,AzaleaGym.asm,115,TrainerBugCatcherJosh,BUG_CATCHER,JOSH,EVENT_BEAT_BUG_CATCHER_JOSH,trainer,0,2,manual,66,Azalea Town
BlackthornGym1F,BlackthornGym1F.asm,94,TrainerCooltrainermPaul,COOLTRAINERM,PAUL,EVENT_BEAT_COOLTRAINERM_PAUL,trainer,1,14,manual,92,Blackthorn City
BlackthornGym1F,BlackthornGym1F.asm,105,TrainerCooltrainermMike,COOLTRAINERM,MIKE,EVENT_BEAT_COOLTRAINERM_MIKE,trainer,6,6,manual,92,Blackthorn City
BlackthornGym1F,BlackthornGym1F.asm,116,TrainerCooltrainerfLola,COOLTRAINERF,LOLA,EVENT_BEAT_COOLTRAINERF_LOLA,trainer,9,2,manual,92,Blackthorn City
BlackthornGym2F,BlackthornGym2F.asm,60,TrainerCooltrainermCody,COOLTRAINERM,CODY,EVENT_BEAT_COOLTRAINERM_CODY,trainer,4,1,manual,92,Blackthorn City
BlackthornGym2F,BlackthornGym2F.asm,71,TrainerCooltrainerfFran,COOLTRAINERF,FRAN,EVENT_BEAT_COOLTRAINERF_FRAN,trainer,4,11,manual,92,Blackthorn City
CeladonGym,CeladonGym.asm,51,TrainerLassMichelle,LASS,MICHELLE,EVENT_BEAT_LASS_MICHELLE,trainer,7,8,canon_not_in_event,26,Celadon City
CeladonGym,CeladonGym.asm,62,TrainerPicnickerTanya,PICNICKER,TANYA,EVENT_BEAT_PICNICKER_TANYA,trainer,2,8,canon_not_in_event,26,Celadon City
CeladonGym,CeladonGym.asm,73,TrainerBeautyJulia,BEAUTY,JULIA,EVENT_BEAT_BEAUTY_JULIA,trainer,3,5,canon_not_in_event,26,Celadon City
CeladonGym,CeladonGym.asm,84,TrainerTwinsJoAndZoe1,TWINS,JOANDZOE1,EVENT_BEAT_TWINS_JO_AND_ZOE,trainer,4,10,canon_not_in_event,26,Celadon City
CeladonGym,CeladonGym.asm,95,TrainerTwinsJoAndZoe2,TWINS,JOANDZOE2,EVENT_BEAT_TWINS_JO_AND_ZOE,trainer,5,10,canon_not_in_event,26,Celadon City
CeruleanGym,CeruleanGym.asm,87,TrainerSwimmerfDiana,SWIMMERF,DIANA,EVENT_BEAT_SWIMMERF_DIANA,trainer,4,6,manual,11,Cerulean City
CeruleanGym,CeruleanGym.asm,98,TrainerSwimmerfBriana,SWIMMERF,BRIANA,EVENT_BEAT_SWIMMERF_BRIANA,trainer,1,9,manual,11,Cerulean City
CeruleanGym,CeruleanGym.asm,109,TrainerSwimmermParker,SWIMMERM,PARKER,EVENT_BEAT_SWIMMERM_PARKER,trainer,8,9,manual,11,Cerulean City
CianwoodGym,CianwoodGym.asm,88,TrainerBlackbeltYoshi,BLACKBELT_T,YOSHI,EVENT_BEAT_BLACKBELT_YOSHI,trainer,2,12,manual,84,Cianwood City
CianwoodGym,CianwoodGym.asm,99,TrainerBlackbeltLao,BLACKBELT_T,LAO,EVENT_BEAT_BLACKBELT_LAO,trainer,7,12,manual,84,Cianwood City
CianwoodGym,CianwoodGym.asm,110,TrainerBlackbeltNob,BLACKBELT_T,NOB,EVENT_BEAT_BLACKBELT_NOB,trainer,3,9,manual,84,Cianwood City
CianwoodGym,CianwoodGym.asm,121,TrainerBlackbeltLung,BLACKBELT_T,LUNG,EVENT_BEAT_BLACKBELT_LUNG,trainer,5,5,manual,84,Cianwood City
DanceTheater,DanceTheater.asm,18,TrainerKimonoGirlNaoko,KIMONO_GIRL,NAOKO,EVENT_BEAT_KIMONO_GIRL_NAOKO,trainer,0,2,manual,75,Ecruteak City
DanceTheater,DanceTheater.asm,29,TrainerKimonoGirlSayo,KIMONO_GIRL,SAYO,EVENT_BEAT_KIMONO_GIRL_SAYO,trainer,2,1,manual,75,Ecruteak City
DanceTheater,DanceTheater.asm,40,TrainerKimonoGirlZuki,KIMONO_GIRL,ZUKI,EVENT_BEAT_KIMONO_GIRL_ZUKI,trainer,6,2,manual,75,Ecruteak City
DanceTheater,DanceTheater.asm,51,TrainerKimonoGirlKuni,KIMONO_GIRL,KUNI,EVENT_BEAT_KIMONO_GIRL_KUNI,trainer,9,1,manual,75,Ecruteak City
DanceTheater,DanceTheater.asm,62,TrainerKimonoGirlMiki,KIMONO_GIRL,MIKI,EVENT_BEAT_KIMONO_GIRL_MIKI,trainer,11,2,manual,75,Ecruteak City
DragonsDenB1F,DragonsDenB1F.asm,86,TrainerCooltrainermDarin,COOLTRAINERM,DARIN,EVENT_BEAT_COOLTRAINERM_DARIN,trainer,20,8,manual,93,Dragon's Den
DragonsDenB1F,DragonsDenB1F.asm,97,TrainerCooltrainerfCara,COOLTRAINERF,CARA,EVENT_BEAT_COOLTRAINERF_CARA,trainer,8,8,manual,93,Dragon's Den
DragonsDenB1F,DragonsDenB1F.asm,108,TrainerTwinsLeaandpia1,TWINS,LEAANDPIA1,EVENT_BEAT_TWINS_LEA_AND_PIA,trainer,4,17,manual,93,Dragon's Den
DragonsDenB1F,DragonsDenB1F.asm,119,TrainerTwinsLeaandpia2,TWINS,LEAANDPIA1,EVENT_BEAT_TWINS_LEA_AND_PIA,trainer,4,18,manual,93,Dragon's Den
EcruteakGym,EcruteakGym.asm,99,TrainerSageJeffrey,SAGE,JEFFREY,EVENT_BEAT_SAGE_JEFFREY,trainer,2,7,manual,75,Ecruteak City
EcruteakGym,EcruteakGym.asm,110,TrainerSagePing,SAGE,PING,EVENT_BEAT_SAGE_PING,trainer,3,13,manual,75,Ecruteak City
EcruteakGym,EcruteakGym.asm,121,TrainerMediumMartha,MEDIUM,MARTHA,EVENT_BEAT_MEDIUM_MARTHA,trainer,7,5,manual,75,Ecruteak City
EcruteakGym,EcruteakGym.asm,132,TrainerMediumGrace,MEDIUM,GRACE,EVENT_BEAT_MEDIUM_GRACE,trainer,7,9,manual,75,Ecruteak City
FastShipB1F,FastShipB1F.asm,95,TrainerSailorJeff,SAILOR,JEFF,EVENT_BEAT_SAILOR_JEFF,trainer,9,11,manual,16,Vermilion City
FastShipB1F,FastShipB1F.asm,106,TrainerPicnickerDebra,PICNICKER,DEBRA,EVENT_BEAT_PICNICKER_DEBRA,trainer,6,4,manual,16,Vermilion City
FastShipB1F,FastShipB1F.asm,117,TrainerJugglerFritz,JUGGLER,FRITZ,EVENT_BEAT_JUGGLER_FRITZ,trainer,26,9,manual,16,Vermilion City
FastShipB1F,FastShipB1F.asm,128,TrainerSailorGarrett,SAILOR,GARRETT,EVENT_BEAT_SAILOR_GARRETT,trainer,17,4,manual,16,Vermilion City
FastShipB1F,FastShipB1F.asm,139,TrainerFisherJonah,FISHER,JONAH,EVENT_BEAT_FISHER_JONAH,trainer,25,8,manual,16,Vermilion City
FastShipB1F,FastShipB1F.asm,150,TrainerBlackbeltWai,BLACKBELT_T,WAI,EVENT_BEAT_BLACKBELT_WAI,trainer,15,11,manual,16,Vermilion City
FastShipB1F,FastShipB1F.asm,161,TrainerSailorKenneth,SAILOR,KENNETH,EVENT_BEAT_SAILOR_KENNETH,trainer,23,4,manual,16,Vermilion City
FastShipB1F,FastShipB1F.asm,172,TrainerTeacherShirley,TEACHER,SHIRLEY,EVENT_BEAT_TEACHER_SHIRLEY,trainer,9,11,manual,16,Vermilion City
FastShipB1F,FastShipB1F.asm,183,TrainerSchoolboyNate,SCHOOLBOY,NATE,EVENT_BEAT_SCHOOLBOY_NATE,trainer,14,9,manual,16,Vermilion City
FastShipB1F,FastShipB1F.asm,194,TrainerSchoolboyRicky,SCHOOLBOY,RICKY,EVENT_BEAT_SCHOOLBOY_RICKY,trainer,14,11,manual,16,Vermilion City
FastShipCabins_NNW_NNE_NE,FastShipCabins_NNW_NNE_NE.asm,16,TrainerCooltrainermSean,COOLTRAINERM,SEAN,EVENT_BEAT_COOLTRAINERM_SEAN,trainer,4,3,manual,16,Vermilion City
FastShipCabins_NNW_NNE_NE,FastShipCabins_NNW_NNE_NE.asm,27,TrainerCooltrainerfCarol,COOLTRAINERF,CAROL,EVENT_BEAT_COOLTRAINERF_CAROL,trainer,1,5,manual,16,Vermilion City
FastShipCabins_NNW_NNE_NE,FastShipCabins_NNW_NNE_NE.asm,38,TrainerPokemaniacEthan,POKEMANIAC,ETHAN,EVENT_BEAT_POKEMANIAC_ETHAN,trainer,1,5,manual,16,Vermilion City
FastShipCabins_NNW_NNE_NE,FastShipCabins_NNW_NNE_NE.asm,49,TrainerHikerNoland,HIKER,NOLAND,EVENT_BEAT_HIKER_NOLAND,trainer,4,17,manual,16,Vermilion City
FastShipCabins_NNW_NNE_NE,FastShipCabins_NNW_NNE_NE.asm,60,TrainerGentlemanEdward,GENTLEMAN,EDWARD,EVENT_BEAT_GENTLEMAN_EDWARD,trainer,7,30,manual,16,Vermilion City
FastShipCabins_NNW_NNE_NE,FastShipCabins_NNW_NNE_NE.asm,71,TrainerBurglarCorey,BURGLAR,COREY,EVENT_BEAT_BURGLAR_COREY,trainer,2,30,manual,16,Vermilion City
FastShipCabins_SE_SSE_CaptainsCabin,FastShipCabins_SE_SSE_CaptainsCabin.asm,142,TrainerPokefanmColin,POKEFANM,COLIN,EVENT_BEAT_POKEFANM_COLIN,trainer,5,6,manual,16,Vermilion City
FastShipCabins_SE_SSE_CaptainsCabin,FastShipCabins_SE_SSE_CaptainsCabin.asm,153,TrainerTwinsMegandpeg1,TWINS,MEGANDPEG1,EVENT_BEAT_TWINS_MEG_AND_PEG,trainer,2,4,manual,16,Vermilion City
FastShipCabins_SE_SSE_CaptainsCabin,FastShipCabins_SE_SSE_CaptainsCabin.asm,164,TrainerTwinsMegandpeg2,TWINS,MEGANDPEG2,EVENT_BEAT_TWINS_MEG_AND_PEG,trainer,3,4,manual,16,Vermilion City
FastShipCabins_SE_SSE_CaptainsCabin,FastShipCabins_SE_SSE_CaptainsCabin.asm,175,TrainerPsychicRodney,PSYCHIC_T,RODNEY,EVENT_BEAT_PSYCHIC_RODNEY,trainer,5,5,manual,16,Vermilion City
FastShipCabins_SE_SSE_CaptainsCabin,FastShipCabins_SE_SSE_CaptainsCabin.asm,186,TrainerPokefanmJeremy,POKEFANM,JEREMY,EVENT_BEAT_POKEFANM_JEREMY,trainer,2,3,manual,16,Vermilion City
FastShipCabins_SE_SSE_CaptainsCabin,FastShipCabins_SE_SSE_CaptainsCabin.asm,197,TrainerPokefanfGeorgia,POKEFANF,GEORGIA,EVENT_BEAT_POKEFANF_GEORGIA,trainer,5,5,manual,16,Vermilion City
FastShipCabins_SE_SSE_CaptainsCabin,FastShipCabins_SE_SSE_CaptainsCabin.asm,208,TrainerSupernerdShawn,SUPER_NERD,SHAWN,EVENT_BEAT_SUPER_NERD_SHAWN,trainer,1,15,manual,16,Vermilion City
FastShipCabins_SW_SSW_NW,FastShipCabins_SW_SSW_NW.asm,13,TrainerFirebreatherLyle,FIREBREATHER,LYLE,EVENT_BEAT_FIREBREATHER_LYLE,trainer,1,15,manual,16,Vermilion City
FastShipCabins_SW_SSW_NW,FastShipCabins_SW_SSW_NW.asm,24,TrainerBugCatcherKen,BUG_CATCHER,KEN,EVENT_BEAT_BUG_CATCHER_KEN,trainer,6,15,manual,16,Vermilion City
FastShipCabins_SW_SSW_NW,FastShipCabins_SW_SSW_NW.asm,35,TrainerBeautyCassie,BEAUTY,CASSIE,EVENT_BEAT_BEAUTY_CASSIE,trainer,1,26,manual,16,Vermilion City
FastShipCabins_SW_SSW_NW,FastShipCabins_SW_SSW_NW.asm,46,TrainerGuitaristClyde,GUITARIST,CLYDE,EVENT_BEAT_GUITARIST_CLYDE,trainer,3,28,manual,16,Vermilion City
GoldenrodGym,GoldenrodGym.asm,94,TrainerLassCarrie,LASS,CARRIE,EVENT_BEAT_LASS_CARRIE,trainer,9,13,manual,70,Goldenrod City
GoldenrodGym,GoldenrodGym.asm,118,TrainerLassBridget,LASS,BRIDGET,EVENT_BEAT_LASS_BRIDGET,trainer,9,6,manual,70,Goldenrod City
GoldenrodGym,GoldenrodGym.asm,129,TrainerBeautyVictoria,BEAUTY,VICTORIA,EVENT_BEAT_BEAUTY_VICTORIA,trainer,0,2,manual,70,Goldenrod City
GoldenrodGym,GoldenrodGym.asm,140,TrainerBeautySamantha,BEAUTY,SAMANTHA,EVENT_BEAT_BEAUTY_SAMANTHA,trainer,19,5,manual,70,Goldenrod City
GoldenrodUnderground,GoldenrodUnderground.asm,115,TrainerSupernerdEric,SUPER_NERD,ERIC,EVENT_BEAT_SUPER_NERD_ERIC,trainer,5,31,manual,70,Goldenrod City
GoldenrodUnderground,GoldenrodUnderground.asm,126,TrainerSupernerdTeru,SUPER_NERD,TERU,EVENT_BEAT_SUPER_NERD_TERU,trainer,6,9,manual,70,Goldenrod City
GoldenrodUnderground,GoldenrodUnderground.asm,137,TrainerPokemaniacIssac,POKEMANIAC,ISSAC,EVENT_BEAT_POKEMANIAC_ISSAC,trainer,3,27,manual,70,Goldenrod City
GoldenrodUnderground,GoldenrodUnderground.asm,148,TrainerPokemaniacDonald,POKEMANIAC,DONALD,EVENT_BEAT_POKEMANIAC_DONALD,trainer,2,6,manual,70,Goldenrod City
GoldenrodUndergroundSwitchRoomEntrances,GoldenrodUndergroundSwitchRoomEntrances.asm,173,TrainerGruntM11,GRUNTM,GRUNTM_11,EVENT_BEAT_ROCKET_GRUNTM_11,trainer,11,2,manual,70,Goldenrod City
GoldenrodUndergroundSwitchRoomEntrances,GoldenrodUndergroundSwitchRoomEntrances.asm,184,TrainerGruntM25,GRUNTM,GRUNTM_25,EVENT_BEAT_ROCKET_GRUNTM_25,trainer,3,2,manual,70,Goldenrod City
GoldenrodUndergroundSwitchRoomEntrances,GoldenrodUndergroundSwitchRoomEntrances.asm,195,TrainerBurglarDuncan,BURGLAR,DUNCAN,EVENT_BEAT_BURGLAR_DUNCAN,trainer,9,12,manual,70,Goldenrod City
GoldenrodUndergroundSwitchRoomEntrances,GoldenrodUndergroundSwitchRoomEntrances.asm,206,TrainerBurglarEddie,BURGLAR,EDDIE,EVENT_BEAT_BURGLAR_EDDIE,trainer,4,8,manual,70,Goldenrod City
GoldenrodUndergroundSwitchRoomEntrances,GoldenrodUndergroundSwitchRoomEntrances.asm,217,TrainerGruntM13,GRUNTM,GRUNTM_13,EVENT_BEAT_ROCKET_GRUNTM_13,trainer,17,2,manual,70,Goldenrod City
GoldenrodUndergroundSwitchRoomEntrances,GoldenrodUndergroundSwitchRoomEntrances.asm,228,TrainerGruntF3,GRUNTF,GRUNTF_3,EVENT_BEAT_ROCKET_GRUNTF_3,trainer,19,12,manual,70,Goldenrod City
GoldenrodUndergroundWarehouse,GoldenrodUndergroundWarehouse.asm,37,TrainerGruntM24,GRUNTM,GRUNTM_24,EVENT_BEAT_ROCKET_GRUNTM_24,trainer,9,8,manual,70,Goldenrod City
GoldenrodUndergroundWarehouse,GoldenrodUndergroundWarehouse.asm,48,TrainerGruntM14,GRUNTM,GRUNTM_14,EVENT_BEAT_ROCKET_GRUNTM_14,trainer,8,15,manual,70,Goldenrod City
GoldenrodUndergroundWarehouse,GoldenrodUndergroundWarehouse.asm,59,TrainerGruntM15,GRUNTM,GRUNTM_15,EVENT_BEAT_ROCKET_GRUNTM_15,trainer,14,3,manual,70,Goldenrod City
IlexForest,IlexForest.asm,389,TrainerBugCatcherWayne,BUG_CATCHER,WAYNE,EVENT_BEAT_BUG_CATCHER_WAYNE,trainer,12,1,direct,68,Ilex Forest
LakeOfRage,LakeOfRage.asm,147,TrainerFisherAndre,FISHER,ANDRE,EVENT_BEAT_FISHER_ANDRE,trainer,30,23,direct,88,Lake of Rage
LakeOfRage,LakeOfRage.asm,158,TrainerFisherRaymond,FISHER,RAYMOND,EVENT_BEAT_FISHER_RAYMOND,trainer,24,26,direct,88,Lake of Rage
LakeOfRage,LakeOfRage.asm,169,TrainerCooltrainermAaron,COOLTRAINERM,AARON,EVENT_BEAT_COOLTRAINERM_AARON,trainer,4,15,direct,88,Lake of Rage
LakeOfRage,LakeOfRage.asm,180,TrainerCooltrainerfLois,COOLTRAINERF,LOIS,EVENT_BEAT_COOLTRAINERF_LOIS,trainer,36,7,direct,88,Lake of Rage
MahoganyGym,MahoganyGym.asm,72,TrainerSkierRoxanne,SKIER,ROXANNE,EVENT_BEAT_SKIER_ROXANNE,trainer,4,6,manual_missing,,
MahoganyGym,MahoganyGym.asm,83,TrainerSkierClarissa,SKIER,CLARISSA,EVENT_BEAT_SKIER_CLARISSA,trainer,9,17,manual_missing,,
MahoganyGym,MahoganyGym.asm,94,TrainerBoarderRonald,BOARDER,RONALD,EVENT_BEAT_BOARDER_RONALD,trainer,0,17,manual_missing,,
MahoganyGym,MahoganyGym.asm,105,TrainerBoarderBrad,BOARDER,BRAD,EVENT_BEAT_BOARDER_BRAD,trainer,5,9,manual_missing,,
MahoganyGym,MahoganyGym.asm,116,TrainerBoarderDouglas,BOARDER,DOUGLAS,EVENT_BEAT_BOARDER_DOUGLAS,trainer,2,4,manual_missing,,
MountMortar1FInside,MountMortar1FInside.asm,19,TrainerPokemaniacMiller,POKEMANIAC,MILLER,EVENT_BEAT_POKEMANIAC_MILLER,trainer,33,43,manual,86,Mt. Mortar
MountMortar1FInside,MountMortar1FInside.asm,30,TrainerSupernerdMarkus,SUPER_NERD,MARKUS,EVENT_BEAT_SUPER_NERD_MARKUS,trainer,24,28,manual,86,Mt. Mortar
MountMortar2FInside,MountMortar2FInside.asm,16,TrainerSupernerdHugh,SUPER_NERD,HUGH,EVENT_BEAT_SUPER_NERD_HUGH,trainer,13,26,manual,86,Mt. Mortar
NationalPark,NationalPark.asm,73,TrainerSchoolboyJack1,SCHOOLBOY,JACK1,EVENT_BEAT_SCHOOLBOY_JACK,trainer,27,23,direct,72,National Park
NationalPark,NationalPark.asm,123,TrainerSchoolboyJack1,SCHOOLBOY,JACK1,,loadtrainer,,,direct,72,National Park
NationalPark,NationalPark.asm,190,TrainerPokefanmWilliam,POKEFANM,WILLIAM,EVENT_BEAT_POKEFANM_WILLIAM,trainer,16,9,direct,72,National Park
NationalPark,NationalPark.asm,201,TrainerPokefanfBeverly1,POKEFANF,BEVERLY1,EVENT_BEAT_POKEFANF_BEVERLY,trainer,18,29,direct,72,National Park
NationalPark,NationalPark.asm,280,TrainerLassKrise,LASS,KRISE,EVENT_BEAT_LASS_KRISE,trainer,8,14,direct,72,National Park
OlivineLighthouse2F,OlivineLighthouse2F.asm,11,TrainerGentlemanAlfred,GENTLEMAN,ALFRED,EVENT_BEAT_GENTLEMAN_ALFRED,trainer,17,8,manual,80,Olivine City
OlivineLighthouse2F,OlivineLighthouse2F.asm,22,TrainerSailorHuey,SAILOR,HUEY1,EVENT_BEAT_SAILOR_HUEY,trainer,9,3,manual,80,Olivine City
OlivineLighthouse2F,OlivineLighthouse2F.asm,66,TrainerSailorHuey,SAILOR,HUEY1,,loadtrainer,,,manual,80,Olivine City
OlivineLighthouse3F,OlivineLighthouse3F.asm,13,TrainerBirdKeeperTheo,BIRD_KEEPER,THEO,EVENT_BEAT_BIRD_KEEPER_THEO,trainer,3,9,manual,80,Olivine City
OlivineLighthouse3F,OlivineLighthouse3F.asm,24,TrainerGentlemanPreston,GENTLEMAN,PRESTON,EVENT_BEAT_GENTLEMAN_PRESTON,trainer,13,5,manual,80,Olivine City
OlivineLighthouse3F,OlivineLighthouse3F.asm,35,TrainerSailorTerrell,SAILOR,TERRELL,EVENT_BEAT_SAILOR_TERRELL,trainer,9,2,manual,80,Olivine City
OlivineLighthouse4F,OlivineLighthouse4F.asm,11,TrainerLassConnie,LASS,CONNIE1,EVENT_BEAT_LASS_CONNIE,trainer,11,2,manual,80,Olivine City
OlivineLighthouse4F,OlivineLighthouse4F.asm,22,TrainerSailorKent,SAILOR,KENT,EVENT_BEAT_SAILOR_KENT,trainer,7,14,manual,80,Olivine City
OlivineLighthouse5F,OlivineLighthouse5F.asm,14,TrainerBirdKeeperDenis,BIRD_KEEPER,DENIS,EVENT_BEAT_BIRD_KEEPER_DENIS,trainer,8,3,manual,80,Olivine City
OlivineLighthouse5F,OlivineLighthouse5F.asm,25,TrainerSailorErnest,SAILOR,ERNEST,EVENT_BEAT_SAILOR_ERNEST,trainer,8,11,manual,80,Olivine City
PewterGym,PewterGym.asm,42,TrainerCamperJerry,CAMPER,JERRY,EVENT_BEAT_CAMPER_JERRY,trainer,2,5,manual,54,Pewter City
RadioTower1F,RadioTower1F.asm,187,TrainerGruntM3,GRUNTM,GRUNTM_3,EVENT_BEAT_ROCKET_GRUNTM_3,trainer,14,1,manual,70,Goldenrod City
RadioTower2F,RadioTower2F.asm,58,TrainerGruntM4,GRUNTM,GRUNTM_4,EVENT_BEAT_ROCKET_GRUNTM_4,trainer,1,4,manual,70,Goldenrod City
RadioTower2F,RadioTower2F.asm,69,TrainerGruntM5,GRUNTM,GRUNTM_5,EVENT_BEAT_ROCKET_GRUNTM_5,trainer,8,4,manual,70,Goldenrod City
RadioTower2F,RadioTower2F.asm,80,TrainerGruntM6,GRUNTM,GRUNTM_6,EVENT_BEAT_ROCKET_GRUNTM_6,trainer,4,1,manual,70,Goldenrod City
RadioTower2F,RadioTower2F.asm,91,TrainerGruntF2,GRUNTF,GRUNTF_2,EVENT_BEAT_ROCKET_GRUNTF_2,trainer,10,5,manual,70,Goldenrod City
RadioTower3F,RadioTower3F.asm,84,TrainerGruntM7,GRUNTM,GRUNTM_7,EVENT_BEAT_ROCKET_GRUNTM_7,trainer,5,1,manual,70,Goldenrod City
RadioTower3F,RadioTower3F.asm,95,TrainerGruntM8,GRUNTM,GRUNTM_8,EVENT_BEAT_ROCKET_GRUNTM_8,trainer,6,2,manual,70,Goldenrod City
RadioTower3F,RadioTower3F.asm,106,TrainerGruntM9,GRUNTM,GRUNTM_9,EVENT_BEAT_ROCKET_GRUNTM_9,trainer,16,6,manual,70,Goldenrod City
RadioTower3F,RadioTower3F.asm,117,TrainerScientistMarc,SCIENTIST,MARC,EVENT_BEAT_SCIENTIST_MARC,trainer,9,6,manual,70,Goldenrod City
RadioTower4F,RadioTower4F.asm,57,TrainerGruntM10,GRUNTM,GRUNTM_10,EVENT_BEAT_ROCKET_GRUNTM_10,trainer,5,6,manual,70,Goldenrod City
RadioTower4F,RadioTower4F.asm,68,TrainerExecutivem2,EXECUTIVEM,EXECUTIVEM_2,EVENT_BEAT_ROCKET_EXECUTIVEM_2,trainer,14,1,manual,70,Goldenrod City
RadioTower4F,RadioTower4F.asm,79,TrainerGruntF4,GRUNTF,GRUNTF_4,EVENT_BEAT_ROCKET_GRUNTF_4,trainer,12,4,manual,70,Goldenrod City
RadioTower4F,RadioTower4F.asm,90,TrainerScientistRich,SCIENTIST,RICH,EVENT_BEAT_SCIENTIST_RICH,trainer,4,2,manual,70,Goldenrod City
RadioTower5F,RadioTower5F.asm,69,TrainerExecutivef1,EXECUTIVEF,EXECUTIVEF_1,EVENT_BEAT_ROCKET_EXECUTIVEF_1,trainer,17,2,manual,70,Goldenrod City
Route1,Route1.asm,12,TrainerSchoolboyDanny,SCHOOLBOY,DANNY,EVENT_BEAT_SCHOOLBOY_DANNY,trainer,4,12,route,3,Route 1
Route1,Route1.asm,23,TrainerCooltrainerfQuinn,COOLTRAINERF,QUINN,EVENT_BEAT_COOLTRAINERF_QUINN,trainer,9,25,route,3,Route 1
Route10South,Route10South.asm,11,TrainerHikerJim,HIKER,JIM,EVENT_BEAT_HIKER_JIM,trainer,17,3,route,20,Route 10
Route10South,Route10South.asm,22,TrainerPokefanmRobert,POKEFANM,ROBERT,EVENT_BEAT_POKEFANM_ROBERT,trainer,8,10,route,20,Route 10
Route11,Route11.asm,14,TrainerYoungsterOwen,YOUNGSTER,OWEN,EVENT_BEAT_YOUNGSTER_OWEN,trainer,22,14,route,17,Route 11
Route11,Route11.asm,25,TrainerYoungsterJason,YOUNGSTER,JASON,EVENT_BEAT_YOUNGSTER_JASON,trainer,20,4,route,17,Route 11
Route11,Route11.asm,36,TrainerPsychicHerman,PSYCHIC_T,HERMAN,EVENT_BEAT_PSYCHIC_HERMAN,trainer,28,7,route,17,Route 11
Route11,Route11.asm,47,TrainerPsychicFidel,PSYCHIC_T,FIDEL,EVENT_BEAT_PSYCHIC_FIDEL,trainer,8,6,route,17,Route 11
Route12,Route12.asm,15,TrainerFisherKyle,FISHER,KYLE,EVENT_BEAT_FISHER_KYLE,trainer,6,7,route,23,Route 12
Route12,Route12.asm,26,TrainerFisherMartin,FISHER,MARTIN,EVENT_BEAT_FISHER_MARTIN,trainer,5,13,route,23,Route 12
Route12,Route12.asm,37,TrainerFisherStephen,FISHER,STEPHEN,EVENT_BEAT_FISHER_STEPHEN,trainer,14,23,route,23,Route 12
Route12,Route12.asm,48,TrainerFisherBarney,FISHER,BARNEY,EVENT_BEAT_FISHER_BARNEY,trainer,10,38,route,23,Route 12
Route13,Route13.asm,14,TrainerPokefanmAlex,POKEFANM,ALEX,EVENT_BEAT_POKEFANM_ALEX,trainer,25,6,route,36,Route 13
Route13,Route13.asm,25,TrainerPokefanmJoshua,POKEFANM,JOSHUA,EVENT_BEAT_POKEFANM_JOSHUA,trainer,32,8,route,36,Route 13
Route13,Route13.asm,36,TrainerBirdKeeperPerry,BIRD_KEEPER,PERRY,EVENT_BEAT_BIRD_KEEPER_PERRY,trainer,42,6,route,36,Route 13
Route13,Route13.asm,47,TrainerBirdKeeperBret,BIRD_KEEPER,BRET,EVENT_BEAT_BIRD_KEEPER_BRET,trainer,43,6,route,36,Route 13
Route13,Route13.asm,58,TrainerHikerKenny,HIKER,KENNY,EVENT_BEAT_HIKER_KENNY,trainer,14,10,route,36,Route 13
Route14,Route14.asm,21,TrainerPokefanmCarter,POKEFANM,CARTER,EVENT_BEAT_POKEFANM_CARTER,trainer,11,15,route,35,Route 14
Route14,Route14.asm,32,TrainerBirdKeeperRoy,BIRD_KEEPER,ROY,EVENT_BEAT_BIRD_KEEPER_ROY,trainer,11,27,route,35,Route 14
Route14,Route14.asm,43,TrainerPokefanmTrevor,POKEFANM,TREVOR,EVENT_BEAT_POKEFANM_TREVOR,trainer,6,11,route,35,Route 14
Route15,Route15.asm,16,TrainerTeacherColette,TEACHER,COLETTE,EVENT_BEAT_TEACHER_COLETTE,trainer,30,12,route,34,Route 15
Route15,Route15.asm,27,TrainerTeacherHillary,TEACHER,HILLARY,EVENT_BEAT_TEACHER_HILLARY,trainer,20,10,route,34,Route 15
Route15,Route15.asm,38,TrainerSchoolboyKipp,SCHOOLBOY,KIPP,EVENT_BEAT_SCHOOLBOY_KIP,trainer,10,10,route,34,Route 15
Route15,Route15.asm,49,TrainerSchoolboyTommy,SCHOOLBOY,TOMMY,EVENT_BEAT_SCHOOLBOY_TOMMY,trainer,15,13,route,34,Route 15
Route15,Route15.asm,60,TrainerSchoolboyJohnny,SCHOOLBOY,JOHNNY,EVENT_BEAT_SCHOOLBOY_JOHNNY,trainer,33,10,route,34,Route 15
Route15,Route15.asm,71,TrainerSchoolboyBilly,SCHOOLBOY,BILLY,EVENT_BEAT_SCHOOLBOY_BILLY,trainer,27,10,route,34,Route 15
Route17,Route17.asm,19,TrainerBikerCharles,BIKER,CHARLES,EVENT_BEAT_BIKER_CHARLES,trainer,6,80,route,30,Route 17
Route17,Route17.asm,30,TrainerBikerRiley,BIKER,RILEY,EVENT_BEAT_BIKER_RILEY,trainer,4,17,route,30,Route 17
Route17,Route17.asm,41,TrainerBikerJoel,BIKER,JOEL,EVENT_BEAT_BIKER_JOEL,trainer,9,68,route,30,Route 17
Route17,Route17.asm,52,TrainerBikerGlenn,BIKER,GLENN,EVENT_BEAT_BIKER_GLENN,trainer,3,53,route,30,Route 17
Route18,Route18.asm,11,TrainerBirdKeeperBoris,BIRD_KEEPER,BORIS,EVENT_BEAT_BIRD_KEEPER_BORIS,trainer,9,12,route,31,Route 18
Route18,Route18.asm,22,TrainerBirdKeeperBob,BIRD_KEEPER,BOB,EVENT_BEAT_BIRD_KEEPER_BOB,trainer,13,6,route,31,Route 18
Route19,Route19.asm,28,TrainerSwimmerfDawn,SWIMMERF,DAWN,EVENT_BEAT_SWIMMERF_DAWN,trainer,9,23,route,38,Route 19
Route19,Route19.asm,39,TrainerSwimmermHarold,SWIMMERM,HAROLD,EVENT_BEAT_SWIMMERM_HAROLD,trainer,13,28,route,38,Route 19
Route19,Route19.asm,50,TrainerSwimmermJerome,SWIMMERM,JEROME,EVENT_BEAT_SWIMMERM_JEROME,trainer,11,17,route,38,Route 19
Route19,Route19.asm,61,TrainerSwimmermTucker,SWIMMERM,TUCKER,EVENT_BEAT_SWIMMERM_TUCKER,trainer,8,23,route,38,Route 19
Route2,Route2.asm,17,TrainerBugCatcherRob,BUG_CATCHER,ROB,EVENT_BEAT_BUG_CATCHER_ROB,trainer,10,45,route,6,Route 2
Route2,Route2.asm,28,TrainerBugCatcherEd,BUG_CATCHER,ED,EVENT_BEAT_BUG_CATCHER_ED,trainer,6,4,route,6,Route 2
Route2,Route2.asm,39,TrainerBugCatcherDoug,BUG_CATCHER,DOUG,EVENT_BEAT_BUG_CATCHER_DOUG,trainer,0,40,route,6,Route 2
Route20,Route20.asm,17,TrainerSwimmerfNicole,SWIMMERF,NICOLE,EVENT_BEAT_SWIMMERF_NICOLE,trainer,52,8,route,39,Route 20
Route20,Route20.asm,28,TrainerSwimmerfLori,SWIMMERF,LORI,EVENT_BEAT_SWIMMERF_LORI,trainer,45,13,route,39,Route 20
Route20,Route20.asm,39,TrainerSwimmermCameron,SWIMMERM,CAMERON,EVENT_BEAT_SWIMMERM_CAMERON,trainer,12,13,route,39,Route 20
Route21,Route21.asm,12,TrainerSwimmermSeth,SWIMMERM,SETH,EVENT_BEAT_SWIMMERM_SETH,trainer,2,30,route,46,Route 21
Route21,Route21.asm,23,TrainerSwimmerfNikki,SWIMMERF,NIKKI,EVENT_BEAT_SWIMMERF_NIKKI,trainer,11,16,route,46,Route 21
Route21,Route21.asm,34,TrainerFisherArnold,FISHER,ARNOLD,EVENT_BEAT_FISHER_ARNOLD,trainer,14,22,route,46,Route 21
Route25,Route25.asm,80,TrainerSchoolboyDudley,SCHOOLBOY,DUDLEY,EVENT_BEAT_SCHOOLBOY_DUDLEY,trainer,12,8,route,13,Route 25
Route25,Route25.asm,91,TrainerLassEllen,LASS,ELLEN,EVENT_BEAT_LASS_ELLEN,trainer,16,11,route,13,Route 25
Route25,Route25.asm,102,TrainerSchoolboyJoe,SCHOOLBOY,JOE,EVENT_BEAT_SCHOOLBOY_JOE,trainer,21,8,route,13,Route 25
Route25,Route25.asm,113,TrainerLassLaura,LASS,LAURA,EVENT_BEAT_LASS_LAURA,trainer,22,6,route,13,Route 25
Route25,Route25.asm,124,TrainerCamperLloyd,CAMPER,LLOYD,EVENT_BEAT_CAMPER_LLOYD,trainer,25,4,route,13,Route 25
Route25,Route25.asm,135,TrainerLassShannon,LASS,SHANNON,EVENT_BEAT_LASS_SHANNON,trainer,28,11,route,13,Route 25
Route25,Route25.asm,146,TrainerSupernerdPat,SUPER_NERD,PAT,EVENT_BEAT_SUPER_NERD_PAT,trainer,31,7,route,13,Route 25
Route26,Route26.asm,17,TrainerCooltrainermJake,COOLTRAINERM,JAKE,EVENT_BEAT_COOLTRAINERM_JAKE,trainer,14,24,route,98,Route 26
Route26,Route26.asm,28,TrainerCooltrainermGaven3,COOLTRAINERM,GAVEN3,EVENT_BEAT_COOLTRAINERM_GAVEN,trainer,9,38,route,98,Route 26
Route26,Route26.asm,70,TrainerCooltrainermGaven3,COOLTRAINERM,GAVEN3,,loadtrainer,,,route,98,Route 26
Route26,Route26.asm,121,TrainerCooltrainerfJoyce,COOLTRAINERF,JOYCE,EVENT_BEAT_COOLTRAINERF_JOYCE,trainer,10,56,route,98,Route 26
Route26,Route26.asm,132,TrainerCooltrainerfBeth1,COOLTRAINERF,BETH1,EVENT_BEAT_COOLTRAINERF_BETH,trainer,5,8,route,98,Route 26
Route26,Route26.asm,174,TrainerCooltrainerfBeth1,COOLTRAINERF,BETH1,,loadtrainer,,,route,98,Route 26
Route26,Route26.asm,225,TrainerPsychicRichard,PSYCHIC_T,RICHARD,EVENT_BEAT_PSYCHIC_RICHARD,trainer,13,79,route,98,Route 26
Route26,Route26.asm,236,TrainerFisherScott,FISHER,SCOTT,EVENT_BEAT_FISHER_SCOTT,trainer,10,92,route,98,Route 26
Route27,Route27.asm,50,TrainerPsychicGilbert,PSYCHIC_T,GILBERT,EVENT_BEAT_PSYCHIC_GILBERT,trainer,65,7,route,96,Route 27
Route27,Route27.asm,61,TrainerBirdKeeperJose2,BIRD_KEEPER,JOSE2,EVENT_BEAT_BIRD_KEEPER_JOSE2,trainer,58,13,route,96,Route 27
Route27,Route27.asm,105,TrainerBirdKeeperJose2,BIRD_KEEPER,JOSE2,,loadtrainer,,,route,96,Route 27
Route27,Route27.asm,174,TrainerCooltrainermBlake,COOLTRAINERM,BLAKE,EVENT_BEAT_COOLTRAINERM_BLAKE,trainer,48,7,route,96,Route 27
Route27,Route27.asm,185,TrainerCooltrainermBrian,COOLTRAINERM,BRIAN,EVENT_BEAT_COOLTRAINERM_BRIAN,trainer,58,6,route,96,Route 27
Route27,Route27.asm,196,TrainerCooltrainerfReena,COOLTRAINERF,REENA1,EVENT_BEAT_COOLTRAINERF_REENA,trainer,72,10,route,96,Route 27
Route27,Route27.asm,238,TrainerCooltrainerfReena,COOLTRAINERF,REENA1,,loadtrainer,,,route,96,Route 27
Route27,Route27.asm,289,TrainerCooltrainerfMegan,COOLTRAINERF,MEGAN,EVENT_BEAT_COOLTRAINERF_MEGAN,trainer,37,6,route,96,Route 27
Route3,Route3.asm,13,TrainerFirebreatherOtis,FIREBREATHER,OTIS,EVENT_BEAT_FIREBREATHER_OTIS,trainer,26,12,route,8,Route 3
Route3,Route3.asm,24,TrainerYoungsterWarren,YOUNGSTER,WARREN,EVENT_BEAT_YOUNGSTER_WARREN,trainer,10,7,route,8,Route 3
Route3,Route3.asm,35,TrainerYoungsterJimmy,YOUNGSTER,JIMMY,EVENT_BEAT_YOUNGSTER_JIMMY,trainer,16,3,route,8,Route 3
Route3,Route3.asm,46,TrainerFirebreatherBurt,FIREBREATHER,BURT,EVENT_BEAT_FIREBREATHER_BURT,trainer,49,5,route,8,Route 3
Route30,Route30.asm,40,TrainerYoungsterJoey,YOUNGSTER,JOEY1,EVENT_BEAT_YOUNGSTER_JOEY,trainer,2,28,route,57,Route 30
Route30,Route30.asm,90,TrainerYoungsterJoey,YOUNGSTER,JOEY1,,loadtrainer,,,route,57,Route 30
Route30,Route30.asm,187,TrainerYoungsterMikey,YOUNGSTER,MIKEY,EVENT_BEAT_YOUNGSTER_MIKEY,trainer,5,23,route,57,Route 30
Route30,Route30.asm,198,TrainerBugCatcherDon,BUG_CATCHER,DON,EVENT_BEAT_BUG_CATCHER_DON,trainer,1,7,route,57,Route 30
Route31,Route31.asm,26,TrainerBugCatcherWade1,BUG_CATCHER,WADE1,EVENT_BEAT_BUG_CATCHER_WADE,trainer,21,13,route,58,Route 31
Route31,Route31.asm,78,TrainerBugCatcherWade1,BUG_CATCHER,WADE1,,loadtrainer,,,route,58,Route 31
Route32,Route32.asm,145,TrainerCamperRoland,CAMPER,ROLAND,EVENT_BEAT_CAMPER_ROLAND,trainer,3,45,route,62,Route 32
Route32,Route32.asm,156,TrainerFisherJustin,FISHER,JUSTIN,EVENT_BEAT_FISHER_JUSTIN,trainer,8,49,route,62,Route 32
Route32,Route32.asm,167,TrainerFisherRalph1,FISHER,RALPH1,EVENT_BEAT_FISHER_RALPH,trainer,12,56,route,62,Route 32
Route32,Route32.asm,219,TrainerFisherRalph1,FISHER,RALPH1,,loadtrainer,,,route,62,Route 32
Route32,Route32.asm,292,TrainerFisherHenry,FISHER,HENRY,EVENT_BEAT_FISHER_HENRY,trainer,6,48,route,62,Route 32
Route32,Route32.asm,303,TrainerPicnickerLiz1,PICNICKER,LIZ1,EVENT_BEAT_PICNICKER_LIZ,trainer,10,30,route,62,Route 32
Route32,Route32.asm,353,TrainerPicnickerLiz1,PICNICKER,LIZ1,,loadtrainer,,,route,62,Route 32
Route32,Route32.asm,420,TrainerYoungsterAlbert,YOUNGSTER,ALBERT,EVENT_BEAT_YOUNGSTER_ALBERT,trainer,12,22,route,62,Route 32
Route32,Route32.asm,431,TrainerYoungsterGordon,YOUNGSTER,GORDON,EVENT_BEAT_YOUNGSTER_GORDON,trainer,4,63,route,62,Route 32
Route32,Route32.asm,442,TrainerBirdKeeperPeter,BIRD_KEEPER,PETER,EVENT_BEAT_BIRD_KEEPER_PETER,trainer,11,82,route,62,Route 32
Route33,Route33.asm,15,TrainerHikerAnthony,HIKER,ANTHONY2,EVENT_BEAT_HIKER_ANTHONY,trainer,6,13,route,65,Route 33
Route33,Route33.asm,67,TrainerHikerAnthony,HIKER,ANTHONY2,,loadtrainer,,,route,65,Route 33
Route34,Route34.asm,89,TrainerCamperTodd1,CAMPER,TODD1,EVENT_BEAT_CAMPER_TODD,trainer,13,7,route,69,Route 34
Route34,Route34.asm,141,TrainerCamperTodd1,CAMPER,TODD1,,loadtrainer,,,route,69,Route 34
Route34,Route34.asm,214,TrainerPicnickerGina1,PICNICKER,GINA1,EVENT_BEAT_PICNICKER_GINA,trainer,10,26,route,69,Route 34
Route34,Route34.asm,266,TrainerPicnickerGina1,PICNICKER,GINA1,,loadtrainer,,,route,69,Route 34
Route34,Route34.asm,383,TrainerYoungsterSamuel,YOUNGSTER,SAMUEL,EVENT_BEAT_YOUNGSTER_SAMUEL,trainer,15,32,route,69,Route 34
Route34,Route34.asm,394,TrainerYoungsterIan,YOUNGSTER,IAN,EVENT_BEAT_YOUNGSTER_IAN,trainer,11,20,route,69,Route 34
Route34,Route34.asm,405,TrainerPokefanmBrandon,POKEFANM,BRANDON,EVENT_BEAT_POKEFANM_BRANDON,trainer,18,28,route,69,Route 34
Route34,Route34.asm,416,TrainerCooltrainerfIrene,COOLTRAINERF,IRENE,EVENT_BEAT_COOLTRAINERF_IRENE,trainer,11,48,route,69,Route 34
Route34,Route34.asm,435,TrainerCooltrainerfJenn,COOLTRAINERF,JENN,EVENT_BEAT_COOLTRAINERF_JENN,trainer,3,48,route,69,Route 34
Route34,Route34.asm,454,TrainerCooltrainerfKate,COOLTRAINERF,KATE,EVENT_BEAT_COOLTRAINERF_KATE,trainer,6,51,route,69,Route 34
Route35,Route35.asm,20,TrainerBirdKeeperBryan,BIRD_KEEPER,BRYAN,EVENT_BEAT_BIRD_KEEPER_BRYAN,trainer,14,28,route,71,Route 35
Route35,Route35.asm,31,TrainerJugglerIrwin,JUGGLER,IRWIN1,EVENT_BEAT_JUGGLER_IRWIN,trainer,5,10,route,71,Route 35
Route35,Route35.asm,86,TrainerCamperIvan,CAMPER,IVAN,EVENT_BEAT_CAMPER_IVAN,trainer,4,19,route,71,Route 35
Route35,Route35.asm,97,TrainerCamperElliot,CAMPER,ELLIOT,EVENT_BEAT_CAMPER_ELLIOT,trainer,8,20,route,71,Route 35
Route35,Route35.asm,108,TrainerPicnickerBrooke,PICNICKER,BROOKE,EVENT_BEAT_PICNICKER_BROOKE,trainer,7,20,route,71,Route 35
Route35,Route35.asm,119,TrainerPicnickerKim,PICNICKER,KIM,EVENT_BEAT_PICNICKER_KIM,trainer,10,26,route,71,Route 35
Route35,Route35.asm,130,TrainerBugCatcherArnie,BUG_CATCHER,ARNIE1,EVENT_BEAT_BUG_CATCHER_ARNIE,trainer,16,7,route,71,Route 35
Route35,Route35.asm,182,TrainerBugCatcherArnie,BUG_CATCHER,ARNIE1,,loadtrainer,,,route,71,Route 35
Route35,Route35.asm,227,TrainerFirebreatherWalt,FIREBREATHER,WALT,EVENT_BEAT_FIREBREATHER_WALT,trainer,2,10,route,71,Route 35
Route36,Route36.asm,168,TrainerSchoolboyAlan1,SCHOOLBOY,ALAN1,EVENT_BEAT_SCHOOLBOY_ALAN,trainer,31,14,route,73,Route 36
Route36,Route36.asm,220,TrainerSchoolboyAlan1,SCHOOLBOY,ALAN1,,loadtrainer,,,route,73,Route 36
Route36,Route36.asm,306,TrainerPsychicMark,PSYCHIC_T,MARK,EVENT_BEAT_PSYCHIC_MARK,trainer,20,13,route,73,Route 36
Route37,Route37.asm,27,TrainerTwinsAnnandanne1,TWINS,ANNANDANNE1,EVENT_BEAT_TWINS_ANN_AND_ANNE,trainer,6,12,route,74,Route 37
Route37,Route37.asm,38,TrainerTwinsAnnandanne2,TWINS,ANNANDANNE2,EVENT_BEAT_TWINS_ANN_AND_ANNE,trainer,7,12,route,74,Route 37
Route37,Route37.asm,49,TrainerPsychicGreg,PSYCHIC_T,GREG,EVENT_BEAT_PSYCHIC_GREG,trainer,6,6,route,74,Route 37
Route38,Route38.asm,16,TrainerBirdKeeperToby,BIRD_KEEPER,TOBY,EVENT_BEAT_BIRD_KEEPER_TOBY,trainer,12,15,route,78,Route 38
Route38,Route38.asm,27,TrainerSailorHarry,SAILOR,HARRY,EVENT_BEAT_SAILOR_HARRY,trainer,24,5,route,78,Route 38
Route38,Route38.asm,38,TrainerLassDana1,LASS,DANA1,EVENT_BEAT_LASS_DANA,trainer,15,3,route,78,Route 38
Route38,Route38.asm,90,TrainerLassDana1,LASS,DANA1,,loadtrainer,,,route,78,Route 38
Route38,Route38.asm,176,TrainerSchoolboyChad1,SCHOOLBOY,CHAD1,EVENT_BEAT_SCHOOLBOY_CHAD,trainer,4,1,route,78,Route 38
Route38,Route38.asm,226,TrainerSchoolboyChad1,SCHOOLBOY,CHAD1,,loadtrainer,,,route,78,Route 38
Route38,Route38.asm,293,TrainerBeautyValerie,BEAUTY,VALERIE,EVENT_BEAT_BEAUTY_VALERIE,trainer,19,9,route,78,Route 38
Route38,Route38.asm,304,TrainerBeautyOlivia,BEAUTY,OLIVIA,EVENT_BEAT_BEAUTY_OLIVIA,trainer,5,8,route,78,Route 38
Route39,Route39.asm,27,TrainerPokefanmDerek,POKEFANM,DEREK1,EVENT_BEAT_POKEFANM_DEREK,trainer,10,22,route,79,Route 39
Route39,Route39.asm,106,TrainerPokefanfRuth,POKEFANF,RUTH,EVENT_BEAT_POKEFANF_RUTH,trainer,11,19,route,79,Route 39
Route39,Route39.asm,117,TrainerSailorEugene,SAILOR,EUGENE,EVENT_BEAT_SAILOR_EUGENE,trainer,13,29,route,79,Route 39
Route39,Route39.asm,128,TrainerPsychicNorman,PSYCHIC_T,NORMAN,EVENT_BEAT_PSYCHIC_NORMAN,trainer,13,7,route,79,Route 39
Route4,Route4.asm,13,TrainerBirdKeeperHank,BIRD_KEEPER,HANK,EVENT_BEAT_BIRD_KEEPER_HANK,trainer,17,9,route,9,Route 4
Route4,Route4.asm,24,TrainerPicnickerHope,PICNICKER,HOPE,EVENT_BEAT_PICNICKER_HOPE,trainer,9,8,route,9,Route 4
Route4,Route4.asm,35,TrainerPicnickerSharon,PICNICKER,SHARON,EVENT_BEAT_PICNICKER_SHARON,trainer,21,6,route,9,Route 4
Route40,Route40.asm,33,TrainerSwimmerfElaine,SWIMMERF,ELAINE,EVENT_BEAT_SWIMMERF_ELAINE,trainer,3,19,route,81,Route 40
Route40,Route40.asm,44,TrainerSwimmerfPaula,SWIMMERF,PAULA,EVENT_BEAT_SWIMMERF_PAULA,trainer,10,25,route,81,Route 40
Route40,Route40.asm,55,TrainerSwimmermSimon,SWIMMERM,SIMON,EVENT_BEAT_SWIMMERM_SIMON,trainer,14,15,route,81,Route 40
Route40,Route40.asm,66,TrainerSwimmermRandall,SWIMMERM,RANDALL,EVENT_BEAT_SWIMMERM_RANDALL,trainer,18,30,route,81,Route 40
Route41,Route41.asm,19,TrainerSwimmerfKaylee,SWIMMERF,KAYLEE,EVENT_BEAT_SWIMMERF_KAYLEE,trainer,17,4,route,82,Route 41
Route41,Route41.asm,30,TrainerSwimmerfSusie,SWIMMERF,SUSIE,EVENT_BEAT_SWIMMERF_SUSIE,trainer,23,19,route,82,Route 41
Route41,Route41.asm,41,TrainerSwimmerfDenise,SWIMMERF,DENISE,EVENT_BEAT_SWIMMERF_DENISE,trainer,27,34,route,82,Route 41
Route41,Route41.asm,52,TrainerSwimmerfKara,SWIMMERF,KARA,EVENT_BEAT_SWIMMERF_KARA,trainer,44,28,route,82,Route 41
Route41,Route41.asm,63,TrainerSwimmerfWendy,SWIMMERF,WENDY,EVENT_BEAT_SWIMMERF_WENDY,trainer,9,50,route,82,Route 41
Route41,Route41.asm,74,TrainerSwimmermCharlie,SWIMMERM,CHARLIE,EVENT_BEAT_SWIMMERM_CHARLIE,trainer,32,6,route,82,Route 41
Route41,Route41.asm,85,TrainerSwimmermGeorge,SWIMMERM,GEORGE,EVENT_BEAT_SWIMMERM_GEORGE,trainer,46,8,route,82,Route 41
Route41,Route41.asm,96,TrainerSwimmermBerke,SWIMMERM,BERKE,EVENT_BEAT_SWIMMERM_BERKE,trainer,20,26,route,82,Route 41
Route41,Route41.asm,107,TrainerSwimmermKirk,SWIMMERM,KIRK,EVENT_BEAT_SWIMMERM_KIRK,trainer,32,30,route,82,Route 41
Route41,Route41.asm,118,TrainerSwimmermMathew,SWIMMERM,MATHEW,EVENT_BEAT_SWIMMERM_MATHEW,trainer,19,46,route,82,Route 41
Route42,Route42.asm,38,TrainerFisherTully,FISHER,TULLY1,EVENT_BEAT_FISHER_TULLY,trainer,40,10,route,85,Route 42
Route42,Route42.asm,86,TrainerFisherTully,FISHER,TULLY1,,loadtrainer,,,route,85,Route 42
Route42,Route42.asm,164,TrainerPokemaniacShane,POKEMANIAC,SHANE,EVENT_BEAT_POKEMANIAC_SHANE,trainer,47,8,route,85,Route 42
Route42,Route42.asm,175,TrainerHikerBenjamin,HIKER,BENJAMIN,EVENT_BEAT_HIKER_BENJAMIN,trainer,51,9,route,85,Route 42
Route43,Route43.asm,28,TrainerCamperSpencer,CAMPER,SPENCER,EVENT_BEAT_CAMPER_SPENCER,trainer,13,40,route,87,Route 43
Route43,Route43.asm,39,TrainerPokemaniacBen,POKEMANIAC,BEN,EVENT_BEAT_POKEMANIAC_BEN,trainer,13,5,route,87,Route 43
Route43,Route43.asm,50,TrainerPokemaniacBrent,POKEMANIAC,BRENT1,EVENT_BEAT_POKEMANIAC_BRENT,trainer,13,20,route,87,Route 43
Route43,Route43.asm,96,TrainerPokemaniacBrent,POKEMANIAC,BRENT1,,loadtrainer,,,route,87,Route 43
Route43,Route43.asm,155,TrainerPokemaniacRon,POKEMANIAC,RON,EVENT_BEAT_POKEMANIAC_RON,trainer,14,7,route,87,Route 43
Route43,Route43.asm,166,TrainerFisherMarvin,FISHER,MARVIN,EVENT_BEAT_FISHER_MARVIN,trainer,4,16,route,87,Route 43
Route43,Route43.asm,177,TrainerPicnickerTiffany,PICNICKER,TIFFANY3,EVENT_BEAT_PICNICKER_TIFFANY,trainer,9,25,route,87,Route 43
Route43,Route43.asm,227,TrainerPicnickerTiffany,PICNICKER,TIFFANY3,,loadtrainer,,,route,87,Route 43
Route44,Route44.asm,20,TrainerBirdKeeperVance1,BIRD_KEEPER,VANCE1,EVENT_BEAT_BIRD_KEEPER_VANCE,trainer,51,5,route,90,Route 44
Route44,Route44.asm,62,TrainerBirdKeeperVance1,BIRD_KEEPER,VANCE1,,loadtrainer,,,route,90,Route 44
Route44,Route44.asm,151,TrainerPsychicPhil,PSYCHIC_T,PHIL,EVENT_BEAT_PSYCHIC_PHIL,trainer,10,9,route,90,Route 44
Route44,Route44.asm,162,TrainerFisherWilton1,FISHER,WILTON1,EVENT_BEAT_FISHER_WILTON,trainer,35,3,route,90,Route 44
Route44,Route44.asm,206,TrainerFisherWilton1,FISHER,WILTON1,,loadtrainer,,,route,90,Route 44
Route44,Route44.asm,257,TrainerFisherEdgar,FISHER,EDGAR,EVENT_BEAT_FISHER_EDGAR,trainer,19,13,route,90,Route 44
Route44,Route44.asm,268,TrainerCooltrainerfCybil,COOLTRAINERF,CYBIL,EVENT_BEAT_COOLTRAINERF_CYBIL,trainer,31,14,route,90,Route 44
Route44,Route44.asm,279,TrainerPokemaniacZach,POKEMANIAC,ZACH,EVENT_BEAT_POKEMANIAC_ZACH,trainer,43,2,route,90,Route 44
Route44,Route44.asm,290,TrainerCooltrainermAllen,COOLTRAINERM,ALLEN,EVENT_BEAT_COOLTRAINERM_ALLEN,trainer,41,15,route,90,Route 44
Route45,Route45.asm,22,TrainerBlackbeltKenji,BLACKBELT_T,KENJI3,EVENT_BEAT_BLACKBELT_KENJI,trainer,11,50,route,94,Route 45
Route45,Route45.asm,126,TrainerHikerErik,HIKER,ERIK,EVENT_BEAT_HIKER_ERIK,trainer,10,16,route,94,Route 45
Route45,Route45.asm,137,TrainerHikerMichael,HIKER,MICHAEL,EVENT_BEAT_HIKER_MICHAEL,trainer,15,65,route,94,Route 45
Route45,Route45.asm,148,TrainerHikerParry,HIKER,PARRY3,EVENT_BEAT_HIKER_PARRY,trainer,5,28,route,94,Route 45
Route45,Route45.asm,190,TrainerHikerParry,HIKER,PARRY3,,loadtrainer,,,route,94,Route 45
Route45,Route45.asm,234,TrainerHikerTimothy,HIKER,TIMOTHY,EVENT_BEAT_HIKER_TIMOTHY,trainer,9,65,route,94,Route 45
Route45,Route45.asm,245,TrainerCooltrainermRyan,COOLTRAINERM,RYAN,EVENT_BEAT_COOLTRAINERM_RYAN,trainer,17,18,route,94,Route 45
Route45,Route45.asm,256,TrainerCooltrainerfKelly,COOLTRAINERF,KELLY,EVENT_BEAT_COOLTRAINERF_KELLY,trainer,5,36,route,94,Route 45
Route46,Route46.asm,15,TrainerCamperTed,CAMPER,TED,EVENT_BEAT_CAMPER_TED,trainer,4,14,route,95,Route 46
Route46,Route46.asm,26,TrainerPicnickerErin1,PICNICKER,ERIN1,EVENT_BEAT_PICNICKER_ERIN,trainer,2,13,route,95,Route 46
Route46,Route46.asm,68,TrainerPicnickerErin1,PICNICKER,ERIN1,,loadtrainer,,,route,95,Route 46
Route46,Route46.asm,149,TrainerHikerBailey,HIKER,BAILEY,EVENT_BEAT_HIKER_BAILEY,trainer,12,19,route,95,Route 46
Route6,Route6.asm,12,TrainerPokefanmRex,POKEFANM,REX,EVENT_BEAT_POKEFANM_REX,trainer,9,12,route,15,Route 6
Route6,Route6.asm,23,TrainerPokefanmAllan,POKEFANM,ALLAN,EVENT_BEAT_POKEFANM_ALLAN,trainer,10,12,route,15,Route 6
Route8,Route8.asm,15,TrainerBikerDwayne,BIKER,DWAYNE,EVENT_BEAT_BIKER_DWAYNE,trainer,10,8,route,24,Route 8
Route8,Route8.asm,26,TrainerBikerHarris,BIKER,HARRIS,EVENT_BEAT_BIKER_HARRIS,trainer,10,9,route,24,Route 8
Route8,Route8.asm,37,TrainerBikerZeke,BIKER,ZEKE,EVENT_BEAT_BIKER_ZEKE,trainer,10,10,route,24,Route 8
Route8,Route8.asm,48,TrainerSupernerdSam,SUPER_NERD,SAM,EVENT_BEAT_SUPER_NERD_SAM,trainer,23,2,route,24,Route 8
Route8,Route8.asm,59,TrainerSupernerdTom,SUPER_NERD,TOM,EVENT_BEAT_SUPER_NERD_TOM,trainer,31,12,route,24,Route 8
Route9,Route9.asm,15,TrainerCamperDean,CAMPER,DEAN,EVENT_BEAT_CAMPER_DEAN,trainer,23,11,route,19,Route 9
Route9,Route9.asm,26,TrainerPicnickerHeidi,PICNICKER,HEIDI,EVENT_BEAT_PICNICKER_HEIDI,trainer,39,8,route,19,Route 9
Route9,Route9.asm,37,TrainerCamperSid,CAMPER,SID,EVENT_BEAT_CAMPER_SID,trainer,11,4,route,19,Route 9
Route9,Route9.asm,48,TrainerPicnickerEdna,PICNICKER,EDNA,EVENT_BEAT_PICNICKER_EDNA,trainer,12,15,route,19,Route 9
Route9,Route9.asm,59,TrainerHikerTim,HIKER,TIM,EVENT_BEAT_HIKER_TIM,trainer,28,3,route,19,Route 9
Route9,Route9.asm,70,TrainerHikerSidney,HIKER,SIDNEY,EVENT_BEAT_HIKER_SIDNEY,trainer,36,15,route,19,Route 9
RuinsOfAlphOutside,RuinsOfAlphOutside.asm,103,TrainerPsychicNathan,PSYCHIC_T,NATHAN,EVENT_BEAT_PSYCHIC_NATHAN,trainer,4,20,manual,63,Ruins of Alph
RuinsOfAlphOutside,RuinsOfAlphOutside.asm,114,TrainerSuperNerdStan,SUPER_NERD,STAN,EVENT_BEAT_SUPER_NERD_STAN,trainer,,,manual,63,Ruins of Alph
SaffronGym,SaffronGym.asm,48,TrainerMediumRebecca,MEDIUM,REBECCA,EVENT_BEAT_MEDIUM_REBECCA,trainer,17,16,canon_not_in_event,27,Saffron City
SaffronGym,SaffronGym.asm,59,TrainerPsychicFranklin,PSYCHIC_T,FRANKLIN,EVENT_BEAT_PSYCHIC_FRANKLIN,trainer,3,16,canon_not_in_event,27,Saffron City
SaffronGym,SaffronGym.asm,70,TrainerMediumDoris,MEDIUM,DORIS,EVENT_BEAT_MEDIUM_DORIS,trainer,3,4,canon_not_in_event,27,Saffron City
SaffronGym,SaffronGym.asm,81,TrainerPsychicJared,PSYCHIC_T,JARED,EVENT_BEAT_PSYCHIC_JARED,trainer,17,4,canon_not_in_event,27,Saffron City
SlowpokeWellB1F,SlowpokeWellB1F.asm,21,TrainerGruntM29,GRUNTM,GRUNTM_29,EVENT_BEAT_ROCKET_GRUNTM_29,trainer,15,7,manual,67,Slowpoke Well
SlowpokeWellB1F,SlowpokeWellB1F.asm,32,TrainerGruntM1,GRUNTM,GRUNTM_1,EVENT_BEAT_ROCKET_GRUNTM_1,trainer,5,2,manual,67,Slowpoke Well
SlowpokeWellB1F,SlowpokeWellB1F.asm,75,TrainerGruntM2,GRUNTM,GRUNTM_2,EVENT_BEAT_ROCKET_GRUNTM_2,trainer,5,6,manual,67,Slowpoke Well
SlowpokeWellB1F,SlowpokeWellB1F.asm,86,TrainerGruntF1,GRUNTF,GRUNTF_1,EVENT_BEAT_ROCKET_GRUNTF_1,trainer,10,4,manual,67,Slowpoke Well
SproutTower1F,SproutTower1F.asm,27,TrainerSageChow,SAGE,CHOW,EVENT_BEAT_SAGE_CHOW,trainer,3,5,manual,61,Sprout Tower
SproutTower2F,SproutTower2F.asm,12,TrainerSageNico,SAGE,NICO,EVENT_BEAT_SAGE_NICO,trainer,12,3,manual,61,Sprout Tower
SproutTower2F,SproutTower2F.asm,23,TrainerSageEdmond,SAGE,EDMOND,EVENT_BEAT_SAGE_EDMOND,trainer,9,14,manual,61,Sprout Tower
SproutTower3F,SproutTower3F.asm,94,TrainerSageJin,SAGE,JIN,EVENT_BEAT_SAGE_JIN,trainer,8,13,manual,61,Sprout Tower
SproutTower3F,SproutTower3F.asm,105,TrainerSageTroy,SAGE,TROY,EVENT_BEAT_SAGE_TROY,trainer,8,8,manual,61,Sprout Tower
SproutTower3F,SproutTower3F.asm,116,TrainerSageNeal,SAGE,NEAL,EVENT_BEAT_SAGE_NEAL,trainer,11,11,manual,61,Sprout Tower
TeamRocketBaseB1F,TeamRocketBaseB1F.asm,482,TrainerScientistJed,SCIENTIST,JED,EVENT_BEAT_SCIENTIST_JED,trainer,18,12,manual,89,Rocket Hideout
TeamRocketBaseB1F,TeamRocketBaseB1F.asm,493,TrainerGruntM16,GRUNTM,GRUNTM_16,EVENT_BEAT_ROCKET_GRUNTM_16,trainer,2,4,manual,89,Rocket Hideout
TeamRocketBaseB2F,TeamRocketBaseB2F.asm,190,TrainerGruntM17,GRUNTM,GRUNTM_17,EVENT_BEAT_ROCKET_GRUNTM_17,trainer,25,13,manual,89,Rocket Hideout
TeamRocketBaseB2F,TeamRocketBaseB2F.asm,201,TrainerGruntM18,GRUNTM,GRUNTM_18,EVENT_BEAT_ROCKET_GRUNTM_18,trainer,4,1,manual,89,Rocket Hideout
TeamRocketBaseB2F,TeamRocketBaseB2F.asm,212,TrainerGruntM19,GRUNTM,GRUNTM_19,EVENT_BEAT_ROCKET_GRUNTM_19,trainer,21,14,manual,89,Rocket Hideout
TeamRocketBaseB3F,TeamRocketBaseB3F.asm,129,SlowpokeTailGrunt,GRUNTF,GRUNTF_5,EVENT_BEAT_ROCKET_GRUNTF_5,trainer,21,7,manual,89,Rocket Hideout
TeamRocketBaseB3F,TeamRocketBaseB3F.asm,141,RaticateTailGrunt,GRUNTM,GRUNTM_28,EVENT_BEAT_ROCKET_GRUNTM_28,trainer,5,14,manual,89,Rocket Hideout
TeamRocketBaseB3F,TeamRocketBaseB3F.asm,153,TrainerScientistRoss,SCIENTIST,ROSS,EVENT_BEAT_SCIENTIST_ROSS,trainer,23,11,manual,89,Rocket Hideout
TeamRocketBaseB3F,TeamRocketBaseB3F.asm,164,TrainerScientistMitch,SCIENTIST,MITCH,EVENT_BEAT_SCIENTIST_MITCH,trainer,11,15,manual,89,Rocket Hideout
UnionCave1F,UnionCave1F.asm,18,TrainerPokemaniacLarry,POKEMANIAC,LARRY,EVENT_BEAT_POKEMANIAC_LARRY,trainer,4,21,manual,64,Union Cave
UnionCave1F,UnionCave1F.asm,29,TrainerHikerRussell,HIKER,RUSSELL,EVENT_BEAT_HIKER_RUSSELL,trainer,11,8,manual,64,Union Cave
UnionCave1F,UnionCave1F.asm,40,TrainerHikerDaniel,HIKER,DANIEL,EVENT_BEAT_HIKER_DANIEL,trainer,3,6,manual,64,Union Cave
UnionCave1F,UnionCave1F.asm,51,TrainerFirebreatherBill,FIREBREATHER,BILL,EVENT_BEAT_FIREBREATHER_BILL,trainer,14,19,manual,64,Union Cave
UnionCave1F,UnionCave1F.asm,62,TrainerFirebreatherRay,FIREBREATHER,RAY,EVENT_BEAT_FIREBREATHER_RAY,trainer,15,27,manual,64,Union Cave
UnionCaveB1F,UnionCaveB1F.asm,16,TrainerPokemaniacAndrew,POKEMANIAC,ANDREW,EVENT_BEAT_POKEMANIAC_ANDREW,trainer,5,32,manual,64,Union Cave
UnionCaveB1F,UnionCaveB1F.asm,27,TrainerPokemaniacCalvin,POKEMANIAC,CALVIN,EVENT_BEAT_POKEMANIAC_CALVIN,trainer,17,30,manual,64,Union Cave
UnionCaveB1F,UnionCaveB1F.asm,38,TrainerHikerPhillip,HIKER,PHILLIP,EVENT_BEAT_HIKER_PHILLIP,trainer,9,4,manual,64,Union Cave
UnionCaveB1F,UnionCaveB1F.asm,49,TrainerHikerLeonard,HIKER,LEONARD,EVENT_BEAT_HIKER_LEONARD,trainer,16,7,manual,64,Union Cave
UnionCaveB2F,UnionCaveB2F.asm,39,TrainerCooltrainermNick,COOLTRAINERM,NICK,EVENT_BEAT_COOLTRAINERM_NICK,trainer,15,19,manual,64,Union Cave
UnionCaveB2F,UnionCaveB2F.asm,50,TrainerCooltrainerfGwen,COOLTRAINERF,GWEN,EVENT_BEAT_COOLTRAINERF_GWEN,trainer,5,13,manual,64,Union Cave
UnionCaveB2F,UnionCaveB2F.asm,61,TrainerCooltrainerfEmma,COOLTRAINERF,EMMA,EVENT_BEAT_COOLTRAINERF_EMMA,trainer,3,30,manual,64,Union Cave
VermilionGym,VermilionGym.asm,46,TrainerGentlemanGregory,GENTLEMAN,GREGORY,EVENT_BEAT_GENTLEMAN_GREGORY,trainer,8,8,manual,16,Vermilion City
VermilionGym,VermilionGym.asm,57,TrainerGuitaristVincent,GUITARIST,VINCENT,EVENT_BEAT_GUITARIST_VINCENT,trainer,4,7,manual,16,Vermilion City
VermilionGym,VermilionGym.asm,68,TrainerJugglerHorton,JUGGLER,HORTON,EVENT_BEAT_JUGGLER_HORTON,trainer,0,10,manual,16,Vermilion City
VioletGym,VioletGym.asm,68,TrainerBirdKeeperRod,BIRD_KEEPER,ROD,EVENT_BEAT_BIRD_KEEPER_ROD,trainer,7,6,manual,60,Violet City
VioletGym,VioletGym.asm,79,TrainerBirdKeeperAbe,BIRD_KEEPER,ABE,EVENT_BEAT_BIRD_KEEPER_ABE,trainer,2,10,manual,60,Violet City
WiseTriosRoom,WiseTriosRoom.asm,70,TrainerSageGaku,SAGE,GAKU,EVENT_BEAT_SAGE_GAKU,trainer,4,2,manual,75,Ecruteak City
WiseTriosRoom,WiseTriosRoom.asm,80,TrainerSageMasa,SAGE,MASA,EVENT_BEAT_SAGE_MASA,trainer,4,6,manual,75,Ecruteak City
WiseTriosRoom,WiseTriosRoom.asm,90,TrainerSageKoji,SAGE,KOJI,EVENT_BEAT_SAGE_KOJI,trainer,6,4,manual,75,Ecruteak City
AzaleaGym,AzaleaGym.asm,24,AzaleaGymBugsyScript,BUGSY,BUGSY1,,loadtrainer,,,manual,66,Azalea Town
AzaleaTown,AzaleaTown.asm,69,AzaleaTownRivalBattleScript,RIVAL1,RIVAL1_2_TOTODILE,,loadtrainer,,,direct,66,Azalea Town
AzaleaTown,AzaleaTown.asm,78,AzaleaTownRivalBattleScript,RIVAL1,RIVAL1_2_CHIKORITA,,loadtrainer,,,direct,66,Azalea Town
AzaleaTown,AzaleaTown.asm,87,AzaleaTownRivalBattleScript,RIVAL1,RIVAL1_2_CYNDAQUIL,,loadtrainer,,,direct,66,Azalea Town
BlackthornGym1F,BlackthornGym1F.asm,40,BlackthornGymClairScript,CLAIR,CLAIR1,,loadtrainer,,,manual,92,Blackthorn City
BrunosRoom,BrunosRoom.asm,52,BrunoScript_Battle,BRUNO,BRUNO1,,loadtrainer,,,manual,48,Victory Road
BurnedTower1F,BurnedTower1F.asm,69,BurnedTowerRivalBattleScript,RIVAL1,RIVAL1_3_TOTODILE,,loadtrainer,,,manual,76,Burned Tower
BurnedTower1F,BurnedTower1F.asm,78,BurnedTowerRivalBattleScript,RIVAL1,RIVAL1_3_CHIKORITA,,loadtrainer,,,manual,76,Burned Tower
BurnedTower1F,BurnedTower1F.asm,87,BurnedTowerRivalBattleScript,RIVAL1,RIVAL1_3_CYNDAQUIL,,loadtrainer,,,manual,76,Burned Tower
CeladonGym,CeladonGym.asm,23,CeladonGymErikaScript,ERIKA,ERIKA1,,loadtrainer,,,canon_not_in_event,26,Celadon City
CeruleanGym,CeruleanGym.asm,68,CeruleanGymMistyScript,MISTY,MISTY1,,loadtrainer,,,manual,11,Cerulean City
CherrygroveCity,CherrygroveCity.asm,122,CherrygroveRivalSceneNorth,RIVAL1,RIVAL1_1_TOTODILE,,loadtrainer,,,direct,56,Cherrygrove City
CherrygroveCity,CherrygroveCity.asm,133,CherrygroveRivalSceneNorth,RIVAL1,RIVAL1_1_CHIKORITA,,loadtrainer,,,direct,56,Cherrygrove City
CherrygroveCity,CherrygroveCity.asm,144,CherrygroveRivalSceneNorth,RIVAL1,RIVAL1_1_CYNDAQUIL,,loadtrainer,,,direct,56,Cherrygrove City
CianwoodCity,CianwoodCity.asm,65,CianwoodCitySuicuneAndEusine,MYSTICALMAN,EUSINE,,loadtrainer,,,direct,84,Cianwood City
CianwoodGym,CianwoodGym.asm,41,CianwoodGymChuckScript,CHUCK,CHUCK1,,loadtrainer,,,manual,84,Cianwood City
EcruteakGym,EcruteakGym.asm,33,EcruteakGymMortyScript,MORTY,MORTY1,,loadtrainer,,,manual,75,Ecruteak City
FastShipCabins_NNW_NNE_NE,FastShipCabins_NNW_NNE_NE.asm,89,FastShipLazySailorScript,SAILOR,STANLY,,loadtrainer,,,manual,16,Vermilion City
FuchsiaGym,FuchsiaGym.asm,24,FuchsiaGymJanineScript,JANINE,JANINE1,,loadtrainer,,,manual,32,Fuschia City
FuchsiaGym,FuchsiaGym.asm,76,LassAliceScript,LASS,ALICE,,loadtrainer,,,manual,32,Fuschia City
FuchsiaGym,FuchsiaGym.asm,110,LassLindaScript,LASS,LINDA,,loadtrainer,,,manual,32,Fuschia City
FuchsiaGym,FuchsiaGym.asm,144,PicnickerCindyScript,PICNICKER,CINDY,,loadtrainer,,,manual,32,Fuschia City
FuchsiaGym,FuchsiaGym.asm,178,CamperBarryScript,CAMPER,BARRY,,loadtrainer,,,manual,32,Fuschia City
GoldenrodGym,GoldenrodGym.asm,31,GoldenrodGymWhitneyScript,WHITNEY,WHITNEY1,,loadtrainer,,,manual,70,Goldenrod City
GoldenrodUndergroundSwitchRoomEntrances,GoldenrodUndergroundSwitchRoomEntrances.asm,140,UndergroundRivalBattleScript,RIVAL1,RIVAL1_4_TOTODILE,,loadtrainer,,,manual,70,Goldenrod City
GoldenrodUndergroundSwitchRoomEntrances,GoldenrodUndergroundSwitchRoomEntrances.asm,149,UndergroundRivalBattleScript,RIVAL1,RIVAL1_4_CHIKORITA,,loadtrainer,,,manual,70,Goldenrod City
GoldenrodUndergroundSwitchRoomEntrances,GoldenrodUndergroundSwitchRoomEntrances.asm,158,UndergroundRivalBattleScript,RIVAL1,RIVAL1_4_CYNDAQUIL,,loadtrainer,,,manual,70,Goldenrod City
IndigoPlateauPokecenter1F,IndigoPlateauPokecenter1F.asm,98,PlateauRivalBattleCommon,RIVAL2,RIVAL2_2_TOTODILE,,loadtrainer,,,manual,48,Victory Road
IndigoPlateauPokecenter1F,IndigoPlateauPokecenter1F.asm,107,PlateauRivalBattleCommon,RIVAL2,RIVAL2_2_CHIKORITA,,loadtrainer,,,manual,48,Victory Road
IndigoPlateauPokecenter1F,IndigoPlateauPokecenter1F.asm,116,PlateauRivalBattleCommon,RIVAL2,RIVAL2_2_CYNDAQUIL,,loadtrainer,,,manual,48,Victory Road
KarensRoom,KarensRoom.asm,52,KarenScript_Battle,KAREN,KAREN1,,loadtrainer,,,manual,48,Victory Road
KogasRoom,KogasRoom.asm,52,KogaScript_Battle,KOGA,KOGA1,,loadtrainer,,,manual,48,Victory Road
LancesRoom,LancesRoom.asm,60,LancesRoomLanceScript,CHAMPION,LANCE,,loadtrainer,,,manual,48,Victory Road
MahoganyGym,MahoganyGym.asm,24,MahoganyGymPryceScript,PRYCE,PRYCE1,,loadtrainer,,,manual_missing,,
MountMoon,MountMoon.asm,35,MountMoonRivalBattleScript,RIVAL2,RIVAL2_1_TOTODILE,,loadtrainer,,,manual,10,Mt. Moon
MountMoon,MountMoon.asm,44,MountMoonRivalBattleScript,RIVAL2,RIVAL2_1_CHIKORITA,,loadtrainer,,,manual,10,Mt. Moon
MountMoon,MountMoon.asm,53,MountMoonRivalBattleScript,RIVAL2,RIVAL2_1_CYNDAQUIL,,loadtrainer,,,manual,10,Mt. Moon
MountMortarB1F,MountMortarB1F.asm,26,MountMortarB1FKiyoScript,BLACKBELT_T,KIYO,,loadtrainer,,,manual,86,Mt. Mortar
NationalPark,NationalPark.asm,131,TrainerSchoolboyJack1,SCHOOLBOY,JACK2,,loadtrainer,,,direct,72,National Park
NationalPark,NationalPark.asm,139,TrainerSchoolboyJack1,SCHOOLBOY,JACK3,,loadtrainer,,,direct,72,National Park
NationalPark,NationalPark.asm,147,TrainerSchoolboyJack1,SCHOOLBOY,JACK4,,loadtrainer,,,direct,72,National Park
NationalPark,NationalPark.asm,155,TrainerSchoolboyJack1,SCHOOLBOY,JACK5,,loadtrainer,,,direct,72,National Park
OlivineGym,OlivineGym.asm,19,OlivineGymJasmineScript,JASMINE,JASMINE1,,loadtrainer,,,manual,80,Olivine City
OlivineLighthouse2F,OlivineLighthouse2F.asm,74,TrainerSailorHuey,SAILOR,HUEY2,,loadtrainer,,,manual,80,Olivine City
OlivineLighthouse2F,OlivineLighthouse2F.asm,82,TrainerSailorHuey,SAILOR,HUEY3,,loadtrainer,,,manual,80,Olivine City
OlivineLighthouse2F,OlivineLighthouse2F.asm,90,TrainerSailorHuey,SAILOR,HUEY4,,loadtrainer,,,manual,80,Olivine City
PewterGym,PewterGym.asm,20,PewterGymBrockScript,BROCK,BROCK1,,loadtrainer,,,manual,54,Pewter City
RadioTower5F,RadioTower5F.asm,40,FakeDirectorScript,EXECUTIVEM,EXECUTIVEM_3,,loadtrainer,,,manual,70,Goldenrod City
RadioTower5F,RadioTower5F.asm,89,RadioTower5FRocketBossScript,EXECUTIVEM,EXECUTIVEM_1,,loadtrainer,,,manual,70,Goldenrod City
Route24,Route24.asm,17,Route24RocketScript,GRUNTM,GRUNTM_31,,loadtrainer,,,route,12,Route 24
Route25,Route25.asm,173,TrainerCooltrainermKevin,COOLTRAINERM,KEVIN,,loadtrainer,,,route,13,Route 25
Route26,Route26.asm,78,TrainerCooltrainermGaven3,COOLTRAINERM,GAVEN1,,loadtrainer,,,route,98,Route 26
Route26,Route26.asm,86,TrainerCooltrainermGaven3,COOLTRAINERM,GAVEN2,,loadtrainer,,,route,98,Route 26
Route26,Route26.asm,182,TrainerCooltrainerfBeth1,COOLTRAINERF,BETH2,,loadtrainer,,,route,98,Route 26
Route26,Route26.asm,190,TrainerCooltrainerfBeth1,COOLTRAINERF,BETH3,,loadtrainer,,,route,98,Route 26
Route27,Route27.asm,113,TrainerBirdKeeperJose2,BIRD_KEEPER,JOSE1,,loadtrainer,,,route,96,Route 27
Route27,Route27.asm,121,TrainerBirdKeeperJose2,BIRD_KEEPER,JOSE3,,loadtrainer,,,route,96,Route 27
Route27,Route27.asm,246,TrainerCooltrainerfReena,COOLTRAINERF,REENA2,,loadtrainer,,,route,96,Route 27
Route27,Route27.asm,254,TrainerCooltrainerfReena,COOLTRAINERF,REENA3,,loadtrainer,,,route,96,Route 27
Route30,Route30.asm,98,TrainerYoungsterJoey,YOUNGSTER,JOEY2,,loadtrainer,,,route,57,Route 30
Route30,Route30.asm,106,TrainerYoungsterJoey,YOUNGSTER,JOEY3,,loadtrainer,,,route,57,Route 30
Route30,Route30.asm,114,TrainerYoungsterJoey,YOUNGSTER,JOEY4,,loadtrainer,,,route,57,Route 30
Route30,Route30.asm,122,TrainerYoungsterJoey,YOUNGSTER,JOEY5,,loadtrainer,,,route,57,Route 30
Route31,Route31.asm,86,TrainerBugCatcherWade1,BUG_CATCHER,WADE2,,loadtrainer,,,route,58,Route 31
Route31,Route31.asm,94,TrainerBugCatcherWade1,BUG_CATCHER,WADE3,,loadtrainer,,,route,58,Route 31
Route31,Route31.asm,102,TrainerBugCatcherWade1,BUG_CATCHER,WADE4,,loadtrainer,,,route,58,Route 31
Route31,Route31.asm,110,TrainerBugCatcherWade1,BUG_CATCHER,WADE5,,loadtrainer,,,route,58,Route 31
Route32,Route32.asm,227,TrainerFisherRalph1,FISHER,RALPH2,,loadtrainer,,,route,62,Route 32
Route32,Route32.asm,235,TrainerFisherRalph1,FISHER,RALPH3,,loadtrainer,,,route,62,Route 32
Route32,Route32.asm,243,TrainerFisherRalph1,FISHER,RALPH4,,loadtrainer,,,route,62,Route 32
Route32,Route32.asm,251,TrainerFisherRalph1,FISHER,RALPH5,,loadtrainer,,,route,62,Route 32
Route32,Route32.asm,361,TrainerPicnickerLiz1,PICNICKER,LIZ2,,loadtrainer,,,route,62,Route 32
Route32,Route32.asm,369,TrainerPicnickerLiz1,PICNICKER,LIZ3,,loadtrainer,,,route,62,Route 32
Route32,Route32.asm,377,TrainerPicnickerLiz1,PICNICKER,LIZ4,,loadtrainer,,,route,62,Route 32
Route32,Route32.asm,385,TrainerPicnickerLiz1,PICNICKER,LIZ5,,loadtrainer,,,route,62,Route 32
Route33,Route33.asm,75,TrainerHikerAnthony,HIKER,ANTHONY1,,loadtrainer,,,route,65,Route 33
Route33,Route33.asm,83,TrainerHikerAnthony,HIKER,ANTHONY3,,loadtrainer,,,route,65,Route 33
Route33,Route33.asm,91,TrainerHikerAnthony,HIKER,ANTHONY4,,loadtrainer,,,route,65,Route 33
Route33,Route33.asm,99,TrainerHikerAnthony,HIKER,ANTHONY5,,loadtrainer,,,route,65,Route 33
Route34,Route34.asm,149,TrainerCamperTodd1,CAMPER,TODD2,,loadtrainer,,,route,69,Route 34
Route34,Route34.asm,157,TrainerCamperTodd1,CAMPER,TODD3,,loadtrainer,,,route,69,Route 34
Route34,Route34.asm,165,TrainerCamperTodd1,CAMPER,TODD4,,loadtrainer,,,route,69,Route 34
Route34,Route34.asm,173,TrainerCamperTodd1,CAMPER,TODD5,,loadtrainer,,,route,69,Route 34
Route34,Route34.asm,274,TrainerPicnickerGina1,PICNICKER,GINA2,,loadtrainer,,,route,69,Route 34
Route34,Route34.asm,282,TrainerPicnickerGina1,PICNICKER,GINA3,,loadtrainer,,,route,69,Route 34
Route34,Route34.asm,290,TrainerPicnickerGina1,PICNICKER,GINA4,,loadtrainer,,,route,69,Route 34
Route34,Route34.asm,298,TrainerPicnickerGina1,PICNICKER,GINA5,,loadtrainer,,,route,69,Route 34
Route34,Route34.asm,363,OfficerKeithScript,OFFICER,KEITH,,loadtrainer,,,route,69,Route 34
Route35,Route35.asm,190,TrainerBugCatcherArnie,BUG_CATCHER,ARNIE2,,loadtrainer,,,route,71,Route 35
Route35,Route35.asm,198,TrainerBugCatcherArnie,BUG_CATCHER,ARNIE3,,loadtrainer,,,route,71,Route 35
Route35,Route35.asm,206,TrainerBugCatcherArnie,BUG_CATCHER,ARNIE4,,loadtrainer,,,route,71,Route 35
Route35,Route35.asm,214,TrainerBugCatcherArnie,BUG_CATCHER,ARNIE5,,loadtrainer,,,route,71,Route 35
Route35,Route35.asm,249,TrainerOfficerDirk,OFFICER,DIRK,,loadtrainer,,,route,71,Route 35
Route36,Route36.asm,228,TrainerSchoolboyAlan1,SCHOOLBOY,ALAN2,,loadtrainer,,,route,73,Route 36
Route36,Route36.asm,236,TrainerSchoolboyAlan1,SCHOOLBOY,ALAN3,,loadtrainer,,,route,73,Route 36
Route36,Route36.asm,244,TrainerSchoolboyAlan1,SCHOOLBOY,ALAN4,,loadtrainer,,,route,73,Route 36
Route36,Route36.asm,252,TrainerSchoolboyAlan1,SCHOOLBOY,ALAN5,,loadtrainer,,,route,73,Route 36
Route38,Route38.asm,98,TrainerLassDana1,LASS,DANA2,,loadtrainer,,,route,78,Route 38
Route38,Route38.asm,106,TrainerLassDana1,LASS,DANA3,,loadtrainer,,,route,78,Route 38
Route38,Route38.asm,114,TrainerLassDana1,LASS,DANA4,,loadtrainer,,,route,78,Route 38
Route38,Route38.asm,122,TrainerLassDana1,LASS,DANA5,,loadtrainer,,,route,78,Route 38
Route38,Route38.asm,234,TrainerSchoolboyChad1,SCHOOLBOY,CHAD2,,loadtrainer,,,route,78,Route 38
Route38,Route38.asm,242,TrainerSchoolboyChad1,SCHOOLBOY,CHAD3,,loadtrainer,,,route,78,Route 38
Route38,Route38.asm,250,TrainerSchoolboyChad1,SCHOOLBOY,CHAD4,,loadtrainer,,,route,78,Route 38
Route38,Route38.asm,258,TrainerSchoolboyChad1,SCHOOLBOY,CHAD5,,loadtrainer,,,route,78,Route 38
Route39,Route39.asm,149,TrainerPokefanfJaime,POKEFANF,JAIME,,loadtrainer,,,route,79,Route 39
Route42,Route42.asm,94,TrainerFisherTully,FISHER,TULLY2,,loadtrainer,,,route,85,Route 42
Route42,Route42.asm,102,TrainerFisherTully,FISHER,TULLY3,,loadtrainer,,,route,85,Route 42
Route42,Route42.asm,110,TrainerFisherTully,FISHER,TULLY4,,loadtrainer,,,route,85,Route 42
Route43,Route43.asm,104,TrainerPokemaniacBrent,POKEMANIAC,BRENT2,,loadtrainer,,,route,87,Route 43
Route43,Route43.asm,112,TrainerPokemaniacBrent,POKEMANIAC,BRENT3,,loadtrainer,,,route,87,Route 43
Route43,Route43.asm,120,TrainerPokemaniacBrent,POKEMANIAC,BRENT4,,loadtrainer,,,route,87,Route 43
Route43,Route43.asm,235,TrainerPicnickerTiffany,PICNICKER,TIFFANY1,,loadtrainer,,,route,87,Route 43
Route43,Route43.asm,243,TrainerPicnickerTiffany,PICNICKER,TIFFANY2,,loadtrainer,,,route,87,Route 43
Route43,Route43.asm,251,TrainerPicnickerTiffany,PICNICKER,TIFFANY4,,loadtrainer,,,route,87,Route 43
Route44,Route44.asm,70,TrainerBirdKeeperVance1,BIRD_KEEPER,VANCE2,,loadtrainer,,,route,90,Route 44
Route44,Route44.asm,78,TrainerBirdKeeperVance1,BIRD_KEEPER,VANCE3,,loadtrainer,,,route,90,Route 44
Route44,Route44.asm,214,TrainerFisherWilton1,FISHER,WILTON2,,loadtrainer,,,route,90,Route 44
Route44,Route44.asm,222,TrainerFisherWilton1,FISHER,WILTON3,,loadtrainer,,,route,90,Route 44
Route45,Route45.asm,198,TrainerHikerParry,HIKER,PARRY1,,loadtrainer,,,route,94,Route 45
Route45,Route45.asm,206,TrainerHikerParry,HIKER,PARRY2,,loadtrainer,,,route,94,Route 45
Route45,Route45.asm,275,TrainerCamperQuentin,CAMPER,QUENTIN,,loadtrainer,,,route,94,Route 45
Route46,Route46.asm,76,TrainerPicnickerErin1,PICNICKER,ERIN2,,loadtrainer,,,route,95,Route 46
Route46,Route46.asm,84,TrainerPicnickerErin1,PICNICKER,ERIN3,,loadtrainer,,,route,95,Route 46
SaffronGym,SaffronGym.asm,23,SaffronGymSabrinaScript,SABRINA,SABRINA1,,loadtrainer,,,canon_not_in_event,27,Saffron City
SeafoamGym,SeafoamGym.asm,23,SeafoamGymBlaineScript,BLAINE,BLAINE1,,loadtrainer,,,canon_not_in_event,40,Seafoam Islands
SilverCaveRoom3,SilverCaveRoom3.asm,17,Red,RED,RED1,,loadtrainer,,,manual,100,Mt. Silver
SproutTower3F,SproutTower3F.asm,73,SageLiScript,SAGE,LI,,loadtrainer,,,manual,61,Sprout Tower
TeamRocketBaseB1F,TeamRocketBaseB1F.asm,239,TrainerCameraGrunt1,GRUNTM,GRUNTM_20,,loadtrainer,,,manual,89,Rocket Hideout
TeamRocketBaseB1F,TeamRocketBaseB1F.asm,252,TrainerCameraGrunt2,GRUNTM,GRUNTM_21,,loadtrainer,,,manual,89,Rocket Hideout
TeamRocketBaseB2F,TeamRocketBaseB2F.asm,98,RocketBaseBossFScript,EXECUTIVEF,EXECUTIVEF_2,,loadtrainer,,,manual,89,Rocket Hideout
TeamRocketBaseB3F,TeamRocketBaseB3F.asm,105,RocketBaseBoss,EXECUTIVEM,EXECUTIVEM_4,,loadtrainer,,,manual,89,Rocket Hideout
TrainerHouseB1F,TrainerHouseB1F.asm,47,TrainerHouseReceptionistScript,CAL,CAL2,,loadtrainer,,,manual,4,Viridian City
TrainerHouseB1F,TrainerHouseB1F.asm,54,TrainerHouseReceptionistScript,CAL,CAL3,,loadtrainer,,,manual,4,Viridian City
VermilionGym,VermilionGym.asm,22,VermilionGymSurgeScript,LT_SURGE,LT_SURGE1,,loadtrainer,,,manual,16,Vermilion City
VictoryRoad,VictoryRoad.asm,65,VictoryRoadRivalNext,RIVAL1,RIVAL1_5_TOTODILE,,loadtrainer,,,direct,48,Victory Road
VictoryRoad,VictoryRoad.asm,74,VictoryRoadRivalNext,RIVAL1,RIVAL1_5_CHIKORITA,,loadtrainer,,,direct,48,Victory Road
VictoryRoad,VictoryRoad.asm,83,VictoryRoadRivalNext,RIVAL1,RIVAL1_5_CYNDAQUIL,,loadtrainer,,,direct,48,Victory Road
VioletGym,VioletGym.asm,21,VioletGymFalknerScript,FALKNER,FALKNER1,,loadtrainer,,,manual,60,Violet City
ViridianGym,ViridianGym.asm,19,ViridianGymBlueScript,BLUE,BLUE1,,loadtrainer,,,manual,4,Viridian City
WillsRoom,WillsRoom.asm,52,WillScript_Battle,WILL,WILL1,,loadtrainer,,,manual,48,Victory Road
