encounter_name,trainer_name,trainer_class,canonical_location_id,canonical_location_name,is_rematch,is_event,trainer_items,trainer_pic,trainer_double,details,version_group_id,load_build,game_id,crystal_class,crystal_id,map,source,map_line,x,y,location_method
TRAINER_PRYCE_PRYCE1,PRYCE,TRAINER_CLASS_PRYCE,,,,True,,TRAINER_PIC_PRYCE,,crystal_map=MahoganyGym; source=loadtrainer; script_label=MahoganyGymPryceScript; map_line=24; no canonical event_location match in current Crystal script,4,4,,PRYCE,PRYCE1,MahoganyGym,loadtrainer,24,,,manual_missing
TRAINER_CAL_CAL1,CAL,TRAINER_CLASS_CAL,,,,,,TRAINER_PIC_CAL,,party exists in decomp but no map trainer/loadtrainer reference was found,4,4,,CAL,CAL1,,,,,,unreferenced
TRAINER_ERIKA_ERIKA1,ERIKA,TRAINER_CLASS_ERIKA,,,,True,,TRAINER_PIC_ERIKA,,crystal_map=CeladonGym; source=loadtrainer; script_label=CeladonGymErikaScript; map_line=23; canonical candidate 26 Celadon City is not in Crystal event_locations,4,4,,ERIKA,ERIKA1,CeladonGym,loadtrainer,23,,,canon_not_in_event
TRAINER_YOUNGSTER_JOEY2,JOEY,TRAINER_CLASS_YOUNGSTER,57,Route 30,True,True,,TRAINER_PIC_YOUNGSTER,,crystal_map=Route30; source=loadtrainer; script_label=TrainerYoungsterJoey; map_line=98; rematch variant; base fight should drive current app display,4,4,,YOUNGSTER,JOEY2,Route30,loadtrainer,98,,,route
TRAINER_YOUNGSTER_JOEY3,JOEY,TRAINER_CLASS_YOUNGSTER,57,Route 30,True,True,,TRAINER_PIC_YOUNGSTER,,crystal_map=Route30; source=loadtrainer; script_label=TrainerYoungsterJoey; map_line=106; rematch variant; base fight should drive current app display,4,4,,YOUNGSTER,JOEY3,Route30,loadtrainer,106,,,route
TRAINER_YOUNGSTER_JOEY4,JOEY,TRAINER_CLASS_YOUNGSTER,57,Route 30,True,True,,TRAINER_PIC_YOUNGSTER,,crystal_map=Route30; source=loadtrainer; script_label=TrainerYoungsterJoey; map_line=114; rematch variant; base fight should drive current app display,4,4,,YOUNGSTER,JOEY4,Route30,loadtrainer,114,,,route
TRAINER_YOUNGSTER_JOEY5,JOEY,TRAINER_CLASS_YOUNGSTER,57,Route 30,True,True,,TRAINER_PIC_YOUNGSTER,,crystal_map=Route30; source=loadtrainer; script_label=TrainerYoungsterJoey; map_line=122; rematch variant; base fight should drive current app display,4,4,,YOUNGSTER,JOEY5,Route30,loadtrainer,122,,,route
TRAINER_SCHOOLBOY_JACK2,JACK,TRAINER_CLASS_SCHOOLBOY,72,National Park,True,True,,TRAINER_PIC_SCHOOLBOY,,crystal_map=NationalPark; source=loadtrainer; script_label=TrainerSchoolboyJack1; map_line=131; rematch variant; base fight should drive current app display,4,4,,SCHOOLBOY,JACK2,NationalPark,loadtrainer,131,,,direct
TRAINER_SCHOOLBOY_JACK3,JACK,TRAINER_CLASS_SCHOOLBOY,72,National Park,True,True,,TRAINER_PIC_SCHOOLBOY,,crystal_map=NationalPark; source=loadtrainer; script_label=TrainerSchoolboyJack1; map_line=139; rematch variant; base fight should drive current app display,4,4,,SCHOOLBOY,JACK3,NationalPark,loadtrainer,139,,,direct
TRAINER_SCHOOLBOY_ALAN2,ALAN,TRAINER_CLASS_SCHOOLBOY,73,Route 36,True,True,,TRAINER_PIC_SCHOOLBOY,,crystal_map=Route36; source=loadtrainer; script_label=TrainerSchoolboyAlan1; map_line=228; rematch variant; base fight should drive current app display,4,4,,SCHOOLBOY,ALAN2,Route36,loadtrainer,228,,,route
TRAINER_SCHOOLBOY_ALAN3,ALAN,TRAINER_CLASS_SCHOOLBOY,73,Route 36,True,True,,TRAINER_PIC_SCHOOLBOY,,crystal_map=Route36; source=loadtrainer; script_label=TrainerSchoolboyAlan1; map_line=236; rematch variant; base fight should drive current app display,4,4,,SCHOOLBOY,ALAN3,Route36,loadtrainer,236,,,route
TRAINER_SCHOOLBOY_CHAD2,CHAD,TRAINER_CLASS_SCHOOLBOY,78,Route 38,True,True,,TRAINER_PIC_SCHOOLBOY,,crystal_map=Route38; source=loadtrainer; script_label=TrainerSchoolboyChad1; map_line=234; rematch variant; base fight should drive current app display,4,4,,SCHOOLBOY,CHAD2,Route38,loadtrainer,234,,,route
TRAINER_SCHOOLBOY_CHAD3,CHAD,TRAINER_CLASS_SCHOOLBOY,78,Route 38,True,True,,TRAINER_PIC_SCHOOLBOY,,crystal_map=Route38; source=loadtrainer; script_label=TrainerSchoolboyChad1; map_line=242; rematch variant; base fight should drive current app display,4,4,,SCHOOLBOY,CHAD3,Route38,loadtrainer,242,,,route
TRAINER_SCHOOLBOY_JACK4,JACK,TRAINER_CLASS_SCHOOLBOY,72,National Park,True,True,,TRAINER_PIC_SCHOOLBOY,,crystal_map=NationalPark; source=loadtrainer; script_label=TrainerSchoolboyJack1; map_line=147; rematch variant; base fight should drive current app display,4,4,,SCHOOLBOY,JACK4,NationalPark,loadtrainer,147,,,direct
TRAINER_SCHOOLBOY_JACK5,JACK,TRAINER_CLASS_SCHOOLBOY,72,National Park,True,True,,TRAINER_PIC_SCHOOLBOY,,crystal_map=NationalPark; source=loadtrainer; script_label=TrainerSchoolboyJack1; map_line=155; rematch variant; base fight should drive current app display,4,4,,SCHOOLBOY,JACK5,NationalPark,loadtrainer,155,,,direct
TRAINER_SCHOOLBOY_ALAN4,ALAN,TRAINER_CLASS_SCHOOLBOY,73,Route 36,True,True,,TRAINER_PIC_SCHOOLBOY,,crystal_map=Route36; source=loadtrainer; script_label=TrainerSchoolboyAlan1; map_line=244; rematch variant; base fight should drive current app display,4,4,,SCHOOLBOY,ALAN4,Route36,loadtrainer,244,,,route
TRAINER_SCHOOLBOY_ALAN5,ALAN,TRAINER_CLASS_SCHOOLBOY,73,Route 36,True,True,,TRAINER_PIC_SCHOOLBOY,,crystal_map=Route36; source=loadtrainer; script_label=TrainerSchoolboyAlan1; map_line=252; rematch variant; base fight should drive current app display,4,4,,SCHOOLBOY,ALAN5,Route36,loadtrainer,252,,,route
TRAINER_SCHOOLBOY_CHAD4,CHAD,TRAINER_CLASS_SCHOOLBOY,78,Route 38,True,True,,TRAINER_PIC_SCHOOLBOY,,crystal_map=Route38; source=loadtrainer; script_label=TrainerSchoolboyChad1; map_line=250; rematch variant; base fight should drive current app display,4,4,,SCHOOLBOY,CHAD4,Route38,loadtrainer,250,,,route
TRAINER_SCHOOLBOY_CHAD5,CHAD,TRAINER_CLASS_SCHOOLBOY,78,Route 38,True,True,,TRAINER_PIC_SCHOOLBOY,,crystal_map=Route38; source=loadtrainer; script_label=TrainerSchoolboyChad1; map_line=258; rematch variant; base fight should drive current app display,4,4,,SCHOOLBOY,CHAD5,Route38,loadtrainer,258,,,route
TRAINER_BIRD_KEEPER_JOSE2,JOSE,TRAINER_CLASS_BIRD_KEEPER,96,Route 27,True,,,TRAINER_PIC_BIRD_KEEPER,,"crystal_map=Route27; source=trainer; script_label=TrainerBirdKeeperJose2; map_line=61; object_xy=58,13; rematch variant; base fight should drive current app display",4,4,,BIRD_KEEPER,JOSE2,Route27,trainer,61,58,13,route
TRAINER_BIRD_KEEPER_JOSE3,JOSE,TRAINER_CLASS_BIRD_KEEPER,96,Route 27,True,True,,TRAINER_PIC_BIRD_KEEPER,,crystal_map=Route27; source=loadtrainer; script_label=TrainerBirdKeeperJose2; map_line=121; rematch variant; base fight should drive current app display,4,4,,BIRD_KEEPER,JOSE3,Route27,loadtrainer,121,,,route
TRAINER_BIRD_KEEPER_VANCE2,VANCE,TRAINER_CLASS_BIRD_KEEPER,90,Route 44,True,True,,TRAINER_PIC_BIRD_KEEPER,,crystal_map=Route44; source=loadtrainer; script_label=TrainerBirdKeeperVance1; map_line=70; rematch variant; base fight should drive current app display,4,4,,BIRD_KEEPER,VANCE2,Route44,loadtrainer,70,,,route
TRAINER_BIRD_KEEPER_VANCE3,VANCE,TRAINER_CLASS_BIRD_KEEPER,90,Route 44,True,True,,TRAINER_PIC_BIRD_KEEPER,,crystal_map=Route44; source=loadtrainer; script_label=TrainerBirdKeeperVance1; map_line=78; rematch variant; base fight should drive current app display,4,4,,BIRD_KEEPER,VANCE3,Route44,loadtrainer,78,,,route
TRAINER_LASS_MICHELLE,MICHELLE,TRAINER_CLASS_LASS,,,,,,TRAINER_PIC_LASS,,"crystal_map=CeladonGym; source=trainer; script_label=TrainerLassMichelle; map_line=51; object_xy=7,8; canonical candidate 26 Celadon City is not in Crystal event_locations",4,4,,LASS,MICHELLE,CeladonGym,trainer,51,7,8,canon_not_in_event
TRAINER_LASS_CONNIE2,CONNIE,TRAINER_CLASS_LASS,,,True,,,TRAINER_PIC_LASS,,party exists in decomp but no map trainer/loadtrainer reference was found; rematch variant; base fight should drive current app display,4,4,,LASS,CONNIE2,,,,,,unreferenced
TRAINER_LASS_CONNIE3,CONNIE,TRAINER_CLASS_LASS,,,True,,,TRAINER_PIC_LASS,,party exists in decomp but no map trainer/loadtrainer reference was found; rematch variant; base fight should drive current app display,4,4,,LASS,CONNIE3,,,,,,unreferenced
TRAINER_LASS_DANA2,DANA,TRAINER_CLASS_LASS,78,Route 38,True,True,,TRAINER_PIC_LASS,,crystal_map=Route38; source=loadtrainer; script_label=TrainerLassDana1; map_line=98; rematch variant; base fight should drive current app display,4,4,,LASS,DANA2,Route38,loadtrainer,98,,,route
TRAINER_LASS_DANA3,DANA,TRAINER_CLASS_LASS,78,Route 38,True,True,,TRAINER_PIC_LASS,,crystal_map=Route38; source=loadtrainer; script_label=TrainerLassDana1; map_line=106; rematch variant; base fight should drive current app display,4,4,,LASS,DANA3,Route38,loadtrainer,106,,,route
TRAINER_LASS_DANA4,DANA,TRAINER_CLASS_LASS,78,Route 38,True,True,,TRAINER_PIC_LASS,,crystal_map=Route38; source=loadtrainer; script_label=TrainerLassDana1; map_line=114; rematch variant; base fight should drive current app display,4,4,,LASS,DANA4,Route38,loadtrainer,114,,,route
TRAINER_LASS_DANA5,DANA,TRAINER_CLASS_LASS,78,Route 38,True,True,,TRAINER_PIC_LASS,,crystal_map=Route38; source=loadtrainer; script_label=TrainerLassDana1; map_line=122; rematch variant; base fight should drive current app display,4,4,,LASS,DANA5,Route38,loadtrainer,122,,,route
TRAINER_COOLTRAINERM_GAVEN2,GAVEN,TRAINER_CLASS_COOLTRAINERM,98,Route 26,True,True,,TRAINER_PIC_COOLTRAINERM,,crystal_map=Route26; source=loadtrainer; script_label=TrainerCooltrainermGaven3; map_line=86; rematch variant; base fight should drive current app display,4,4,,COOLTRAINERM,GAVEN2,Route26,loadtrainer,86,,,route
TRAINER_COOLTRAINERM_GAVEN3,GAVEN,TRAINER_CLASS_COOLTRAINERM,98,Route 26,True,,,TRAINER_PIC_COOLTRAINERM,,"crystal_map=Route26; source=trainer; script_label=TrainerCooltrainermGaven3; map_line=28; object_xy=9,38; rematch variant; base fight should drive current app display",4,4,,COOLTRAINERM,GAVEN3,Route26,trainer,28,9,38,route
TRAINER_COOLTRAINERM_ERICK,ERICK,TRAINER_CLASS_COOLTRAINERM,,,,,,TRAINER_PIC_COOLTRAINERM,,party exists in decomp but no map trainer/loadtrainer reference was found,4,4,,COOLTRAINERM,ERICK,,,,,,unreferenced
TRAINER_COOLTRAINERM_ANDY,ANDY,TRAINER_CLASS_COOLTRAINERM,,,,,,TRAINER_PIC_COOLTRAINERM,,party exists in decomp but no map trainer/loadtrainer reference was found,4,4,,COOLTRAINERM,ANDY,,,,,,unreferenced
TRAINER_COOLTRAINERM_TYLER,TYLER,TRAINER_CLASS_COOLTRAINERM,,,,,,TRAINER_PIC_COOLTRAINERM,,party exists in decomp but no map trainer/loadtrainer reference was found,4,4,,COOLTRAINERM,TYLER,,,,,,unreferenced
TRAINER_COOLTRAINERM_STEVE,STEVE,TRAINER_CLASS_COOLTRAINERM,,,,,,TRAINER_PIC_COOLTRAINERM,,party exists in decomp but no map trainer/loadtrainer reference was found,4,4,,COOLTRAINERM,STEVE,,,,,,unreferenced
TRAINER_COOLTRAINERF_BETH2,BETH,TRAINER_CLASS_COOLTRAINERF,98,Route 26,True,True,,TRAINER_PIC_COOLTRAINERF,,crystal_map=Route26; source=loadtrainer; script_label=TrainerCooltrainerfBeth1; map_line=182; rematch variant; base fight should drive current app display,4,4,,COOLTRAINERF,BETH2,Route26,loadtrainer,182,,,route
TRAINER_COOLTRAINERF_BETH3,BETH,TRAINER_CLASS_COOLTRAINERF,98,Route 26,True,True,,TRAINER_PIC_COOLTRAINERF,,crystal_map=Route26; source=loadtrainer; script_label=TrainerCooltrainerfBeth1; map_line=190; rematch variant; base fight should drive current app display,4,4,,COOLTRAINERF,BETH3,Route26,loadtrainer,190,,,route
TRAINER_COOLTRAINERF_REENA2,REENA,TRAINER_CLASS_COOLTRAINERF,96,Route 27,True,True,,TRAINER_PIC_COOLTRAINERF,,crystal_map=Route27; source=loadtrainer; script_label=TrainerCooltrainerfReena; map_line=246; rematch variant; base fight should drive current app display,4,4,,COOLTRAINERF,REENA2,Route27,loadtrainer,246,,,route
TRAINER_COOLTRAINERF_REENA3,REENA,TRAINER_CLASS_COOLTRAINERF,96,Route 27,True,True,,TRAINER_PIC_COOLTRAINERF,,crystal_map=Route27; source=loadtrainer; script_label=TrainerCooltrainerfReena; map_line=254; rematch variant; base fight should drive current app display,4,4,,COOLTRAINERF,REENA3,Route27,loadtrainer,254,,,route
TRAINER_BEAUTY_JULIE,JULIE,TRAINER_CLASS_BEAUTY,,,,,,TRAINER_PIC_BEAUTY,,party exists in decomp but no map trainer/loadtrainer reference was found,4,4,,BEAUTY,JULIE,,,,,,unreferenced
TRAINER_BEAUTY_JACLYN,JACLYN,TRAINER_CLASS_BEAUTY,,,,,,TRAINER_PIC_BEAUTY,,party exists in decomp but no map trainer/loadtrainer reference was found,4,4,,BEAUTY,JACLYN,,,,,,unreferenced
TRAINER_BEAUTY_BRENDA,BRENDA,TRAINER_CLASS_BEAUTY,,,,,,TRAINER_PIC_BEAUTY,,party exists in decomp but no map trainer/loadtrainer reference was found,4,4,,BEAUTY,BRENDA,,,,,,unreferenced
TRAINER_BEAUTY_CAROLINE,CAROLINE,TRAINER_CLASS_BEAUTY,,,,,,TRAINER_PIC_BEAUTY,,party exists in decomp but no map trainer/loadtrainer reference was found,4,4,,BEAUTY,CAROLINE,,,,,,unreferenced
TRAINER_BEAUTY_CARLENE,CARLENE,TRAINER_CLASS_BEAUTY,,,,,,TRAINER_PIC_BEAUTY,,party exists in decomp but no map trainer/loadtrainer reference was found,4,4,,BEAUTY,CARLENE,,,,,,unreferenced
TRAINER_BEAUTY_JESSICA,JESSICA,TRAINER_CLASS_BEAUTY,,,,,,TRAINER_PIC_BEAUTY,,party exists in decomp but no map trainer/loadtrainer reference was found,4,4,,BEAUTY,JESSICA,,,,,,unreferenced
TRAINER_BEAUTY_RACHAEL,RACHAEL,TRAINER_CLASS_BEAUTY,,,,,,TRAINER_PIC_BEAUTY,,party exists in decomp but no map trainer/loadtrainer reference was found,4,4,,BEAUTY,RACHAEL,,,,,,unreferenced
TRAINER_BEAUTY_ANGELICA,ANGELICA,TRAINER_CLASS_BEAUTY,,,,,,TRAINER_PIC_BEAUTY,,party exists in decomp but no map trainer/loadtrainer reference was found,4,4,,BEAUTY,ANGELICA,,,,,,unreferenced
TRAINER_BEAUTY_KENDRA,KENDRA,TRAINER_CLASS_BEAUTY,,,,,,TRAINER_PIC_BEAUTY,,party exists in decomp but no map trainer/loadtrainer reference was found,4,4,,BEAUTY,KENDRA,,,,,,unreferenced
TRAINER_BEAUTY_VERONICA,VERONICA,TRAINER_CLASS_BEAUTY,,,,,,TRAINER_PIC_BEAUTY,,party exists in decomp but no map trainer/loadtrainer reference was found,4,4,,BEAUTY,VERONICA,,,,,,unreferenced
TRAINER_BEAUTY_JULIA,JULIA,TRAINER_CLASS_BEAUTY,,,,,,TRAINER_PIC_BEAUTY,,"crystal_map=CeladonGym; source=trainer; script_label=TrainerBeautyJulia; map_line=73; object_xy=3,5; canonical candidate 26 Celadon City is not in Crystal event_locations",4,4,,BEAUTY,JULIA,CeladonGym,trainer,73,3,5,canon_not_in_event
TRAINER_BEAUTY_THERESA,THERESA,TRAINER_CLASS_BEAUTY,,,,,,TRAINER_PIC_BEAUTY,,party exists in decomp but no map trainer/loadtrainer reference was found,4,4,,BEAUTY,THERESA,,,,,,unreferenced
TRAINER_POKEMANIAC_BRENT2,BRENT,TRAINER_CLASS_POKEMANIAC,87,Route 43,True,True,,TRAINER_PIC_POKEMANIAC,,crystal_map=Route43; source=loadtrainer; script_label=TrainerPokemaniacBrent; map_line=104; rematch variant; base fight should drive current app display,4,4,,POKEMANIAC,BRENT2,Route43,loadtrainer,104,,,route
TRAINER_POKEMANIAC_BRENT3,BRENT,TRAINER_CLASS_POKEMANIAC,87,Route 43,True,True,,TRAINER_PIC_POKEMANIAC,,crystal_map=Route43; source=loadtrainer; script_label=TrainerPokemaniacBrent; map_line=112; rematch variant; base fight should drive current app display,4,4,,POKEMANIAC,BRENT3,Route43,loadtrainer,112,,,route
TRAINER_POKEMANIAC_BRENT4,BRENT,TRAINER_CLASS_POKEMANIAC,87,Route 43,True,True,,TRAINER_PIC_POKEMANIAC,,crystal_map=Route43; source=loadtrainer; script_label=TrainerPokemaniacBrent; map_line=120; rematch variant; base fight should drive current app display,4,4,,POKEMANIAC,BRENT4,Route43,loadtrainer,120,,,route
TRAINER_GRUNTM_GRUNTM_12,EXECUTIVE,TRAINER_CLASS_GRUNTM,,,,,,TRAINER_PIC_GRUNTM,,party exists in decomp but no map trainer/loadtrainer reference was found,4,4,,GRUNTM,GRUNTM_12,,,,,,unreferenced
TRAINER_GRUNTM_GRUNTM_22,EXECUTIVE,TRAINER_CLASS_GRUNTM,,,,,,TRAINER_PIC_GRUNTM,,party exists in decomp but no map trainer/loadtrainer reference was found,4,4,,GRUNTM,GRUNTM_22,,,,,,unreferenced
TRAINER_GRUNTM_GRUNTM_23,EXECUTIVE,TRAINER_CLASS_GRUNTM,,,,,,TRAINER_PIC_GRUNTM,,party exists in decomp but no map trainer/loadtrainer reference was found,4,4,,GRUNTM,GRUNTM_23,,,,,,unreferenced
TRAINER_GRUNTM_GRUNTM_26,GRUNT,TRAINER_CLASS_GRUNTM,,,,,,TRAINER_PIC_GRUNTM,,party exists in decomp but no map trainer/loadtrainer reference was found,4,4,,GRUNTM,GRUNTM_26,,,,,,unreferenced
TRAINER_GRUNTM_GRUNTM_27,EXECUTIVE,TRAINER_CLASS_GRUNTM,,,,,,TRAINER_PIC_GRUNTM,,party exists in decomp but no map trainer/loadtrainer reference was found,4,4,,GRUNTM,GRUNTM_27,,,,,,unreferenced
TRAINER_GRUNTM_GRUNTM_30,GRUNT,TRAINER_CLASS_GRUNTM,,,,,,TRAINER_PIC_GRUNTM,,party exists in decomp but no map trainer/loadtrainer reference was found,4,4,,GRUNTM,GRUNTM_30,,,,,,unreferenced
TRAINER_GENTLEMAN_VIRGIL,VIRGIL,TRAINER_CLASS_GENTLEMAN,,,,,,TRAINER_PIC_GENTLEMAN,,party exists in decomp but no map trainer/loadtrainer reference was found,4,4,,GENTLEMAN,VIRGIL,,,,,,unreferenced
TRAINER_SKIER_ROXANNE,ROXANNE,TRAINER_CLASS_SKIER,,,,,,TRAINER_PIC_SKIER,,"crystal_map=MahoganyGym; source=trainer; script_label=TrainerSkierRoxanne; map_line=72; object_xy=4,6; no canonical event_location match in current Crystal script",4,4,,SKIER,ROXANNE,MahoganyGym,trainer,72,4,6,manual_missing
TRAINER_SKIER_CLARISSA,CLARISSA,TRAINER_CLASS_SKIER,,,,,,TRAINER_PIC_SKIER,,"crystal_map=MahoganyGym; source=trainer; script_label=TrainerSkierClarissa; map_line=83; object_xy=9,17; no canonical event_location match in current Crystal script",4,4,,SKIER,CLARISSA,MahoganyGym,trainer,83,9,17,manual_missing
TRAINER_SABRINA_SABRINA1,SABRINA,TRAINER_CLASS_SABRINA,,,,True,,TRAINER_PIC_SABRINA,,crystal_map=SaffronGym; source=loadtrainer; script_label=SaffronGymSabrinaScript; map_line=23; canonical candidate 27 Saffron City is not in Crystal event_locations,4,4,,SABRINA,SABRINA1,SaffronGym,loadtrainer,23,,,canon_not_in_event
TRAINER_BUG_CATCHER_WADE2,WADE,TRAINER_CLASS_BUG_CATCHER,58,Route 31,True,True,,TRAINER_PIC_BUG_CATCHER,,crystal_map=Route31; source=loadtrainer; script_label=TrainerBugCatcherWade1; map_line=86; rematch variant; base fight should drive current app display,4,4,,BUG_CATCHER,WADE2,Route31,loadtrainer,86,,,route
TRAINER_BUG_CATCHER_WADE3,WADE,TRAINER_CLASS_BUG_CATCHER,58,Route 31,True,True,,TRAINER_PIC_BUG_CATCHER,,crystal_map=Route31; source=loadtrainer; script_label=TrainerBugCatcherWade1; map_line=94; rematch variant; base fight should drive current app display,4,4,,BUG_CATCHER,WADE3,Route31,loadtrainer,94,,,route
TRAINER_BUG_CATCHER_ARNIE2,ARNIE,TRAINER_CLASS_BUG_CATCHER,71,Route 35,True,True,,TRAINER_PIC_BUG_CATCHER,,crystal_map=Route35; source=loadtrainer; script_label=TrainerBugCatcherArnie; map_line=190; rematch variant; base fight should drive current app display,4,4,,BUG_CATCHER,ARNIE2,Route35,loadtrainer,190,,,route
TRAINER_BUG_CATCHER_ARNIE3,ARNIE,TRAINER_CLASS_BUG_CATCHER,71,Route 35,True,True,,TRAINER_PIC_BUG_CATCHER,,crystal_map=Route35; source=loadtrainer; script_label=TrainerBugCatcherArnie; map_line=198; rematch variant; base fight should drive current app display,4,4,,BUG_CATCHER,ARNIE3,Route35,loadtrainer,198,,,route
TRAINER_BUG_CATCHER_WADE4,WADE,TRAINER_CLASS_BUG_CATCHER,58,Route 31,True,True,,TRAINER_PIC_BUG_CATCHER,,crystal_map=Route31; source=loadtrainer; script_label=TrainerBugCatcherWade1; map_line=102; rematch variant; base fight should drive current app display,4,4,,BUG_CATCHER,WADE4,Route31,loadtrainer,102,,,route
TRAINER_BUG_CATCHER_WADE5,WADE,TRAINER_CLASS_BUG_CATCHER,58,Route 31,True,True,,TRAINER_PIC_BUG_CATCHER,,crystal_map=Route31; source=loadtrainer; script_label=TrainerBugCatcherWade1; map_line=110; rematch variant; base fight should drive current app display,4,4,,BUG_CATCHER,WADE5,Route31,loadtrainer,110,,,route
TRAINER_BUG_CATCHER_ARNIE4,ARNIE,TRAINER_CLASS_BUG_CATCHER,71,Route 35,True,True,,TRAINER_PIC_BUG_CATCHER,,crystal_map=Route35; source=loadtrainer; script_label=TrainerBugCatcherArnie; map_line=206; rematch variant; base fight should drive current app display,4,4,,BUG_CATCHER,ARNIE4,Route35,loadtrainer,206,,,route
TRAINER_BUG_CATCHER_ARNIE5,ARNIE,TRAINER_CLASS_BUG_CATCHER,71,Route 35,True,True,,TRAINER_PIC_BUG_CATCHER,,crystal_map=Route35; source=loadtrainer; script_label=TrainerBugCatcherArnie; map_line=214; rematch variant; base fight should drive current app display,4,4,,BUG_CATCHER,ARNIE5,Route35,loadtrainer,214,,,route
TRAINER_FISHER_RALPH2,RALPH,TRAINER_CLASS_FISHER,62,Route 32,True,True,,TRAINER_PIC_FISHER,,crystal_map=Route32; source=loadtrainer; script_label=TrainerFisherRalph1; map_line=227; rematch variant; base fight should drive current app display,4,4,,FISHER,RALPH2,Route32,loadtrainer,227,,,route
TRAINER_FISHER_RALPH3,RALPH,TRAINER_CLASS_FISHER,62,Route 32,True,True,,TRAINER_PIC_FISHER,,crystal_map=Route32; source=loadtrainer; script_label=TrainerFisherRalph1; map_line=235; rematch variant; base fight should drive current app display,4,4,,FISHER,RALPH3,Route32,loadtrainer,235,,,route
TRAINER_FISHER_TULLY2,TULLY,TRAINER_CLASS_FISHER,85,Route 42,True,True,,TRAINER_PIC_FISHER,,crystal_map=Route42; source=loadtrainer; script_label=TrainerFisherTully; map_line=94; rematch variant; base fight should drive current app display,4,4,,FISHER,TULLY2,Route42,loadtrainer,94,,,route
TRAINER_FISHER_TULLY3,TULLY,TRAINER_CLASS_FISHER,85,Route 42,True,True,,TRAINER_PIC_FISHER,,crystal_map=Route42; source=loadtrainer; script_label=TrainerFisherTully; map_line=102; rematch variant; base fight should drive current app display,4,4,,FISHER,TULLY3,Route42,loadtrainer,102,,,route
TRAINER_FISHER_WILTON2,WILTON,TRAINER_CLASS_FISHER,90,Route 44,True,True,,TRAINER_PIC_FISHER,,crystal_map=Route44; source=loadtrainer; script_label=TrainerFisherWilton1; map_line=214; rematch variant; base fight should drive current app display,4,4,,FISHER,WILTON2,Route44,loadtrainer,214,,,route
TRAINER_FISHER_WILTON3,WILTON,TRAINER_CLASS_FISHER,90,Route 44,True,True,,TRAINER_PIC_FISHER,,crystal_map=Route44; source=loadtrainer; script_label=TrainerFisherWilton1; map_line=222; rematch variant; base fight should drive current app display,4,4,,FISHER,WILTON3,Route44,loadtrainer,222,,,route
TRAINER_FISHER_RALPH4,RALPH,TRAINER_CLASS_FISHER,62,Route 32,True,True,,TRAINER_PIC_FISHER,,crystal_map=Route32; source=loadtrainer; script_label=TrainerFisherRalph1; map_line=243; rematch variant; base fight should drive current app display,4,4,,FISHER,RALPH4,Route32,loadtrainer,243,,,route
TRAINER_FISHER_RALPH5,RALPH,TRAINER_CLASS_FISHER,62,Route 32,True,True,,TRAINER_PIC_FISHER,,crystal_map=Route32; source=loadtrainer; script_label=TrainerFisherRalph1; map_line=251; rematch variant; base fight should drive current app display,4,4,,FISHER,RALPH5,Route32,loadtrainer,251,,,route
TRAINER_FISHER_TULLY4,TULLY,TRAINER_CLASS_FISHER,85,Route 42,True,True,,TRAINER_PIC_FISHER,,crystal_map=Route42; source=loadtrainer; script_label=TrainerFisherTully; map_line=110; rematch variant; base fight should drive current app display,4,4,,FISHER,TULLY4,Route42,loadtrainer,110,,,route
TRAINER_SWIMMERM_HAL,HAL,TRAINER_CLASS_SWIMMERM,,,,,,TRAINER_PIC_SWIMMERM,,party exists in decomp but no map trainer/loadtrainer reference was found,4,4,,SWIMMERM,HAL,,,,,,unreferenced
TRAINER_SWIMMERM_PATON,PATON,TRAINER_CLASS_SWIMMERM,,,,,,TRAINER_PIC_SWIMMERM,,party exists in decomp but no map trainer/loadtrainer reference was found,4,4,,SWIMMERM,PATON,,,,,,unreferenced
TRAINER_SWIMMERM_DARYL,DARYL,TRAINER_CLASS_SWIMMERM,,,,,,TRAINER_PIC_SWIMMERM,,party exists in decomp but no map trainer/loadtrainer reference was found,4,4,,SWIMMERM,DARYL,,,,,,unreferenced
TRAINER_SWIMMERM_WALTER,WALTER,TRAINER_CLASS_SWIMMERM,,,,,,TRAINER_PIC_SWIMMERM,,party exists in decomp but no map trainer/loadtrainer reference was found,4,4,,SWIMMERM,WALTER,,,,,,unreferenced
TRAINER_SWIMMERM_TONY,TONY,TRAINER_CLASS_SWIMMERM,,,,,,TRAINER_PIC_SWIMMERM,,party exists in decomp but no map trainer/loadtrainer reference was found,4,4,,SWIMMERM,TONY,,,,,,unreferenced
TRAINER_SWIMMERM_RICK,RICK,TRAINER_CLASS_SWIMMERM,,,,,,TRAINER_PIC_SWIMMERM,,party exists in decomp but no map trainer/loadtrainer reference was found,4,4,,SWIMMERM,RICK,,,,,,unreferenced
TRAINER_SWIMMERM_JAMES,JAMES,TRAINER_CLASS_SWIMMERM,,,,,,TRAINER_PIC_SWIMMERM,,party exists in decomp but no map trainer/loadtrainer reference was found,4,4,,SWIMMERM,JAMES,,,,,,unreferenced
TRAINER_SWIMMERM_LEWIS,LEWIS,TRAINER_CLASS_SWIMMERM,,,,,,TRAINER_PIC_SWIMMERM,,party exists in decomp but no map trainer/loadtrainer reference was found,4,4,,SWIMMERM,LEWIS,,,,,,unreferenced
TRAINER_SWIMMERF_LISA,LISA,TRAINER_CLASS_SWIMMERF,,,,,,TRAINER_PIC_SWIMMERF,,party exists in decomp but no map trainer/loadtrainer reference was found,4,4,,SWIMMERF,LISA,,,,,,unreferenced
TRAINER_SWIMMERF_JILL,JILL,TRAINER_CLASS_SWIMMERF,,,,,,TRAINER_PIC_SWIMMERF,,party exists in decomp but no map trainer/loadtrainer reference was found,4,4,,SWIMMERF,JILL,,,,,,unreferenced
TRAINER_SWIMMERF_MARY,MARY,TRAINER_CLASS_SWIMMERF,,,,,,TRAINER_PIC_SWIMMERF,,party exists in decomp but no map trainer/loadtrainer reference was found,4,4,,SWIMMERF,MARY,,,,,,unreferenced
TRAINER_SWIMMERF_KATIE,KATIE,TRAINER_CLASS_SWIMMERF,,,,,,TRAINER_PIC_SWIMMERF,,party exists in decomp but no map trainer/loadtrainer reference was found,4,4,,SWIMMERF,KATIE,,,,,,unreferenced
TRAINER_SWIMMERF_TARA,TARA,TRAINER_CLASS_SWIMMERF,,,,,,TRAINER_PIC_SWIMMERF,,party exists in decomp but no map trainer/loadtrainer reference was found,4,4,,SWIMMERF,TARA,,,,,,unreferenced
TRAINER_SWIMMERF_JODY,JODY,TRAINER_CLASS_SWIMMERF,,,,,,TRAINER_PIC_SWIMMERF,,party exists in decomp but no map trainer/loadtrainer reference was found,4,4,,SWIMMERF,JODY,,,,,,unreferenced
TRAINER_SAILOR_HUEY2,HUEY,TRAINER_CLASS_SAILOR,80,Olivine City,True,True,,TRAINER_PIC_SAILOR,,crystal_map=OlivineLighthouse2F; source=loadtrainer; script_label=TrainerSailorHuey; map_line=74; rematch variant; base fight should drive current app display,4,4,,SAILOR,HUEY2,OlivineLighthouse2F,loadtrainer,74,,,manual
TRAINER_SAILOR_HUEY3,HUEY,TRAINER_CLASS_SAILOR,80,Olivine City,True,True,,TRAINER_PIC_SAILOR,,crystal_map=OlivineLighthouse2F; source=loadtrainer; script_label=TrainerSailorHuey; map_line=82; rematch variant; base fight should drive current app display,4,4,,SAILOR,HUEY3,OlivineLighthouse2F,loadtrainer,82,,,manual
TRAINER_SAILOR_HUEY4,HUEY,TRAINER_CLASS_SAILOR,80,Olivine City,True,True,,TRAINER_PIC_SAILOR,,crystal_map=OlivineLighthouse2F; source=loadtrainer; script_label=TrainerSailorHuey; map_line=90; rematch variant; base fight should drive current app display,4,4,,SAILOR,HUEY4,OlivineLighthouse2F,loadtrainer,90,,,manual
TRAINER_SUPER_NERD_GREGG,GREGG,TRAINER_CLASS_SUPER_NERD,,,,,,TRAINER_PIC_SUPER_NERD,,party exists in decomp but no map trainer/loadtrainer reference was found,4,4,,SUPER_NERD,GREGG,,,,,,unreferenced
TRAINER_SUPER_NERD_JAY,JAY,TRAINER_CLASS_SUPER_NERD,,,,,,TRAINER_PIC_SUPER_NERD,,party exists in decomp but no map trainer/loadtrainer reference was found,4,4,,SUPER_NERD,JAY,,,,,,unreferenced
TRAINER_SUPER_NERD_DAVE,DAVE,TRAINER_CLASS_SUPER_NERD,,,,,,TRAINER_PIC_SUPER_NERD,,party exists in decomp but no map trainer/loadtrainer reference was found,4,4,,SUPER_NERD,DAVE,,,,,,unreferenced
TRAINER_SUPER_NERD_RUSS,RUSS,TRAINER_CLASS_SUPER_NERD,,,,,,TRAINER_PIC_SUPER_NERD,,party exists in decomp but no map trainer/loadtrainer reference was found,4,4,,SUPER_NERD,RUSS,,,,,,unreferenced
TRAINER_SUPER_NERD_NORTON,NORTON,TRAINER_CLASS_SUPER_NERD,,,,,,TRAINER_PIC_SUPER_NERD,,party exists in decomp but no map trainer/loadtrainer reference was found,4,4,,SUPER_NERD,NORTON,,,,,,unreferenced
TRAINER_HIKER_ANTHONY2,ANTHONY,TRAINER_CLASS_HIKER,65,Route 33,True,,,TRAINER_PIC_HIKER,,"crystal_map=Route33; source=trainer; script_label=TrainerHikerAnthony; map_line=15; object_xy=6,13; rematch variant; base fight should drive current app display",4,4,,HIKER,ANTHONY2,Route33,trainer,15,6,13,route
TRAINER_HIKER_ANTHONY3,ANTHONY,TRAINER_CLASS_HIKER,65,Route 33,True,True,,TRAINER_PIC_HIKER,,crystal_map=Route33; source=loadtrainer; script_label=TrainerHikerAnthony; map_line=83; rematch variant; base fight should drive current app display,4,4,,HIKER,ANTHONY3,Route33,loadtrainer,83,,,route
TRAINER_HIKER_PARRY2,PARRY,TRAINER_CLASS_HIKER,94,Route 45,True,True,,TRAINER_PIC_HIKER,,crystal_map=Route45; source=loadtrainer; script_label=TrainerHikerParry; map_line=206; rematch variant; base fight should drive current app display,4,4,,HIKER,PARRY2,Route45,loadtrainer,206,,,route
TRAINER_HIKER_PARRY3,PARRY,TRAINER_CLASS_HIKER,94,Route 45,True,,,TRAINER_PIC_HIKER,,"crystal_map=Route45; source=trainer; script_label=TrainerHikerParry; map_line=148; object_xy=5,28; rematch variant; base fight should drive current app display",4,4,,HIKER,PARRY3,Route45,trainer,148,5,28,route
TRAINER_HIKER_ANTHONY4,ANTHONY,TRAINER_CLASS_HIKER,65,Route 33,True,True,,TRAINER_PIC_HIKER,,crystal_map=Route33; source=loadtrainer; script_label=TrainerHikerAnthony; map_line=91; rematch variant; base fight should drive current app display,4,4,,HIKER,ANTHONY4,Route33,loadtrainer,91,,,route
TRAINER_HIKER_ANTHONY5,ANTHONY,TRAINER_CLASS_HIKER,65,Route 33,True,True,,TRAINER_PIC_HIKER,,crystal_map=Route33; source=loadtrainer; script_label=TrainerHikerAnthony; map_line=99; rematch variant; base fight should drive current app display,4,4,,HIKER,ANTHONY5,Route33,loadtrainer,99,,,route
TRAINER_BIKER_BIKER_BENNY,BENNY,TRAINER_CLASS_BIKER,,,,,,TRAINER_PIC_BIKER,,party exists in decomp but no map trainer/loadtrainer reference was found,4,4,,BIKER,BIKER_BENNY,,,,,,unreferenced
TRAINER_BIKER_KAZU,KAZU,TRAINER_CLASS_BIKER,,,,,,TRAINER_PIC_BIKER,,party exists in decomp but no map trainer/loadtrainer reference was found,4,4,,BIKER,KAZU,,,,,,unreferenced
TRAINER_BLAINE_BLAINE1,BLAINE,TRAINER_CLASS_BLAINE,,,,True,,TRAINER_PIC_BLAINE,,crystal_map=SeafoamGym; source=loadtrainer; script_label=SeafoamGymBlaineScript; map_line=23; canonical candidate 40 Seafoam Islands is not in Crystal event_locations,4,4,,BLAINE,BLAINE1,SeafoamGym,loadtrainer,23,,,canon_not_in_event
TRAINER_FIREBREATHER_DICK,DICK,TRAINER_CLASS_FIREBREATHER,,,,,,TRAINER_PIC_FIREBREATHER,,party exists in decomp but no map trainer/loadtrainer reference was found,4,4,,FIREBREATHER,DICK,,,,,,unreferenced
TRAINER_FIREBREATHER_NED,NED,TRAINER_CLASS_FIREBREATHER,,,,,,TRAINER_PIC_FIREBREATHER,,party exists in decomp but no map trainer/loadtrainer reference was found,4,4,,FIREBREATHER,NED,,,,,,unreferenced
TRAINER_JUGGLER_IRWIN2,IRWIN,TRAINER_CLASS_JUGGLER,,,True,,,TRAINER_PIC_JUGGLER,,party exists in decomp but no map trainer/loadtrainer reference was found; rematch variant; base fight should drive current app display,4,4,,JUGGLER,IRWIN2,,,,,,unreferenced
TRAINER_JUGGLER_IRWIN3,IRWIN,TRAINER_CLASS_JUGGLER,,,True,,,TRAINER_PIC_JUGGLER,,party exists in decomp but no map trainer/loadtrainer reference was found; rematch variant; base fight should drive current app display,4,4,,JUGGLER,IRWIN3,,,,,,unreferenced
TRAINER_JUGGLER_IRWIN4,IRWIN,TRAINER_CLASS_JUGGLER,,,True,,,TRAINER_PIC_JUGGLER,,party exists in decomp but no map trainer/loadtrainer reference was found; rematch variant; base fight should drive current app display,4,4,,JUGGLER,IRWIN4,,,,,,unreferenced
TRAINER_BLACKBELT_T_KENJI1,KENJI,TRAINER_CLASS_BLACKBELT_T,,,,,,TRAINER_PIC_BLACKBELT_T,,party exists in decomp but no map trainer/loadtrainer reference was found,4,4,,BLACKBELT_T,KENJI1,,,,,,unreferenced
TRAINER_BLACKBELT_T_KENJI2,KENJI,TRAINER_CLASS_BLACKBELT_T,,,True,,,TRAINER_PIC_BLACKBELT_T,,party exists in decomp but no map trainer/loadtrainer reference was found; rematch variant; base fight should drive current app display,4,4,,BLACKBELT_T,KENJI2,,,,,,unreferenced
TRAINER_BLACKBELT_T_KENJI3,KENJI,TRAINER_CLASS_BLACKBELT_T,94,Route 45,True,,,TRAINER_PIC_BLACKBELT_T,,"crystal_map=Route45; source=trainer; script_label=TrainerBlackbeltKenji; map_line=22; object_xy=11,50; rematch variant; base fight should drive current app display",4,4,,BLACKBELT_T,KENJI3,Route45,trainer,22,11,50,route
TRAINER_PSYCHIC_T_FRANKLIN,FRANKLIN,TRAINER_CLASS_PSYCHIC_T,,,,,,TRAINER_PIC_PSYCHIC_T,,"crystal_map=SaffronGym; source=trainer; script_label=TrainerPsychicFranklin; map_line=59; object_xy=3,16; canonical candidate 27 Saffron City is not in Crystal event_locations",4,4,,PSYCHIC_T,FRANKLIN,SaffronGym,trainer,59,3,16,canon_not_in_event
TRAINER_PSYCHIC_T_JARED,JARED,TRAINER_CLASS_PSYCHIC_T,,,,,,TRAINER_PIC_PSYCHIC_T,,"crystal_map=SaffronGym; source=trainer; script_label=TrainerPsychicJared; map_line=81; object_xy=17,4; canonical candidate 27 Saffron City is not in Crystal event_locations",4,4,,PSYCHIC_T,JARED,SaffronGym,trainer,81,17,4,canon_not_in_event
TRAINER_PICNICKER_GINA2,GINA,TRAINER_CLASS_PICNICKER,69,Route 34,True,True,,TRAINER_PIC_PICNICKER,,crystal_map=Route34; source=loadtrainer; script_label=TrainerPicnickerGina1; map_line=274; rematch variant; base fight should drive current app display,4,4,,PICNICKER,GINA2,Route34,loadtrainer,274,,,route
TRAINER_PICNICKER_LIZ2,LIZ,TRAINER_CLASS_PICNICKER,62,Route 32,True,True,,TRAINER_PIC_PICNICKER,,crystal_map=Route32; source=loadtrainer; script_label=TrainerPicnickerLiz1; map_line=361; rematch variant; base fight should drive current app display,4,4,,PICNICKER,LIZ2,Route32,loadtrainer,361,,,route
TRAINER_PICNICKER_LIZ3,LIZ,TRAINER_CLASS_PICNICKER,62,Route 32,True,True,,TRAINER_PIC_PICNICKER,,crystal_map=Route32; source=loadtrainer; script_label=TrainerPicnickerLiz1; map_line=369; rematch variant; base fight should drive current app display,4,4,,PICNICKER,LIZ3,Route32,loadtrainer,369,,,route
TRAINER_PICNICKER_GINA3,GINA,TRAINER_CLASS_PICNICKER,69,Route 34,True,True,,TRAINER_PIC_PICNICKER,,crystal_map=Route34; source=loadtrainer; script_label=TrainerPicnickerGina1; map_line=282; rematch variant; base fight should drive current app display,4,4,,PICNICKER,GINA3,Route34,loadtrainer,282,,,route
TRAINER_PICNICKER_TIFFANY2,TIFFANY,TRAINER_CLASS_PICNICKER,87,Route 43,True,True,,TRAINER_PIC_PICNICKER,,crystal_map=Route43; source=loadtrainer; script_label=TrainerPicnickerTiffany; map_line=243; rematch variant; base fight should drive current app display,4,4,,PICNICKER,TIFFANY2,Route43,loadtrainer,243,,,route
TRAINER_PICNICKER_ERIN2,ERIN,TRAINER_CLASS_PICNICKER,95,Route 46,True,True,,TRAINER_PIC_PICNICKER,,crystal_map=Route46; source=loadtrainer; script_label=TrainerPicnickerErin1; map_line=76; rematch variant; base fight should drive current app display,4,4,,PICNICKER,ERIN2,Route46,loadtrainer,76,,,route
TRAINER_PICNICKER_TANYA,TANYA,TRAINER_CLASS_PICNICKER,,,,,,TRAINER_PIC_PICNICKER,,"crystal_map=CeladonGym; source=trainer; script_label=TrainerPicnickerTanya; map_line=62; object_xy=2,8; canonical candidate 26 Celadon City is not in Crystal event_locations",4,4,,PICNICKER,TANYA,CeladonGym,trainer,62,2,8,canon_not_in_event
TRAINER_PICNICKER_TIFFANY3,TIFFANY,TRAINER_CLASS_PICNICKER,87,Route 43,True,,,TRAINER_PIC_PICNICKER,,"crystal_map=Route43; source=trainer; script_label=TrainerPicnickerTiffany; map_line=177; object_xy=9,25; rematch variant; base fight should drive current app display",4,4,,PICNICKER,TIFFANY3,Route43,trainer,177,9,25,route
TRAINER_PICNICKER_ERIN3,ERIN,TRAINER_CLASS_PICNICKER,95,Route 46,True,True,,TRAINER_PIC_PICNICKER,,crystal_map=Route46; source=loadtrainer; script_label=TrainerPicnickerErin1; map_line=84; rematch variant; base fight should drive current app display,4,4,,PICNICKER,ERIN3,Route46,loadtrainer,84,,,route
TRAINER_PICNICKER_LIZ4,LIZ,TRAINER_CLASS_PICNICKER,62,Route 32,True,True,,TRAINER_PIC_PICNICKER,,crystal_map=Route32; source=loadtrainer; script_label=TrainerPicnickerLiz1; map_line=377; rematch variant; base fight should drive current app display,4,4,,PICNICKER,LIZ4,Route32,loadtrainer,377,,,route
TRAINER_PICNICKER_LIZ5,LIZ,TRAINER_CLASS_PICNICKER,62,Route 32,True,True,,TRAINER_PIC_PICNICKER,,crystal_map=Route32; source=loadtrainer; script_label=TrainerPicnickerLiz1; map_line=385; rematch variant; base fight should drive current app display,4,4,,PICNICKER,LIZ5,Route32,loadtrainer,385,,,route
TRAINER_PICNICKER_GINA4,GINA,TRAINER_CLASS_PICNICKER,69,Route 34,True,True,,TRAINER_PIC_PICNICKER,,crystal_map=Route34; source=loadtrainer; script_label=TrainerPicnickerGina1; map_line=290; rematch variant; base fight should drive current app display,4,4,,PICNICKER,GINA4,Route34,loadtrainer,290,,,route
TRAINER_PICNICKER_GINA5,GINA,TRAINER_CLASS_PICNICKER,69,Route 34,True,True,,TRAINER_PIC_PICNICKER,,crystal_map=Route34; source=loadtrainer; script_label=TrainerPicnickerGina1; map_line=298; rematch variant; base fight should drive current app display,4,4,,PICNICKER,GINA5,Route34,loadtrainer,298,,,route
TRAINER_PICNICKER_TIFFANY4,TIFFANY,TRAINER_CLASS_PICNICKER,87,Route 43,True,True,,TRAINER_PIC_PICNICKER,,crystal_map=Route43; source=loadtrainer; script_label=TrainerPicnickerTiffany; map_line=251; rematch variant; base fight should drive current app display,4,4,,PICNICKER,TIFFANY4,Route43,loadtrainer,251,,,route
TRAINER_CAMPER_HARVEY,HARVEY,TRAINER_CLASS_CAMPER,,,,,,TRAINER_PIC_CAMPER,,party exists in decomp but no map trainer/loadtrainer reference was found,4,4,,CAMPER,HARVEY,,,,,,unreferenced
TRAINER_CAMPER_DALE,DALE,TRAINER_CLASS_CAMPER,,,,,,TRAINER_PIC_CAMPER,,party exists in decomp but no map trainer/loadtrainer reference was found,4,4,,CAMPER,DALE,,,,,,unreferenced
TRAINER_CAMPER_TODD2,TODD,TRAINER_CLASS_CAMPER,69,Route 34,True,True,,TRAINER_PIC_CAMPER,,crystal_map=Route34; source=loadtrainer; script_label=TrainerCamperTodd1; map_line=149; rematch variant; base fight should drive current app display,4,4,,CAMPER,TODD2,Route34,loadtrainer,149,,,route
TRAINER_CAMPER_TODD3,TODD,TRAINER_CLASS_CAMPER,69,Route 34,True,True,,TRAINER_PIC_CAMPER,,crystal_map=Route34; source=loadtrainer; script_label=TrainerCamperTodd1; map_line=157; rematch variant; base fight should drive current app display,4,4,,CAMPER,TODD3,Route34,loadtrainer,157,,,route
TRAINER_CAMPER_THOMAS,THOMAS,TRAINER_CLASS_CAMPER,,,,,,TRAINER_PIC_CAMPER,,party exists in decomp but no map trainer/loadtrainer reference was found,4,4,,CAMPER,THOMAS,,,,,,unreferenced
TRAINER_CAMPER_LEROY,LEROY,TRAINER_CLASS_CAMPER,,,,,,TRAINER_PIC_CAMPER,,party exists in decomp but no map trainer/loadtrainer reference was found,4,4,,CAMPER,LEROY,,,,,,unreferenced
TRAINER_CAMPER_DAVID,DAVID,TRAINER_CLASS_CAMPER,,,,,,TRAINER_PIC_CAMPER,,party exists in decomp but no map trainer/loadtrainer reference was found,4,4,,CAMPER,DAVID,,,,,,unreferenced
TRAINER_CAMPER_JOHN,JOHN,TRAINER_CLASS_CAMPER,,,,,,TRAINER_PIC_CAMPER,,party exists in decomp but no map trainer/loadtrainer reference was found,4,4,,CAMPER,JOHN,,,,,,unreferenced
TRAINER_CAMPER_TODD4,TODD,TRAINER_CLASS_CAMPER,69,Route 34,True,True,,TRAINER_PIC_CAMPER,,crystal_map=Route34; source=loadtrainer; script_label=TrainerCamperTodd1; map_line=165; rematch variant; base fight should drive current app display,4,4,,CAMPER,TODD4,Route34,loadtrainer,165,,,route
TRAINER_CAMPER_TODD5,TODD,TRAINER_CLASS_CAMPER,69,Route 34,True,True,,TRAINER_PIC_CAMPER,,crystal_map=Route34; source=loadtrainer; script_label=TrainerCamperTodd1; map_line=173; rematch variant; base fight should drive current app display,4,4,,CAMPER,TODD5,Route34,loadtrainer,173,,,route
TRAINER_MEDIUM_BETHANY,BETHANY,TRAINER_CLASS_MEDIUM,,,,,,TRAINER_PIC_MEDIUM,,party exists in decomp but no map trainer/loadtrainer reference was found,4,4,,MEDIUM,BETHANY,,,,,,unreferenced
TRAINER_MEDIUM_MARGRET,MARGRET,TRAINER_CLASS_MEDIUM,,,,,,TRAINER_PIC_MEDIUM,,party exists in decomp but no map trainer/loadtrainer reference was found,4,4,,MEDIUM,MARGRET,,,,,,unreferenced
TRAINER_MEDIUM_ETHEL,ETHEL,TRAINER_CLASS_MEDIUM,,,,,,TRAINER_PIC_MEDIUM,,party exists in decomp but no map trainer/loadtrainer reference was found,4,4,,MEDIUM,ETHEL,,,,,,unreferenced
TRAINER_MEDIUM_REBECCA,REBECCA,TRAINER_CLASS_MEDIUM,,,,,,TRAINER_PIC_MEDIUM,,"crystal_map=SaffronGym; source=trainer; script_label=TrainerMediumRebecca; map_line=48; object_xy=17,16; canonical candidate 27 Saffron City is not in Crystal event_locations",4,4,,MEDIUM,REBECCA,SaffronGym,trainer,48,17,16,canon_not_in_event
TRAINER_MEDIUM_DORIS,DORIS,TRAINER_CLASS_MEDIUM,,,,,,TRAINER_PIC_MEDIUM,,"crystal_map=SaffronGym; source=trainer; script_label=TrainerMediumDoris; map_line=70; object_xy=3,4; canonical candidate 27 Saffron City is not in Crystal event_locations",4,4,,MEDIUM,DORIS,SaffronGym,trainer,70,3,4,canon_not_in_event
TRAINER_BOARDER_RONALD,RONALD,TRAINER_CLASS_BOARDER,,,,,,TRAINER_PIC_BOARDER,,"crystal_map=MahoganyGym; source=trainer; script_label=TrainerBoarderRonald; map_line=94; object_xy=0,17; no canonical event_location match in current Crystal script",4,4,,BOARDER,RONALD,MahoganyGym,trainer,94,0,17,manual_missing
TRAINER_BOARDER_BRAD,BRAD,TRAINER_CLASS_BOARDER,,,,,,TRAINER_PIC_BOARDER,,"crystal_map=MahoganyGym; source=trainer; script_label=TrainerBoarderBrad; map_line=105; object_xy=5,9; no canonical event_location match in current Crystal script",4,4,,BOARDER,BRAD,MahoganyGym,trainer,105,5,9,manual_missing
TRAINER_BOARDER_DOUGLAS,DOUGLAS,TRAINER_CLASS_BOARDER,,,,,,TRAINER_PIC_BOARDER,,"crystal_map=MahoganyGym; source=trainer; script_label=TrainerBoarderDouglas; map_line=116; object_xy=2,4; no canonical event_location match in current Crystal script",4,4,,BOARDER,DOUGLAS,MahoganyGym,trainer,116,2,4,manual_missing
TRAINER_POKEFANM_DEREK2,DEREK,TRAINER_CLASS_POKEFANM,,,True,,,TRAINER_PIC_POKEFANM,,party exists in decomp but no map trainer/loadtrainer reference was found; rematch variant; base fight should drive current app display,4,4,,POKEFANM,DEREK2,,,,,,unreferenced
TRAINER_POKEFANM_DEREK3,DEREK,TRAINER_CLASS_POKEFANM,,,True,,,TRAINER_PIC_POKEFANM,,party exists in decomp but no map trainer/loadtrainer reference was found; rematch variant; base fight should drive current app display,4,4,,POKEFANM,DEREK3,,,,,,unreferenced
TRAINER_KIMONO_GIRL_NAOKO_UNUSED,NAOKO,TRAINER_CLASS_KIMONO_GIRL,,,,,,TRAINER_PIC_KIMONO_GIRL,,party exists in decomp but no map trainer/loadtrainer reference was found,4,4,,KIMONO_GIRL,NAOKO_UNUSED,,,,,,unreferenced
TRAINER_TWINS_JOANDZOE1,JO & ZOE,TRAINER_CLASS_TWINS,,,,,,TRAINER_PIC_TWINS,,"crystal_map=CeladonGym; source=trainer; script_label=TrainerTwinsJoAndZoe1; map_line=84; object_xy=4,10; canonical candidate 26 Celadon City is not in Crystal event_locations",4,4,,TWINS,JOANDZOE1,CeladonGym,trainer,84,4,10,canon_not_in_event
TRAINER_TWINS_JOANDZOE2,JO & ZOE,TRAINER_CLASS_TWINS,,,,,,TRAINER_PIC_TWINS,,"crystal_map=CeladonGym; source=trainer; script_label=TrainerTwinsJoAndZoe2; map_line=95; object_xy=5,10; canonical candidate 26 Celadon City is not in Crystal event_locations",4,4,,TWINS,JOANDZOE2,CeladonGym,trainer,95,5,10,canon_not_in_event
TRAINER_TWINS_LEAANDPIA2,LEA & PIA,TRAINER_CLASS_TWINS,,,,,,TRAINER_PIC_TWINS,,party exists in decomp but no map trainer/loadtrainer reference was found,4,4,,TWINS,LEAANDPIA2,,,,,,unreferenced
TRAINER_POKEFANF_BEVERLY2,BEVERLY,TRAINER_CLASS_POKEFANF,,,True,,,TRAINER_PIC_POKEFANF,,party exists in decomp but no map trainer/loadtrainer reference was found; rematch variant; base fight should drive current app display,4,4,,POKEFANF,BEVERLY2,,,,,,unreferenced
TRAINER_POKEFANF_BEVERLY3,BEVERLY,TRAINER_CLASS_POKEFANF,,,True,,,TRAINER_PIC_POKEFANF,,party exists in decomp but no map trainer/loadtrainer reference was found; rematch variant; base fight should drive current app display,4,4,,POKEFANF,BEVERLY3,,,,,,unreferenced
