encounter_name,trainer_name,trainer_class,trainer_class_id,trainer_pic,match_source
TRAINER_YOUNGSTER_JIMMY,JIMMY,TRAINER_CLASS_YOUNGSTER,2,TRAINER_PIC_BW_YOUNGSTER,trainer_class_id
TRAINER_LASS_MALI,MALI,TRAINER_CLASS_LASS,3,TRAINER_PIC_BW_LASS,trainer_class_id
TRAINER_SCHOOL_KID_M_AL,AL,TRAINER_CLASS_SCHOOL_KID_M,4,TRAINER_PIC_BW_SCHOOL_KID_M,trainer_class_id
TRAINER_SCHOOL_KID_F_MARSHA,MARSHA,TRAINER_CLASS_SCHOOL_KID_F,5,TRAINER_PIC_BW_SCHOOL_KID_F,trainer_class_id
TRAINER_SMASHER_ELENA,ELENA,TRAINER_CLASS_SMASHER,6,TRAINER_PIC_BW_SMASHER,trainer_class_id
TRAINER_LINEBACKER_DAN,DAN,TRAINER_CLASS_LINEBACKER,7,TRAINER_PIC_BW_LINEBACKER,trainer_class_id
TRAINER_YOUNGSTER_JOEY,JOEY,TRAINER_CLASS_YOUNGSTER,2,TRAINER_PIC_BW_YOUNGSTER,trainer_class_id
TRAINER_LASS_ERI,ERI,TRAINER_CLASS_LASS,3,TRAINER_PIC_BW_LASS,trainer_class_id
TRAINER_WAITER_MAXWELL,MAXWELL,TRAINER_CLASS_WAITER,8,TRAINER_PIC_BW_WAITER,trainer_class_id
TRAINER_WAITRESS_TIA,TIA,TRAINER_CLASS_WAITRESS,9,TRAINER_PIC_BW_WAITRESS,trainer_class_id
TRAINER_LEADER_CHILI,CHILI,TRAINER_CLASS_LEADER,10,TRAINER_PIC_BW_CHILI,trainer_name
TRAINER_LEADER_CILAN,CILAN,TRAINER_CLASS_LEADER,11,TRAINER_PIC_BW_CILAN,trainer_name
TRAINER_LEADER_CRESS,CRESS,TRAINER_CLASS_LEADER,12,TRAINER_PIC_BW_CRESS,trainer_name
TRAINER_NURSERY_AIDE_AUTUMN,AUTUMN,TRAINER_CLASS_NURSERY_AIDE,13,TRAINER_PIC_BW_NURSERY_AIDE,trainer_class_id
TRAINER_PRESCHOOLER_M_WENDY,WENDY,TRAINER_CLASS_PRESCHOOLER_M,14,TRAINER_PIC_BW_PRESCHOOLER_F,trainer_class_id
TRAINER_PRESCHOOLER_F_DOYLE,DOYLE,TRAINER_CLASS_PRESCHOOLER_F,15,TRAINER_PIC_BW_PRESCHOOLER_M,trainer_class_id
TRAINER_PRESCHOOLER_F_TULLY,TULLY,TRAINER_CLASS_PRESCHOOLER_F,15,TRAINER_PIC_BW_PRESCHOOLER_M,trainer_class_id
TRAINER_TWINS_KUMI_AMY,KUMI & AMY,TRAINER_CLASS_TWINS,16,TRAINER_PIC_BW_TWINS,trainer_class_id
TRAINER_PKMN_BREEDER_M_GALEN,GALEN,TRAINER_CLASS_PKMN_BREEDER_M,17,TRAINER_PIC_BW_POKEMON_BREEDER_M,trainer_class_id
TRAINER_PKMN_BREEDER_F_ADELAIDE,ADELAIDE,TRAINER_CLASS_PKMN_BREEDER_F,18,TRAINER_PIC_BW_POKEMON_BREEDER_F,trainer_class_id
TRAINER_LEADER_LENORA,LENORA,TRAINER_CLASS_LEADER,19,TRAINER_PIC_BW_LENORA,trainer_name
TRAINER_LEADER_BURGH,BURGH,TRAINER_CLASS_LEADER,20,TRAINER_PIC_BW_BURGH,trainer_name
TRAINER_LEADER_ELESA,ELESA,TRAINER_CLASS_LEADER,21,TRAINER_PIC_BW_ELESA,trainer_name
TRAINER_LEADER_CLAY,CLAY,TRAINER_CLASS_LEADER,22,TRAINER_PIC_BW_CLAY,trainer_name
TRAINER_LEADER_SKYLA,SKYLA,TRAINER_CLASS_LEADER,23,TRAINER_PIC_BW_SKYLA,trainer_name
TRAINER_PKMN_RANGER_M_FORREST,FORREST,TRAINER_CLASS_PKMN_RANGER_M,24,TRAINER_PIC_BW_POKEMON_RANGER_M,trainer_class_id
TRAINER_PKMN_RANGER_F_IRENE,IRENE,TRAINER_CLASS_PKMN_RANGER_F,25,TRAINER_PIC_BW_POKEMON_RANGER_F,trainer_class_id
TRAINER_PKMN_RANGER_M_MIGUEL,MIGUEL,TRAINER_CLASS_PKMN_RANGER_M,24,TRAINER_PIC_BW_POKEMON_RANGER_M,trainer_class_id
TRAINER_PKMN_RANGER_F_AUDRA,AUDRA,TRAINER_CLASS_PKMN_RANGER_F,25,TRAINER_PIC_BW_POKEMON_RANGER_F,trainer_class_id
TRAINER_SCHOOL_KID_M_SAMMY,SAMMY,TRAINER_CLASS_SCHOOL_KID_M,4,TRAINER_PIC_BW_SCHOOL_KID_M,trainer_class_id
TRAINER_SCHOOL_KID_F_MILLIE,MILLIE,TRAINER_CLASS_SCHOOL_KID_F,5,TRAINER_PIC_BW_SCHOOL_KID_F,trainer_class_id
TRAINER_TWINS_MAYO_MAY,MAYO & MAY,TRAINER_CLASS_TWINS,16,TRAINER_PIC_BW_TWINS,trainer_class_id
TRAINER_YOUNGSTER_NICHOLAS,NICHOLAS,TRAINER_CLASS_YOUNGSTER,2,TRAINER_PIC_BW_YOUNGSTER,trainer_class_id
TRAINER_LASS_EVA,EVA,TRAINER_CLASS_LASS,3,TRAINER_PIC_BW_LASS,trainer_class_id
TRAINER_WORKER_SCOTT,SCOTT,TRAINER_CLASS_WORKER,26,TRAINER_PIC_BW_WORKER,trainer_class_id
TRAINER_WORKER_SHELBY,SHELBY,TRAINER_CLASS_WORKER,26,TRAINER_PIC_BW_WORKER,trainer_class_id
TRAINER_WORKER_ZACK,ZACK,TRAINER_CLASS_WORKER,26,TRAINER_PIC_BW_WORKER,trainer_class_id
TRAINER_WORKER_CAIRN,CAIRN,TRAINER_CLASS_WORKER,26,TRAINER_PIC_BW_WORKER,trainer_class_id
TRAINER_BACKPACKER_M_WAYLON,WAYLON,TRAINER_CLASS_BACKPACKER_M,27,TRAINER_PIC_BW_BACKPACKER_M,trainer_class_id
TRAINER_BACKPACKER_F_JILL,JILL,TRAINER_CLASS_BACKPACKER_F,28,TRAINER_PIC_BW_BACKPACKER_F,trainer_class_id
TRAINER_FISHERMAN_HUBERT,HUBERT,TRAINER_CLASS_FISHERMAN,29,TRAINER_PIC_BW_FISHERMAN,trainer_class_id
TRAINER_FISHERMAN_ANDREW,ANDREW,TRAINER_CLASS_FISHERMAN,29,TRAINER_PIC_BW_FISHERMAN,trainer_class_id
TRAINER_SMASHER_ASPEN,ASPEN,TRAINER_CLASS_SMASHER,6,TRAINER_PIC_BW_SMASHER,trainer_class_id
TRAINER_BACKPACKER_M_MICHAEL,MICHAEL,TRAINER_CLASS_BACKPACKER_M,27,TRAINER_PIC_BW_BACKPACKER_M,trainer_class_id
TRAINER_BACKPACKER_F_LOIS,LOIS,TRAINER_CLASS_BACKPACKER_F,28,TRAINER_PIC_BW_BACKPACKER_F,trainer_class_id
TRAINER_MUSICIAN_PRESTON,PRESTON,TRAINER_CLASS_MUSICIAN,30,TRAINER_PIC_BW_MUSICIAN,trainer_class_id
TRAINER_DANCER_BRIAN,BRIAN,TRAINER_CLASS_DANCER,31,TRAINER_PIC_BW_DANCER,trainer_class_id
TRAINER_HARLEQUIN_PAUL,PAUL,TRAINER_CLASS_HARLEQUIN,32,TRAINER_PIC_BW_HARLEQUIN,trainer_class_id
TRAINER_ARTIST_HORTON,HORTON,TRAINER_CLASS_ARTIST,33,TRAINER_PIC_BW_ARTIST,trainer_class_id
TRAINER_BAKER_JENN,JENN,TRAINER_CLASS_BAKER,34,TRAINER_PIC_BW_BAKER,trainer_class_id
TRAINER_PSYCHIC_M_PERRY,PERRY,TRAINER_CLASS_PSYCHIC_M,35,TRAINER_PIC_BW_PSYCHIC_M,trainer_class_id
TRAINER_PSYCHIC_F_DUA,DUA,TRAINER_CLASS_PSYCHIC_F,36,TRAINER_PIC_BW_PSYCHIC_F,trainer_class_id
TRAINER_PKMN_TRAINER_CHEREN,CHEREN,TRAINER_CLASS_PKMN_TRAINER,37,TRAINER_PIC_BW_CHEREN,trainer_name
TRAINER_PKMN_TRAINER_CHEREN_2,CHEREN,TRAINER_CLASS_PKMN_TRAINER,37,TRAINER_PIC_BW_CHEREN,trainer_name
TRAINER_PKMN_TRAINER_CHEREN_3,CHEREN,TRAINER_CLASS_PKMN_TRAINER,37,TRAINER_PIC_BW_CHEREN,trainer_name
TRAINER_PKMN_TRAINER_CHEREN_4,CHEREN,TRAINER_CLASS_PKMN_TRAINER,37,TRAINER_PIC_BW_CHEREN,trainer_name
TRAINER_PKMN_TRAINER_CHEREN_5,CHEREN,TRAINER_CLASS_PKMN_TRAINER,37,TRAINER_PIC_BW_CHEREN,trainer_name
TRAINER_PKMN_TRAINER_CHEREN_6,CHEREN,TRAINER_CLASS_PKMN_TRAINER,37,TRAINER_PIC_BW_CHEREN,trainer_name
TRAINER_PKMN_TRAINER_BIANCA,BIANCA,TRAINER_CLASS_PKMN_TRAINER,38,TRAINER_PIC_BW_BIANCA,trainer_name
TRAINER_PKMN_TRAINER_BIANCA_2,BIANCA,TRAINER_CLASS_PKMN_TRAINER,38,TRAINER_PIC_BW_BIANCA,trainer_name
TRAINER_PKMN_TRAINER_BIANCA_3,BIANCA,TRAINER_CLASS_PKMN_TRAINER,38,TRAINER_PIC_BW_BIANCA,trainer_name
TRAINER_TEAM_PLASMA_GRUNT,GRUNT,TRAINER_CLASS_TEAM_PLASMA,39,TRAINER_PIC_BW_PLASMA_GRUNT_M,trainer_class_id
TRAINER_TEAM_PLASMA_GRUNT_2,GRUNT,TRAINER_CLASS_TEAM_PLASMA,39,TRAINER_PIC_BW_PLASMA_GRUNT_M,trainer_class_id
TRAINER_PKMN_TRAINER_N,N,TRAINER_CLASS_PKMN_TRAINER,40,TRAINER_PIC_BW_N,trainer_name
TRAINER_PKMN_TRAINER_N_2,N,TRAINER_CLASS_PKMN_TRAINER,40,TRAINER_PIC_BW_N,trainer_name
TRAINER_RICH_BOY_CODY,CODY,TRAINER_CLASS_RICH_BOY,41,TRAINER_PIC_BW_RICH_BOY,trainer_class_id
TRAINER_RICH_BOY_ROLAN,ROLAN,TRAINER_CLASS_RICH_BOY,41,TRAINER_PIC_BW_RICH_BOY,trainer_class_id
TRAINER_LADY_MAGNOLIA,MAGNOLIA,TRAINER_CLASS_LADY,42,TRAINER_PIC_BW_LADY,trainer_class_id
TRAINER_LADY_COLETTE,COLETTE,TRAINER_CLASS_LADY,42,TRAINER_PIC_BW_LADY,trainer_class_id
TRAINER_PILOT_TED,TED,TRAINER_CLASS_PILOT,43,TRAINER_PIC_BW_PILOT,trainer_class_id
TRAINER_PILOT_CHASE,CHASE,TRAINER_CLASS_PILOT,43,TRAINER_PIC_BW_PILOT,trainer_class_id
TRAINER_WORKER_VICTOR,VICTOR,TRAINER_CLASS_WORKER,44,TRAINER_PIC_BW_WORKERICE,trainer_class_id
TRAINER_WORKER_FILIPE,FILIPE,TRAINER_CLASS_WORKER,44,TRAINER_PIC_BW_WORKERICE,trainer_class_id
TRAINER_WORKER_GLENN,GLENN,TRAINER_CLASS_WORKER,44,TRAINER_PIC_BW_WORKERICE,trainer_class_id
TRAINER_WORKER_RYAN,RYAN,TRAINER_CLASS_WORKER,44,TRAINER_PIC_BW_WORKERICE,trainer_class_id
TRAINER_WORKER_PATTON,PATTON,TRAINER_CLASS_WORKER,44,TRAINER_PIC_BW_WORKERICE,trainer_class_id
TRAINER_WORKER_EDDIE,EDDIE,TRAINER_CLASS_WORKER,44,TRAINER_PIC_BW_WORKERICE,trainer_class_id
TRAINER_WORKER_MATTHEW,MATTHEW,TRAINER_CLASS_WORKER,44,TRAINER_PIC_BW_WORKERICE,trainer_class_id
TRAINER_WORKER_TRAINER_79,,TRAINER_CLASS_WORKER,44,TRAINER_PIC_BW_WORKERICE,trainer_class_id
TRAINER_TEAM_PLASMA_TRAINER_80,,TRAINER_CLASS_TEAM_PLASMA,39,TRAINER_PIC_BW_PLASMA_GRUNT_M,trainer_class_id
TRAINER_TEAM_PLASMA_GRUNT_3,GRUNT,TRAINER_CLASS_TEAM_PLASMA,39,TRAINER_PIC_BW_PLASMA_GRUNT_M,trainer_class_id
TRAINER_HOOPSTER_BOBBY,BOBBY,TRAINER_CLASS_HOOPSTER,45,TRAINER_PIC_BW_HOOPSTER,trainer_class_id
TRAINER_HOOPSTER_JOHN,JOHN,TRAINER_CLASS_HOOPSTER,45,TRAINER_PIC_BW_HOOPSTER,trainer_class_id
TRAINER_SCHOOL_KID_M_EDGAR,EDGAR,TRAINER_CLASS_SCHOOL_KID_M,4,TRAINER_PIC_BW_SCHOOL_KID_M,trainer_class_id
TRAINER_YOUNGSTER_ROLAND,ROLAND,TRAINER_CLASS_YOUNGSTER,2,TRAINER_PIC_BW_YOUNGSTER,trainer_class_id
TRAINER_SCHOOL_KID_M_CARTER,CARTER,TRAINER_CLASS_SCHOOL_KID_M,4,TRAINER_PIC_BW_SCHOOL_KID_M,trainer_class_id
TRAINER_SCHOOL_KID_F_LYDIA,LYDIA,TRAINER_CLASS_SCHOOL_KID_F,5,TRAINER_PIC_BW_SCHOOL_KID_F,trainer_class_id
TRAINER_SCIENTIST_SATOMI,SATOMI,TRAINER_CLASS_SCIENTIST,46,TRAINER_PIC_BW_SCIENTIST_F,trainer_class_id
TRAINER_TEAM_PLASMA_N,N,TRAINER_CLASS_TEAM_PLASMA,47,TRAINER_PIC_BW_N,trainer_name
TRAINER_PKMN_TRAINER_CHEREN_7,CHEREN,TRAINER_CLASS_PKMN_TRAINER,37,TRAINER_PIC_BW_CHEREN,trainer_name
TRAINER_PKMN_TRAINER_CHEREN_8,CHEREN,TRAINER_CLASS_PKMN_TRAINER,37,TRAINER_PIC_BW_CHEREN,trainer_name
TRAINER_PKMN_TRAINER_CHEREN_9,CHEREN,TRAINER_CLASS_PKMN_TRAINER,37,TRAINER_PIC_BW_CHEREN,trainer_name
TRAINER_CLERK_F_INGRID,INGRID,TRAINER_CLASS_CLERK_F,48,TRAINER_PIC_BW_CLERK_F,trainer_class_id
TRAINER_CLERK_F_ALBERTA,ALBERTA,TRAINER_CLASS_CLERK_F,48,TRAINER_PIC_BW_CLERK_F,trainer_class_id
TRAINER_CLERK_F_KATIE,KATIE,TRAINER_CLASS_CLERK_F,48,TRAINER_PIC_BW_CLERK_F,trainer_class_id
TRAINER_CLERK_F_TRISHA,TRISHA,TRAINER_CLASS_CLERK_F,48,TRAINER_PIC_BW_CLERK_F,trainer_class_id
TRAINER_WAITER_BERT,BERT,TRAINER_CLASS_WAITER,8,TRAINER_PIC_BW_WAITER,trainer_class_id
TRAINER_WAITRESS_FLO,FLO,TRAINER_CLASS_WAITRESS,9,TRAINER_PIC_BW_WAITRESS,trainer_class_id
TRAINER_ACE_TRAINER_M_CHEYENNE,CHEYENNE,TRAINER_CLASS_ACE_TRAINER_M,49,TRAINER_PIC_BW_ACE_TRAINER_F,trainer_class_id
TRAINER_ACE_TRAINER_M_STELLA,STELLA,TRAINER_CLASS_ACE_TRAINER_M,49,TRAINER_PIC_BW_ACE_TRAINER_F,trainer_class_id
TRAINER_ACE_TRAINER_M_ALLISON,ALLISON,TRAINER_CLASS_ACE_TRAINER_M,49,TRAINER_PIC_BW_ACE_TRAINER_F,trainer_class_id
TRAINER_ACE_TRAINER_M_JAMIE,JAMIE,TRAINER_CLASS_ACE_TRAINER_M,49,TRAINER_PIC_BW_ACE_TRAINER_F,trainer_class_id
TRAINER_ACE_TRAINER_F_JOHAN,JOHAN,TRAINER_CLASS_ACE_TRAINER_F,50,TRAINER_PIC_BW_ACE_TRAINER_M,trainer_class_id
TRAINER_ACE_TRAINER_F_CORKY,CORKY,TRAINER_CLASS_ACE_TRAINER_F,50,TRAINER_PIC_BW_ACE_TRAINER_M,trainer_class_id
TRAINER_ACE_TRAINER_F_JARED,JARED,TRAINER_CLASS_ACE_TRAINER_F,50,TRAINER_PIC_BW_ACE_TRAINER_M,trainer_class_id
TRAINER_ACE_TRAINER_F_JESSE,JESSE,TRAINER_CLASS_ACE_TRAINER_F,50,TRAINER_PIC_BW_ACE_TRAINER_M,trainer_class_id
TRAINER_LADY_ISABEL,ISABEL,TRAINER_CLASS_LADY,42,TRAINER_PIC_BW_LADY,trainer_class_id
TRAINER_RICH_BOY_MANUEL,MANUEL,TRAINER_CLASS_RICH_BOY,41,TRAINER_PIC_BW_RICH_BOY,trainer_class_id
TRAINER_BLACK_BELT_COREY,COREY,TRAINER_CLASS_BLACK_BELT,51,TRAINER_PIC_BW_BLACK_BELT,trainer_class_id
TRAINER_BLACK_BELT_TEPPEI,TEPPEI,TRAINER_CLASS_BLACK_BELT,51,TRAINER_PIC_BW_BLACK_BELT,trainer_class_id
TRAINER_BLACK_BELT_KENTARO,KENTARO,TRAINER_CLASS_BLACK_BELT,51,TRAINER_PIC_BW_BLACK_BELT,trainer_class_id
TRAINER_SCIENTIST_WILLIAM,WILLIAM,TRAINER_CLASS_SCIENTIST,52,TRAINER_PIC_BW_SCIENTIST_M,trainer_class_id
TRAINER_SCIENTIST_RANDALL,RANDALL,TRAINER_CLASS_SCIENTIST,52,TRAINER_PIC_BW_SCIENTIST_M,trainer_class_id
TRAINER_SCIENTIST_STEVE,STEVE,TRAINER_CLASS_SCIENTIST,52,TRAINER_PIC_BW_SCIENTIST_M,trainer_class_id
TRAINER_SCIENTIST_ORVILLE,ORVILLE,TRAINER_CLASS_SCIENTIST,52,TRAINER_PIC_BW_SCIENTIST_M,trainer_class_id
TRAINER_SCIENTIST_SAMANTHA,SAMANTHA,TRAINER_CLASS_SCIENTIST,46,TRAINER_PIC_BW_SCIENTIST_F,trainer_class_id
TRAINER_SCIENTIST_NAOKO,NAOKO,TRAINER_CLASS_SCIENTIST,46,TRAINER_PIC_BW_SCIENTIST_F,trainer_class_id
TRAINER_PSYCHIC_M_MICKI,MICKI,TRAINER_CLASS_PSYCHIC_M,35,TRAINER_PIC_BW_PSYCHIC_M,trainer_class_id
TRAINER_PSYCHIC_M_BRYCE,BRYCE,TRAINER_CLASS_PSYCHIC_M,35,TRAINER_PIC_BW_PSYCHIC_M,trainer_class_id
TRAINER_PSYCHIC_F_DOREEN,DOREEN,TRAINER_CLASS_PSYCHIC_F,36,TRAINER_PIC_BW_PSYCHIC_F,trainer_class_id
TRAINER_PSYCHIC_F_LIN,LIN,TRAINER_CLASS_PSYCHIC_F,36,TRAINER_PIC_BW_PSYCHIC_F,trainer_class_id
TRAINER_WORKER_ROB,ROB,TRAINER_CLASS_WORKER,26,TRAINER_PIC_BW_WORKER,trainer_class_id
TRAINER_WORKER_RICH,RICH,TRAINER_CLASS_WORKER,26,TRAINER_PIC_BW_WORKER,trainer_class_id
TRAINER_WORKER_HEATH,HEATH,TRAINER_CLASS_WORKER,26,TRAINER_PIC_BW_WORKER,trainer_class_id
TRAINER_WORKER_CLIFF,CLIFF,TRAINER_CLASS_WORKER,26,TRAINER_PIC_BW_WORKER,trainer_class_id
TRAINER_WORKER_TRAINER_126,,TRAINER_CLASS_WORKER,26,TRAINER_PIC_BW_WORKER,trainer_class_id
TRAINER_WORKER_BRADY,BRADY,TRAINER_CLASS_WORKER,26,TRAINER_PIC_BW_WORKER,trainer_class_id
TRAINER_WORKER_ARNOLD,ARNOLD,TRAINER_CLASS_WORKER,26,TRAINER_PIC_BW_WORKER,trainer_class_id
TRAINER_STRIKER_TONY,TONY,TRAINER_CLASS_STRIKER,53,TRAINER_PIC_BW_STRIKER,trainer_class_id
TRAINER_STRIKER_ROBERTO,ROBERTO,TRAINER_CLASS_STRIKER,53,TRAINER_PIC_BW_STRIKER,trainer_class_id
TRAINER_LEADER_BRYCEN,BRYCEN,TRAINER_CLASS_LEADER,54,TRAINER_PIC_BW_BRYCEN,trainer_name
TRAINER_LEADER_IRIS,IRIS,TRAINER_CLASS_LEADER,55,TRAINER_PIC_BW_IRIS,trainer_name
TRAINER_LEADER_DRAYDEN,DRAYDEN,TRAINER_CLASS_LEADER,56,TRAINER_PIC_BW_DRAYDEN,trainer_name
TRAINER_ROUGHNECK_CHANCE,CHANCE,TRAINER_CLASS_ROUGHNECK,57,TRAINER_PIC_BW_ROUGHNECK,trainer_class_id
TRAINER_ROUGHNECK_REESE,REESE,TRAINER_CLASS_ROUGHNECK,57,TRAINER_PIC_BW_ROUGHNECK,trainer_class_id
TRAINER_ROUGHNECK_FLETCHER,FLETCHER,TRAINER_CLASS_ROUGHNECK,57,TRAINER_PIC_BW_ROUGHNECK,trainer_class_id
TRAINER_JANITOR_GEOFF,GEOFF,TRAINER_CLASS_JANITOR,58,TRAINER_PIC_BW_JANITOR,trainer_class_id
TRAINER_POKEFAN_M_JUDE,JUDE,TRAINER_CLASS_POKEFAN_M,59,TRAINER_PIC_BW_POKEFAN_M,trainer_class_id
TRAINER_POKEFAN_F_GEORGIA,GEORGIA,TRAINER_CLASS_POKEFAN_F,60,TRAINER_PIC_BW_POKEFAN_F,trainer_class_id
TRAINER_YOUNGSTER_ALBERT,ALBERT,TRAINER_CLASS_YOUNGSTER,2,TRAINER_PIC_BW_YOUNGSTER,trainer_class_id
TRAINER_YOUNGSTER_KENNETH,KENNETH,TRAINER_CLASS_YOUNGSTER,2,TRAINER_PIC_BW_YOUNGSTER,trainer_class_id
TRAINER_YOUNGSTER_MIKEY,MIKEY,TRAINER_CLASS_YOUNGSTER,2,TRAINER_PIC_BW_YOUNGSTER,trainer_class_id
TRAINER_YOUNGSTER_PARKER,PARKER,TRAINER_CLASS_YOUNGSTER,2,TRAINER_PIC_BW_YOUNGSTER,trainer_class_id
TRAINER_YOUNGSTER_ZACHARY,ZACHARY,TRAINER_CLASS_YOUNGSTER,2,TRAINER_PIC_BW_YOUNGSTER,trainer_class_id
TRAINER_YOUNGSTER_KEITA,KEITA,TRAINER_CLASS_YOUNGSTER,2,TRAINER_PIC_BW_YOUNGSTER,trainer_class_id
TRAINER_YOUNGSTER_ABE,ABE,TRAINER_CLASS_YOUNGSTER,2,TRAINER_PIC_BW_YOUNGSTER,trainer_class_id
TRAINER_YOUNGSTER_KEVIN,KEVIN,TRAINER_CLASS_YOUNGSTER,2,TRAINER_PIC_BW_YOUNGSTER,trainer_class_id
TRAINER_FISHERMAN_BRUCE,BRUCE,TRAINER_CLASS_FISHERMAN,29,TRAINER_PIC_BW_FISHERMAN,trainer_class_id
TRAINER_FISHERMAN_DEVON,DEVON,TRAINER_CLASS_FISHERMAN,29,TRAINER_PIC_BW_FISHERMAN,trainer_class_id
TRAINER_DOCTOR_WAYNE,WAYNE,TRAINER_CLASS_DOCTOR,61,TRAINER_PIC_BW_DOCTOR,trainer_class_id
TRAINER_DOCTOR_HANK,HANK,TRAINER_CLASS_DOCTOR,61,TRAINER_PIC_BW_DOCTOR,trainer_class_id
TRAINER_NURSE_SACHIKO,SACHIKO,TRAINER_CLASS_NURSE,62,TRAINER_PIC_BW_NURSE,trainer_class_id
TRAINER_BACKPACKER_M_JEROME,JEROME,TRAINER_CLASS_BACKPACKER_M,27,TRAINER_PIC_BW_BACKPACKER_M,trainer_class_id
TRAINER_BACKPACKER_M_TERRANCE,TERRANCE,TRAINER_CLASS_BACKPACKER_M,27,TRAINER_PIC_BW_BACKPACKER_M,trainer_class_id
TRAINER_BACKPACKER_F_RUTH,RUTH,TRAINER_CLASS_BACKPACKER_F,28,TRAINER_PIC_BW_BACKPACKER_F,trainer_class_id
TRAINER_BACKPACKER_F_ANNA,ANNA,TRAINER_CLASS_BACKPACKER_F,28,TRAINER_PIC_BW_BACKPACKER_F,trainer_class_id
TRAINER_HOOLIGANS_JIM_CAS,JIM & CAS,TRAINER_CLASS_HOOLIGANS,63,TRAINER_PIC_BW_HOOLIGANS,trainer_class_id
TRAINER_BATTLE_GIRL_AMY,AMY,TRAINER_CLASS_BATTLE_GIRL,64,TRAINER_PIC_BW_BATTLE_GIRL,trainer_class_id
TRAINER_BATTLE_GIRL_SHARON,SHARON,TRAINER_CLASS_BATTLE_GIRL,64,TRAINER_PIC_BW_BATTLE_GIRL,trainer_class_id
TRAINER_BATTLE_GIRL_LEE,LEE,TRAINER_CLASS_BATTLE_GIRL,64,TRAINER_PIC_BW_BATTLE_GIRL,trainer_class_id
TRAINER_PARASOL_LADY_NICOLE,NICOLE,TRAINER_CLASS_PARASOL_LADY,65,TRAINER_PIC_BW_PARASOL_LADY,trainer_class_id
TRAINER_PARASOL_LADY_TIHANA,TIHANA,TRAINER_CLASS_PARASOL_LADY,65,TRAINER_PIC_BW_PARASOL_LADY,trainer_class_id
TRAINER_PARASOL_LADY_MELITA,MELITA,TRAINER_CLASS_PARASOL_LADY,65,TRAINER_PIC_BW_PARASOL_LADY,trainer_class_id
TRAINER_PARASOL_LADY_LUMI,LUMI,TRAINER_CLASS_PARASOL_LADY,65,TRAINER_PIC_BW_PARASOL_LADY,trainer_class_id
TRAINER_CLERK_M_CLEMENS,CLEMENS,TRAINER_CLASS_CLERK_M,66,TRAINER_PIC_BW_CLERK_M_A,trainer_class_id
TRAINER_CLERK_M_WARREN,WARREN,TRAINER_CLASS_CLERK_M,66,TRAINER_PIC_BW_CLERK_M_A,trainer_class_id
TRAINER_CLERK_M_IVAN,IVAN,TRAINER_CLASS_CLERK_M,66,TRAINER_PIC_BW_CLERK_M_A,trainer_class_id
TRAINER_CLERK_M_ISAAC,ISAAC,TRAINER_CLASS_CLERK_M,66,TRAINER_PIC_BW_CLERK_M_A,trainer_class_id
TRAINER_CLERK_M_CHAZ,CHAZ,TRAINER_CLASS_CLERK_M,66,TRAINER_PIC_BW_CLERK_M_A,trainer_class_id
TRAINER_CLERK_M_WADE,WADE,TRAINER_CLASS_CLERK_M,67,TRAINER_PIC_BW_CLERK_M_B,trainer_class_id
TRAINER_CLERK_M_FREDRIC,FREDRIC,TRAINER_CLASS_CLERK_M,67,TRAINER_PIC_BW_CLERK_M_B,trainer_class_id
TRAINER_BACKERS_HAWK_DAR,HAWK & DAR,TRAINER_CLASS_BACKERS,68,TRAINER_PIC_BW_BACKERS_M,trainer_class_id
TRAINER_BACKERS_JOE_ROSS,JOE & ROSS,TRAINER_CLASS_BACKERS,68,TRAINER_PIC_BW_BACKERS_M,trainer_class_id
TRAINER_BACKERS_MASA_YAS,MASA & YAS,TRAINER_CLASS_BACKERS,68,TRAINER_PIC_BW_BACKERS_M,trainer_class_id
TRAINER_BACKERS_KAY_ALI,KAY & ALI,TRAINER_CLASS_BACKERS,69,TRAINER_PIC_BW_BACKERS_F,trainer_class_id
TRAINER_BACKERS_AMI_EIRA,AMI & EIRA,TRAINER_CLASS_BACKERS,69,TRAINER_PIC_BW_BACKERS_F,trainer_class_id
TRAINER_LINEBACKER_BOB,BOB,TRAINER_CLASS_LINEBACKER,7,TRAINER_PIC_BW_LINEBACKER,trainer_class_id
TRAINER_VETERAN_M_CHESTER,CHESTER,TRAINER_CLASS_VETERAN_M,70,TRAINER_PIC_BW_VETERAN_M,trainer_class_id
TRAINER_VETERAN_F_KARLA,KARLA,TRAINER_CLASS_VETERAN_F,71,TRAINER_PIC_BW_VETERAN_F,trainer_class_id
TRAINER_BIKER_PHILLIP,PHILLIP,TRAINER_CLASS_BIKER,72,TRAINER_PIC_BW_BIKER,trainer_class_id
TRAINER_BIKER_ZEKE,ZEKE,TRAINER_CLASS_BIKER,72,TRAINER_PIC_BW_BIKER,trainer_class_id
TRAINER_PKMN_RANGER_M_RICHARD,RICHARD,TRAINER_CLASS_PKMN_RANGER_M,24,TRAINER_PIC_BW_POKEMON_RANGER_M,trainer_class_id
TRAINER_PKMN_RANGER_M_PEDRO,PEDRO,TRAINER_CLASS_PKMN_RANGER_M,24,TRAINER_PIC_BW_POKEMON_RANGER_M,trainer_class_id
TRAINER_PKMN_RANGER_M_LEWIS,LEWIS,TRAINER_CLASS_PKMN_RANGER_M,24,TRAINER_PIC_BW_POKEMON_RANGER_M,trainer_class_id
TRAINER_PKMN_RANGER_M_ALAIN,ALAIN,TRAINER_CLASS_PKMN_RANGER_M,24,TRAINER_PIC_BW_POKEMON_RANGER_M,trainer_class_id
TRAINER_PKMN_RANGER_F_SHANTI,SHANTI,TRAINER_CLASS_PKMN_RANGER_F,25,TRAINER_PIC_BW_POKEMON_RANGER_F,trainer_class_id
TRAINER_PKMN_RANGER_F_MARY,MARY,TRAINER_CLASS_PKMN_RANGER_F,25,TRAINER_PIC_BW_POKEMON_RANGER_F,trainer_class_id
TRAINER_PKMN_RANGER_F_ANNIE,ANNIE,TRAINER_CLASS_PKMN_RANGER_F,25,TRAINER_PIC_BW_POKEMON_RANGER_F,trainer_class_id
TRAINER_PKMN_RANGER_F_HEIDI,HEIDI,TRAINER_CLASS_PKMN_RANGER_F,25,TRAINER_PIC_BW_POKEMON_RANGER_F,trainer_class_id
TRAINER_LASS_KARA,KARA,TRAINER_CLASS_LASS,3,TRAINER_PIC_BW_LASS,trainer_class_id
TRAINER_INFIELDER_ALEX,ALEX,TRAINER_CLASS_INFIELDER,73,TRAINER_PIC_BW_INFIELDER,trainer_class_id
TRAINER_INFIELDER_CONNOR,CONNOR,TRAINER_CLASS_INFIELDER,73,TRAINER_PIC_BW_INFIELDER,trainer_class_id
TRAINER_HIKER_BRET,BRET,TRAINER_CLASS_HIKER,74,TRAINER_PIC_BW_HIKER,trainer_class_id
TRAINER_HIKER_HARDY,HARDY,TRAINER_CLASS_HIKER,74,TRAINER_PIC_BW_HIKER,trainer_class_id
TRAINER_HIKER_NEIL,NEIL,TRAINER_CLASS_HIKER,74,TRAINER_PIC_BW_HIKER,trainer_class_id
TRAINER_HARLEQUIN_JACK,JACK,TRAINER_CLASS_HARLEQUIN,32,TRAINER_PIC_BW_HARLEQUIN,trainer_class_id
TRAINER_HARLEQUIN_TRAINER_197,,TRAINER_CLASS_HARLEQUIN,32,TRAINER_PIC_BW_HARLEQUIN,trainer_class_id
TRAINER_HARLEQUIN_LOUIS,LOUIS,TRAINER_CLASS_HARLEQUIN,32,TRAINER_PIC_BW_HARLEQUIN,trainer_class_id
TRAINER_HARLEQUIN_KERRY,KERRY,TRAINER_CLASS_HARLEQUIN,32,TRAINER_PIC_BW_HARLEQUIN,trainer_class_id
TRAINER_HARLEQUIN_RICK,RICK,TRAINER_CLASS_HARLEQUIN,32,TRAINER_PIC_BW_HARLEQUIN,trainer_class_id
TRAINER_WORKER_FELIX,FELIX,TRAINER_CLASS_WORKER,26,TRAINER_PIC_BW_WORKER,trainer_class_id
TRAINER_WORKER_STERLING,STERLING,TRAINER_CLASS_WORKER,26,TRAINER_PIC_BW_WORKER,trainer_class_id
TRAINER_WORKER_DON,DON,TRAINER_CLASS_WORKER,26,TRAINER_PIC_BW_WORKER,trainer_class_id
TRAINER_TWINS_TRAINER_204,,TRAINER_CLASS_TWINS,16,TRAINER_PIC_BW_TWINS,trainer_class_id
TRAINER_ACE_TRAINER_M_MARIANA,MARIANA,TRAINER_CLASS_ACE_TRAINER_M,49,TRAINER_PIC_BW_ACE_TRAINER_F,trainer_class_id
TRAINER_ACE_TRAINER_F_HENRY,HENRY,TRAINER_CLASS_ACE_TRAINER_F,50,TRAINER_PIC_BW_ACE_TRAINER_M,trainer_class_id
TRAINER_LASS_SIBYL,SIBYL,TRAINER_CLASS_LASS,3,TRAINER_PIC_BW_LASS,trainer_class_id
TRAINER_RICH_BOY_BRAD,BRAD,TRAINER_CLASS_RICH_BOY,41,TRAINER_PIC_BW_RICH_BOY,trainer_class_id
TRAINER_LADY_ELIZANDRA,ELIZANDRA,TRAINER_CLASS_LADY,42,TRAINER_PIC_BW_LADY,trainer_class_id
TRAINER_SOCIALITE_CASSANDRA,CASSANDRA,TRAINER_CLASS_SOCIALITE,75,TRAINER_PIC_BW_SOCIALITE,trainer_class_id
TRAINER_GENTLEMAN_ROBERT,ROBERT,TRAINER_CLASS_GENTLEMAN,76,TRAINER_PIC_BW_GENTLEMAN,trainer_class_id
TRAINER_BATTLE_GIRL_MIRIAM,MIRIAM,TRAINER_CLASS_BATTLE_GIRL,64,TRAINER_PIC_BW_BATTLE_GIRL,trainer_class_id
TRAINER_BATTLE_GIRL_MIKIKO,MIKIKO,TRAINER_CLASS_BATTLE_GIRL,64,TRAINER_PIC_BW_BATTLE_GIRL,trainer_class_id
TRAINER_BATTLE_GIRL_CHANDRA,CHANDRA,TRAINER_CLASS_BATTLE_GIRL,64,TRAINER_PIC_BW_BATTLE_GIRL,trainer_class_id
TRAINER_BLACK_BELT_GRANT,GRANT,TRAINER_CLASS_BLACK_BELT,51,TRAINER_PIC_BW_BLACK_BELT,trainer_class_id
TRAINER_BLACK_BELT_KENDREW,KENDREW,TRAINER_CLASS_BLACK_BELT,51,TRAINER_PIC_BW_BLACK_BELT,trainer_class_id
TRAINER_BLACK_BELT_THOMAS,THOMAS,TRAINER_CLASS_BLACK_BELT,51,TRAINER_PIC_BW_BLACK_BELT,trainer_class_id
TRAINER_TEAM_PLASMA_N_2,N,TRAINER_CLASS_TEAM_PLASMA,47,TRAINER_PIC_BW_N,trainer_name
TRAINER_PKMN_TRAINER_TRAINER_219,,TRAINER_CLASS_PKMN_TRAINER,40,TRAINER_PIC_BW_N,trainer_class_id
TRAINER_TEAM_PLASMA_TRAINER_220,,TRAINER_CLASS_TEAM_PLASMA,47,TRAINER_PIC_BW_N,trainer_class_id
TRAINER_TEAM_PLASMA_GRUNT_4,GRUNT,TRAINER_CLASS_TEAM_PLASMA,39,TRAINER_PIC_BW_PLASMA_GRUNT_M,trainer_class_id
TRAINER_TEAM_PLASMA_GRUNT_5,GRUNT,TRAINER_CLASS_TEAM_PLASMA,39,TRAINER_PIC_BW_PLASMA_GRUNT_M,trainer_class_id
TRAINER_TEAM_PLASMA_GRUNT_6,GRUNT,TRAINER_CLASS_TEAM_PLASMA,39,TRAINER_PIC_BW_PLASMA_GRUNT_M,trainer_class_id
TRAINER_TEAM_PLASMA_GRUNT_7,GRUNT,TRAINER_CLASS_TEAM_PLASMA,39,TRAINER_PIC_BW_PLASMA_GRUNT_M,trainer_class_id
TRAINER_TEAM_PLASMA_GRUNT_8,GRUNT,TRAINER_CLASS_TEAM_PLASMA,77,TRAINER_PIC_BW_PLASMA_GRUNT_F,trainer_class_id
TRAINER_TEAM_PLASMA_GRUNT_9,GRUNT,TRAINER_CLASS_TEAM_PLASMA,77,TRAINER_PIC_BW_PLASMA_GRUNT_F,trainer_class_id
TRAINER_TEAM_PLASMA_GRUNT_10,GRUNT,TRAINER_CLASS_TEAM_PLASMA,77,TRAINER_PIC_BW_PLASMA_GRUNT_F,trainer_class_id
TRAINER_ELITE_FOUR_SHAUNTAL,SHAUNTAL,TRAINER_CLASS_ELITE_FOUR,78,TRAINER_PIC_BW_SHAUNTAL,trainer_name
TRAINER_ELITE_FOUR_MARSHAL,MARSHAL,TRAINER_CLASS_ELITE_FOUR,79,TRAINER_PIC_BW_MARSHAL,trainer_name
TRAINER_ELITE_FOUR_GRIMSLEY,GRIMSLEY,TRAINER_CLASS_ELITE_FOUR,80,TRAINER_PIC_BW_GRIMSLEY,trainer_name
TRAINER_ELITE_FOUR_CAITLIN,CAITLIN,TRAINER_CLASS_ELITE_FOUR,81,TRAINER_PIC_BW_CAITLIN,trainer_name
TRAINER_TEAM_PLASMA_GHETSIS,GHETSIS,TRAINER_CLASS_TEAM_PLASMA,82,TRAINER_PIC_BW_GHETSIS,trainer_name
TRAINER_PSYCHIC_M_LOW,LOW,TRAINER_CLASS_PSYCHIC_M,35,TRAINER_PIC_BW_PSYCHIC_M,trainer_class_id
TRAINER_PSYCHIC_M_GAVEN,GAVEN,TRAINER_CLASS_PSYCHIC_M,35,TRAINER_PIC_BW_PSYCHIC_M,trainer_class_id
TRAINER_PSYCHIC_F_CYBIL,CYBIL,TRAINER_CLASS_PSYCHIC_F,36,TRAINER_PIC_BW_PSYCHIC_F,trainer_class_id
TRAINER_BACKPACKER_M_KELSEY,KELSEY,TRAINER_CLASS_BACKPACKER_M,27,TRAINER_PIC_BW_BACKPACKER_M,trainer_class_id
TRAINER_BACKPACKER_M_NATE,NATE,TRAINER_CLASS_BACKPACKER_M,27,TRAINER_PIC_BW_BACKPACKER_M,trainer_class_id
TRAINER_BACKPACKER_F_LIZ,LIZ,TRAINER_CLASS_BACKPACKER_F,28,TRAINER_PIC_BW_BACKPACKER_F,trainer_class_id
TRAINER_BACKPACKER_F_ELAINE,ELAINE,TRAINER_CLASS_BACKPACKER_F,28,TRAINER_PIC_BW_BACKPACKER_F,trainer_class_id
TRAINER_SCIENTIST_RONALD,RONALD,TRAINER_CLASS_SCIENTIST,52,TRAINER_PIC_BW_SCIENTIST_M,trainer_class_id
TRAINER_WORKER_BRAND,BRAND,TRAINER_CLASS_WORKER,26,TRAINER_PIC_BW_WORKER,trainer_class_id
TRAINER_HIKER_DARRELL,DARRELL,TRAINER_CLASS_HIKER,74,TRAINER_PIC_BW_HIKER,trainer_class_id
TRAINER_HIKER_TERRELL,TERRELL,TRAINER_CLASS_HIKER,74,TRAINER_PIC_BW_HIKER,trainer_class_id
TRAINER_ACE_TRAINER_M_SHANTA,SHANTA,TRAINER_CLASS_ACE_TRAINER_M,49,TRAINER_PIC_BW_ACE_TRAINER_F,trainer_class_id
TRAINER_ACE_TRAINER_M_CATHY,CATHY,TRAINER_CLASS_ACE_TRAINER_M,49,TRAINER_PIC_BW_ACE_TRAINER_F,trainer_class_id
TRAINER_ACE_TRAINER_F_DWAYNE,DWAYNE,TRAINER_CLASS_ACE_TRAINER_F,50,TRAINER_PIC_BW_ACE_TRAINER_M,trainer_class_id
TRAINER_ACE_TRAINER_F_DAVID,DAVID,TRAINER_CLASS_ACE_TRAINER_F,50,TRAINER_PIC_BW_ACE_TRAINER_M,trainer_class_id
TRAINER_BLACK_BELT_TYRONE,TYRONE,TRAINER_CLASS_BLACK_BELT,51,TRAINER_PIC_BW_BLACK_BELT,trainer_class_id
TRAINER_DOCTOR_LOGAN,LOGAN,TRAINER_CLASS_DOCTOR,61,TRAINER_PIC_BW_DOCTOR,trainer_class_id
TRAINER_VETERAN_M_MARTELL,MARTELL,TRAINER_CLASS_VETERAN_M,70,TRAINER_PIC_BW_VETERAN_M,trainer_class_id
TRAINER_VETERAN_F_TIFFANY,TIFFANY,TRAINER_CLASS_VETERAN_F,71,TRAINER_PIC_BW_VETERAN_F,trainer_class_id
TRAINER_BLACK_BELT_EDWARD,EDWARD,TRAINER_CLASS_BLACK_BELT,51,TRAINER_PIC_BW_BLACK_BELT,trainer_class_id
TRAINER_BATTLE_GIRL_MAGGIE,MAGGIE,TRAINER_CLASS_BATTLE_GIRL,64,TRAINER_PIC_BW_BATTLE_GIRL,trainer_class_id
TRAINER_BATTLE_GIRL_XIAO,XIAO,TRAINER_CLASS_BATTLE_GIRL,64,TRAINER_PIC_BW_BATTLE_GIRL,trainer_class_id
TRAINER_HIKER_HUGH,HUGH,TRAINER_CLASS_HIKER,74,TRAINER_PIC_BW_HIKER,trainer_class_id
TRAINER_HIKER_CLARKE,CLARKE,TRAINER_CLASS_HIKER,74,TRAINER_PIC_BW_HIKER,trainer_class_id
TRAINER_SCIENTIST_RON,RON,TRAINER_CLASS_SCIENTIST,52,TRAINER_PIC_BW_SCIENTIST_M,trainer_class_id
TRAINER_SCIENTIST_MARIA,MARIA,TRAINER_CLASS_SCIENTIST,46,TRAINER_PIC_BW_SCIENTIST_F,trainer_class_id
TRAINER_VETERAN_M_SHAUN,SHAUN,TRAINER_CLASS_VETERAN_M,70,TRAINER_PIC_BW_VETERAN_M,trainer_class_id
TRAINER_VETERAN_F_JULIA,JULIA,TRAINER_CLASS_VETERAN_F,71,TRAINER_PIC_BW_VETERAN_F,trainer_class_id
TRAINER_ACE_TRAINER_M_BEVERLY,BEVERLY,TRAINER_CLASS_ACE_TRAINER_M,49,TRAINER_PIC_BW_ACE_TRAINER_F,trainer_class_id
TRAINER_ACE_TRAINER_F_TERRY,TERRY,TRAINER_CLASS_ACE_TRAINER_F,50,TRAINER_PIC_BW_ACE_TRAINER_M,trainer_class_id
TRAINER_PSYCHIC_F_BELLE,BELLE,TRAINER_CLASS_PSYCHIC_F,36,TRAINER_PIC_BW_PSYCHIC_F,trainer_class_id
TRAINER_ACE_TRAINER_M_KASSANDRA,KASSANDRA,TRAINER_CLASS_ACE_TRAINER_M,49,TRAINER_PIC_BW_ACE_TRAINER_F,trainer_class_id
TRAINER_ACE_TRAINER_M_OLWEN,OLWEN,TRAINER_CLASS_ACE_TRAINER_M,49,TRAINER_PIC_BW_ACE_TRAINER_F,trainer_class_id
TRAINER_ACE_TRAINER_M_CLARA,CLARA,TRAINER_CLASS_ACE_TRAINER_M,49,TRAINER_PIC_BW_ACE_TRAINER_F,trainer_class_id
TRAINER_ACE_TRAINER_M_DARA,DARA,TRAINER_CLASS_ACE_TRAINER_M,49,TRAINER_PIC_BW_ACE_TRAINER_F,trainer_class_id
TRAINER_ACE_TRAINER_M_TRAINER_268,,TRAINER_CLASS_ACE_TRAINER_M,49,TRAINER_PIC_BW_ACE_TRAINER_F,trainer_class_id
TRAINER_ACE_TRAINER_F_BECKETT,BECKETT,TRAINER_CLASS_ACE_TRAINER_F,50,TRAINER_PIC_BW_ACE_TRAINER_M,trainer_class_id
TRAINER_ACE_TRAINER_F_WEBSTER,WEBSTER,TRAINER_CLASS_ACE_TRAINER_F,50,TRAINER_PIC_BW_ACE_TRAINER_M,trainer_class_id
TRAINER_ACE_TRAINER_F_JOSE,JOSE,TRAINER_CLASS_ACE_TRAINER_F,50,TRAINER_PIC_BW_ACE_TRAINER_M,trainer_class_id
TRAINER_ACE_TRAINER_F_TOM,TOM,TRAINER_CLASS_ACE_TRAINER_F,50,TRAINER_PIC_BW_ACE_TRAINER_M,trainer_class_id
TRAINER_ACE_TRAINER_F_TRAINER_273,,TRAINER_CLASS_ACE_TRAINER_F,50,TRAINER_PIC_BW_ACE_TRAINER_M,trainer_class_id
TRAINER_VETERAN_M_HUGO,HUGO,TRAINER_CLASS_VETERAN_M,70,TRAINER_PIC_BW_VETERAN_M,trainer_class_id
TRAINER_VETERAN_F_KIM,KIM,TRAINER_CLASS_VETERAN_F,71,TRAINER_PIC_BW_VETERAN_F,trainer_class_id
TRAINER_TEAM_PLASMA_GRUNT_11,GRUNT,TRAINER_CLASS_TEAM_PLASMA,39,TRAINER_PIC_BW_PLASMA_GRUNT_M,trainer_class_id
TRAINER_TEAM_PLASMA_TRAINER_277,,TRAINER_CLASS_TEAM_PLASMA,39,TRAINER_PIC_BW_PLASMA_GRUNT_M,trainer_class_id
TRAINER_TEAM_PLASMA_GRUNT_12,GRUNT,TRAINER_CLASS_TEAM_PLASMA,77,TRAINER_PIC_BW_PLASMA_GRUNT_F,trainer_class_id
TRAINER_TEAM_PLASMA_GRUNT_13,GRUNT,TRAINER_CLASS_TEAM_PLASMA,39,TRAINER_PIC_BW_PLASMA_GRUNT_M,trainer_class_id
TRAINER_ACE_TRAINER_M_TRAINER_280,,TRAINER_CLASS_ACE_TRAINER_M,49,TRAINER_PIC_BW_ACE_TRAINER_F,trainer_class_id
TRAINER_ACE_TRAINER_F_AUSTIN,AUSTIN,TRAINER_CLASS_ACE_TRAINER_F,50,TRAINER_PIC_BW_ACE_TRAINER_M,trainer_class_id
TRAINER_CLERK_M_TRAINER_282,,TRAINER_CLASS_CLERK_M,66,TRAINER_PIC_BW_CLERK_M_A,trainer_class_id
TRAINER_WAITER_TRAINER_283,,TRAINER_CLASS_WAITER,8,TRAINER_PIC_BW_WAITER,trainer_class_id
TRAINER_RICH_BOY_MARTIN,MARTIN,TRAINER_CLASS_RICH_BOY,41,TRAINER_PIC_BW_RICH_BOY,trainer_class_id
TRAINER_LASS_MAYA,MAYA,TRAINER_CLASS_LASS,3,TRAINER_PIC_BW_LASS,trainer_class_id
TRAINER_LADY_TRAINER_286,,TRAINER_CLASS_LADY,42,TRAINER_PIC_BW_LADY,trainer_class_id
TRAINER_PKMN_TRAINER_CHEREN_10,CHEREN,TRAINER_CLASS_PKMN_TRAINER,37,TRAINER_PIC_BW_CHEREN,trainer_name
TRAINER_PKMN_TRAINER_CHEREN_11,CHEREN,TRAINER_CLASS_PKMN_TRAINER,37,TRAINER_PIC_BW_CHEREN,trainer_name
TRAINER_PKMN_TRAINER_CHEREN_12,CHEREN,TRAINER_CLASS_PKMN_TRAINER,37,TRAINER_PIC_BW_CHEREN,trainer_name
TRAINER_BACKPACKER_M_KEANE,KEANE,TRAINER_CLASS_BACKPACKER_M,27,TRAINER_PIC_BW_BACKPACKER_M,trainer_class_id
TRAINER_WORKER_GUS,GUS,TRAINER_CLASS_WORKER,26,TRAINER_PIC_BW_WORKER,trainer_class_id
TRAINER_SCHOOL_KID_F_GINA,GINA,TRAINER_CLASS_SCHOOL_KID_F,5,TRAINER_PIC_BW_SCHOOL_KID_F,trainer_class_id
TRAINER_TEAM_PLASMA_GRUNT_14,GRUNT,TRAINER_CLASS_TEAM_PLASMA,39,TRAINER_PIC_BW_PLASMA_GRUNT_M,trainer_class_id
TRAINER_TEAM_PLASMA_GRUNT_15,GRUNT,TRAINER_CLASS_TEAM_PLASMA,39,TRAINER_PIC_BW_PLASMA_GRUNT_M,trainer_class_id
TRAINER_TEAM_PLASMA_GRUNT_16,GRUNT,TRAINER_CLASS_TEAM_PLASMA,39,TRAINER_PIC_BW_PLASMA_GRUNT_M,trainer_class_id
TRAINER_TEAM_PLASMA_GRUNT_17,GRUNT,TRAINER_CLASS_TEAM_PLASMA,39,TRAINER_PIC_BW_PLASMA_GRUNT_M,trainer_class_id
TRAINER_TEAM_PLASMA_GRUNT_18,GRUNT,TRAINER_CLASS_TEAM_PLASMA,39,TRAINER_PIC_BW_PLASMA_GRUNT_M,trainer_class_id
TRAINER_TEAM_PLASMA_GRUNT_19,GRUNT,TRAINER_CLASS_TEAM_PLASMA,39,TRAINER_PIC_BW_PLASMA_GRUNT_M,trainer_class_id
TRAINER_TEAM_PLASMA_GRUNT_20,GRUNT,TRAINER_CLASS_TEAM_PLASMA,39,TRAINER_PIC_BW_PLASMA_GRUNT_M,trainer_class_id
TRAINER_TEAM_PLASMA_GRUNT_21,GRUNT,TRAINER_CLASS_TEAM_PLASMA,39,TRAINER_PIC_BW_PLASMA_GRUNT_M,trainer_class_id
TRAINER_TEAM_PLASMA_GRUNT_22,GRUNT,TRAINER_CLASS_TEAM_PLASMA,39,TRAINER_PIC_BW_PLASMA_GRUNT_M,trainer_class_id
TRAINER_TEAM_PLASMA_GRUNT_23,GRUNT,TRAINER_CLASS_TEAM_PLASMA,39,TRAINER_PIC_BW_PLASMA_GRUNT_M,trainer_class_id
TRAINER_TEAM_PLASMA_GRUNT_24,GRUNT,TRAINER_CLASS_TEAM_PLASMA,39,TRAINER_PIC_BW_PLASMA_GRUNT_M,trainer_class_id
TRAINER_TEAM_PLASMA_GRUNT_25,GRUNT,TRAINER_CLASS_TEAM_PLASMA,39,TRAINER_PIC_BW_PLASMA_GRUNT_M,trainer_class_id
TRAINER_TEAM_PLASMA_GRUNT_26,GRUNT,TRAINER_CLASS_TEAM_PLASMA,39,TRAINER_PIC_BW_PLASMA_GRUNT_M,trainer_class_id
TRAINER_TEAM_PLASMA_GRUNT_27,GRUNT,TRAINER_CLASS_TEAM_PLASMA,39,TRAINER_PIC_BW_PLASMA_GRUNT_M,trainer_class_id
TRAINER_TEAM_PLASMA_GRUNT_28,GRUNT,TRAINER_CLASS_TEAM_PLASMA,39,TRAINER_PIC_BW_PLASMA_GRUNT_M,trainer_class_id
TRAINER_TEAM_PLASMA_GRUNT_29,GRUNT,TRAINER_CLASS_TEAM_PLASMA,77,TRAINER_PIC_BW_PLASMA_GRUNT_F,trainer_class_id
TRAINER_TEAM_PLASMA_GRUNT_30,GRUNT,TRAINER_CLASS_TEAM_PLASMA,77,TRAINER_PIC_BW_PLASMA_GRUNT_F,trainer_class_id
TRAINER_TEAM_PLASMA_GRUNT_31,GRUNT,TRAINER_CLASS_TEAM_PLASMA,77,TRAINER_PIC_BW_PLASMA_GRUNT_F,trainer_class_id
TRAINER_TEAM_PLASMA_GRUNT_32,GRUNT,TRAINER_CLASS_TEAM_PLASMA,77,TRAINER_PIC_BW_PLASMA_GRUNT_F,trainer_class_id
TRAINER_TEAM_PLASMA_GRUNT_33,GRUNT,TRAINER_CLASS_TEAM_PLASMA,77,TRAINER_PIC_BW_PLASMA_GRUNT_F,trainer_class_id
TRAINER_TEAM_PLASMA_GRUNT_34,GRUNT,TRAINER_CLASS_TEAM_PLASMA,77,TRAINER_PIC_BW_PLASMA_GRUNT_F,trainer_class_id
TRAINER_SMASHER_MARI,MARI,TRAINER_CLASS_SMASHER,6,TRAINER_PIC_BW_SMASHER,trainer_class_id
TRAINER_SMASHER_ELENA_2,ELENA,TRAINER_CLASS_SMASHER,6,TRAINER_PIC_BW_SMASHER,trainer_class_id
TRAINER_SMASHER_ELENA_3,ELENA,TRAINER_CLASS_SMASHER,6,TRAINER_PIC_BW_SMASHER,trainer_class_id
TRAINER_SMASHER_ELENA_4,ELENA,TRAINER_CLASS_SMASHER,6,TRAINER_PIC_BW_SMASHER,trainer_class_id
TRAINER_SMASHER_ASPEN_2,ASPEN,TRAINER_CLASS_SMASHER,6,TRAINER_PIC_BW_SMASHER,trainer_class_id
TRAINER_INFIELDER_TODD,TODD,TRAINER_CLASS_INFIELDER,73,TRAINER_PIC_BW_INFIELDER,trainer_class_id
TRAINER_INFIELDER_ALEX_2,ALEX,TRAINER_CLASS_INFIELDER,73,TRAINER_PIC_BW_INFIELDER,trainer_class_id
TRAINER_INFIELDER_ALEX_3,ALEX,TRAINER_CLASS_INFIELDER,73,TRAINER_PIC_BW_INFIELDER,trainer_class_id
TRAINER_INFIELDER_ALEX_4,ALEX,TRAINER_CLASS_INFIELDER,73,TRAINER_PIC_BW_INFIELDER,trainer_class_id
TRAINER_INFIELDER_CONNOR_2,CONNOR,TRAINER_CLASS_INFIELDER,73,TRAINER_PIC_BW_INFIELDER,trainer_class_id
TRAINER_STRIKER_MARCO,MARCO,TRAINER_CLASS_STRIKER,53,TRAINER_PIC_BW_STRIKER,trainer_class_id
TRAINER_STRIKER_TONY_2,TONY,TRAINER_CLASS_STRIKER,53,TRAINER_PIC_BW_STRIKER,trainer_class_id
TRAINER_STRIKER_TONY_3,TONY,TRAINER_CLASS_STRIKER,53,TRAINER_PIC_BW_STRIKER,trainer_class_id
TRAINER_STRIKER_TONY_4,TONY,TRAINER_CLASS_STRIKER,53,TRAINER_PIC_BW_STRIKER,trainer_class_id
TRAINER_STRIKER_ROBERTO_2,ROBERTO,TRAINER_CLASS_STRIKER,53,TRAINER_PIC_BW_STRIKER,trainer_class_id
TRAINER_LINEBACKER_JONAH,JONAH,TRAINER_CLASS_LINEBACKER,7,TRAINER_PIC_BW_LINEBACKER,trainer_class_id
TRAINER_LINEBACKER_DAN_2,DAN,TRAINER_CLASS_LINEBACKER,7,TRAINER_PIC_BW_LINEBACKER,trainer_class_id
TRAINER_LINEBACKER_DAN_3,DAN,TRAINER_CLASS_LINEBACKER,7,TRAINER_PIC_BW_LINEBACKER,trainer_class_id
TRAINER_LINEBACKER_DAN_4,DAN,TRAINER_CLASS_LINEBACKER,7,TRAINER_PIC_BW_LINEBACKER,trainer_class_id
TRAINER_LINEBACKER_BOB_2,BOB,TRAINER_CLASS_LINEBACKER,7,TRAINER_PIC_BW_LINEBACKER,trainer_class_id
TRAINER_HOOPSTER_LAMARCUS,LAMARCUS,TRAINER_CLASS_HOOPSTER,45,TRAINER_PIC_BW_HOOPSTER,trainer_class_id
TRAINER_HOOPSTER_BOBBY_2,BOBBY,TRAINER_CLASS_HOOPSTER,45,TRAINER_PIC_BW_HOOPSTER,trainer_class_id
TRAINER_HOOPSTER_BOBBY_3,BOBBY,TRAINER_CLASS_HOOPSTER,45,TRAINER_PIC_BW_HOOPSTER,trainer_class_id
TRAINER_HOOPSTER_BOBBY_4,BOBBY,TRAINER_CLASS_HOOPSTER,45,TRAINER_PIC_BW_HOOPSTER,trainer_class_id
TRAINER_HOOPSTER_JOHN_2,JOHN,TRAINER_CLASS_HOOPSTER,45,TRAINER_PIC_BW_HOOPSTER,trainer_class_id
TRAINER_BACKERS_HAWK_DAR_2,HAWK & DAR,TRAINER_CLASS_BACKERS,68,TRAINER_PIC_BW_BACKERS_M,trainer_class_id
TRAINER_BACKERS_HAWK_DAR_3,HAWK & DAR,TRAINER_CLASS_BACKERS,68,TRAINER_PIC_BW_BACKERS_M,trainer_class_id
TRAINER_BACKERS_JOE_ROSS_2,JOE & ROSS,TRAINER_CLASS_BACKERS,68,TRAINER_PIC_BW_BACKERS_M,trainer_class_id
TRAINER_BACKERS_JOE_ROSS_3,JOE & ROSS,TRAINER_CLASS_BACKERS,68,TRAINER_PIC_BW_BACKERS_M,trainer_class_id
TRAINER_BACKERS_MASA_YAS_2,MASA & YAS,TRAINER_CLASS_BACKERS,68,TRAINER_PIC_BW_BACKERS_M,trainer_class_id
TRAINER_BACKERS_MASA_YAS_3,MASA & YAS,TRAINER_CLASS_BACKERS,68,TRAINER_PIC_BW_BACKERS_M,trainer_class_id
TRAINER_BACKERS_LES_WEB,LES & WEB,TRAINER_CLASS_BACKERS,68,TRAINER_PIC_BW_BACKERS_M,trainer_class_id
TRAINER_BACKERS_ALF_FRED,ALF & FRED,TRAINER_CLASS_BACKERS,68,TRAINER_PIC_BW_BACKERS_M,trainer_class_id
TRAINER_BACKERS_KAY_ALI_2,KAY & ALI,TRAINER_CLASS_BACKERS,69,TRAINER_PIC_BW_BACKERS_F,trainer_class_id
TRAINER_BACKERS_KAY_ALI_3,KAY & ALI,TRAINER_CLASS_BACKERS,69,TRAINER_PIC_BW_BACKERS_F,trainer_class_id
TRAINER_BACKERS_AMI_EIRA_2,AMI & EIRA,TRAINER_CLASS_BACKERS,69,TRAINER_PIC_BW_BACKERS_F,trainer_class_id
TRAINER_BACKERS_AMI_EIRA_3,AMI & EIRA,TRAINER_CLASS_BACKERS,69,TRAINER_PIC_BW_BACKERS_F,trainer_class_id
TRAINER_BACKERS_CAM_ABBY,CAM & ABBY,TRAINER_CLASS_BACKERS,69,TRAINER_PIC_BW_BACKERS_F,trainer_class_id
TRAINER_BACKERS_AI_CIEL,AI & CIEL,TRAINER_CLASS_BACKERS,69,TRAINER_PIC_BW_BACKERS_F,trainer_class_id
TRAINER_BACKERS_KAT_PHAE,KAT & PHAE,TRAINER_CLASS_BACKERS,69,TRAINER_PIC_BW_BACKERS_F,trainer_class_id
TRAINER_LASS_DANA,DANA,TRAINER_CLASS_LASS,3,TRAINER_PIC_BW_LASS,trainer_class_id
TRAINER_SCHOOL_KID_M_ALAN,ALAN,TRAINER_CLASS_SCHOOL_KID_M,4,TRAINER_PIC_BW_SCHOOL_KID_M,trainer_class_id
TRAINER_SCHOOL_KID_F_SALLY,SALLY,TRAINER_CLASS_SCHOOL_KID_F,5,TRAINER_PIC_BW_SCHOOL_KID_F,trainer_class_id
TRAINER_ACE_TRAINER_M_LUCILLE,LUCILLE,TRAINER_CLASS_ACE_TRAINER_M,49,TRAINER_PIC_BW_ACE_TRAINER_F,trainer_class_id
TRAINER_ACE_TRAINER_F_CHARLIE,CHARLIE,TRAINER_CLASS_ACE_TRAINER_F,50,TRAINER_PIC_BW_ACE_TRAINER_M,trainer_class_id
TRAINER_VETERAN_M_ARLEN,ARLEN,TRAINER_CLASS_VETERAN_M,70,TRAINER_PIC_BW_VETERAN_M,trainer_class_id
TRAINER_VETERAN_F_SAYURI,SAYURI,TRAINER_CLASS_VETERAN_F,71,TRAINER_PIC_BW_VETERAN_F,trainer_class_id
TRAINER_PKMN_BREEDER_M_OWEN,OWEN,TRAINER_CLASS_PKMN_BREEDER_M,17,TRAINER_PIC_BW_POKEMON_BREEDER_M,trainer_class_id
TRAINER_PKMN_BREEDER_F_BROOKE,BROOKE,TRAINER_CLASS_PKMN_BREEDER_F,18,TRAINER_PIC_BW_POKEMON_BREEDER_F,trainer_class_id
TRAINER_WAITER_CLINT,CLINT,TRAINER_CLASS_WAITER,8,TRAINER_PIC_BW_WAITER,trainer_class_id
TRAINER_WAITRESS_BONITA,BONITA,TRAINER_CLASS_WAITRESS,9,TRAINER_PIC_BW_WAITRESS,trainer_class_id
TRAINER_SCIENTIST_SIMON,SIMON,TRAINER_CLASS_SCIENTIST,52,TRAINER_PIC_BW_SCIENTIST_M,trainer_class_id
TRAINER_SCIENTIST_BLYTHE,BLYTHE,TRAINER_CLASS_SCIENTIST,46,TRAINER_PIC_BW_SCIENTIST_F,trainer_class_id
TRAINER_LADY_SOPHIE,SOPHIE,TRAINER_CLASS_LADY,42,TRAINER_PIC_BW_LADY,trainer_class_id
TRAINER_RICH_BOY_ANTHONY,ANTHONY,TRAINER_CLASS_RICH_BOY,41,TRAINER_PIC_BW_RICH_BOY,trainer_class_id
TRAINER_SOCIALITE_EMILIA,EMILIA,TRAINER_CLASS_SOCIALITE,75,TRAINER_PIC_BW_SOCIALITE,trainer_class_id
TRAINER_GENTLEMAN_RENAUD,RENAUD,TRAINER_CLASS_GENTLEMAN,76,TRAINER_PIC_BW_GENTLEMAN,trainer_class_id
TRAINER_BLACK_BELT_LAO,LAO,TRAINER_CLASS_BLACK_BELT,51,TRAINER_PIC_BW_BLACK_BELT,trainer_class_id
TRAINER_BATTLE_GIRL_JANIE,JANIE,TRAINER_CLASS_BATTLE_GIRL,64,TRAINER_PIC_BW_BATTLE_GIRL,trainer_class_id
TRAINER_POKEFAN_M_COLIN,COLIN,TRAINER_CLASS_POKEFAN_M,59,TRAINER_PIC_BW_POKEFAN_M,trainer_class_id
TRAINER_POKEFAN_F_DARCY,DARCY,TRAINER_CLASS_POKEFAN_F,60,TRAINER_PIC_BW_POKEFAN_F,trainer_class_id
TRAINER_PILOT_LEONARD,LEONARD,TRAINER_CLASS_PILOT,43,TRAINER_PIC_BW_PILOT,trainer_class_id
TRAINER_WORKER_TYLER,TYLER,TRAINER_CLASS_WORKER,26,TRAINER_PIC_BW_WORKER,trainer_class_id
TRAINER_BAKER_LILLY,LILLY,TRAINER_CLASS_BAKER,34,TRAINER_PIC_BW_BAKER,trainer_class_id
TRAINER_NURSERY_AIDE_LEAH,LEAH,TRAINER_CLASS_NURSERY_AIDE,13,TRAINER_PIC_BW_NURSERY_AIDE,trainer_class_id
TRAINER_CLERK_M_NELSON,NELSON,TRAINER_CLASS_CLERK_M,66,TRAINER_PIC_BW_CLERK_M_A,trainer_class_id
TRAINER_CLERK_F_WREN,WREN,TRAINER_CLASS_CLERK_F,48,TRAINER_PIC_BW_CLERK_F,trainer_class_id
TRAINER_JANITOR_CALEB,CALEB,TRAINER_CLASS_JANITOR,58,TRAINER_PIC_BW_JANITOR,trainer_class_id
TRAINER_BACKPACKER_F_PATTY,PATTY,TRAINER_CLASS_BACKPACKER_F,28,TRAINER_PIC_BW_BACKPACKER_F,trainer_class_id
TRAINER_BACKPACKER_M_ALEXANDER,ALEXANDER,TRAINER_CLASS_BACKPACKER_M,27,TRAINER_PIC_BW_BACKPACKER_M,trainer_class_id
TRAINER_DOCTOR_JULES,JULES,TRAINER_CLASS_DOCTOR,61,TRAINER_PIC_BW_DOCTOR,trainer_class_id
TRAINER_NURSE_KIRSTEN,KIRSTEN,TRAINER_CLASS_NURSE,62,TRAINER_PIC_BW_NURSE,trainer_class_id
TRAINER_PSYCHIC_M_GERARD,GERARD,TRAINER_CLASS_PSYCHIC_M,35,TRAINER_PIC_BW_PSYCHIC_M,trainer_class_id
TRAINER_PSYCHIC_F_MADHU,MADHU,TRAINER_CLASS_PSYCHIC_F,36,TRAINER_PIC_BW_PSYCHIC_F,trainer_class_id
TRAINER_DEPOT_AGENT_JOSH,JOSH,TRAINER_CLASS_DEPOT_AGENT,83,TRAINER_PIC_BW_DEPOT_AGENT,trainer_class_id
TRAINER_SWIMMER_M_WRIGHT,WRIGHT,TRAINER_CLASS_SWIMMER_M,84,TRAINER_PIC_BW_SWIMMER_M,trainer_class_id
TRAINER_SWIMMER_F_JOYCE,JOYCE,TRAINER_CLASS_SWIMMER_F,85,TRAINER_PIC_BW_SWIMMER_F,trainer_class_id
TRAINER_DANCER_DAVEY,DAVEY,TRAINER_CLASS_DANCER,31,TRAINER_PIC_BW_DANCER,trainer_class_id
TRAINER_MUSICIAN_BORIS,BORIS,TRAINER_CLASS_MUSICIAN,30,TRAINER_PIC_BW_MUSICIAN,trainer_class_id
TRAINER_HARLEQUIN_CHARLEY,CHARLEY,TRAINER_CLASS_HARLEQUIN,32,TRAINER_PIC_BW_HARLEQUIN,trainer_class_id
TRAINER_ARTIST_PIERRE,PIERRE,TRAINER_CLASS_ARTIST,33,TRAINER_PIC_BW_ARTIST,trainer_class_id
TRAINER_POLICEMAN_JEFF,JEFF,TRAINER_CLASS_POLICEMAN,86,TRAINER_PIC_BW_POLICEMAN,trainer_class_id
TRAINER_MAID_ALICA,ALICA,TRAINER_CLASS_MAID,87,TRAINER_PIC_BW_MAID,trainer_class_id
TRAINER_PARASOL_LADY_GWYNETH,GWYNETH,TRAINER_CLASS_PARASOL_LADY,65,TRAINER_PIC_BW_PARASOL_LADY,trainer_class_id
TRAINER_HIKER_RUSSEL,RUSSEL,TRAINER_CLASS_HIKER,74,TRAINER_PIC_BW_HIKER,trainer_class_id
TRAINER_PRESCHOOLER_M_MIA,MIA,TRAINER_CLASS_PRESCHOOLER_M,14,TRAINER_PIC_BW_PRESCHOOLER_F,trainer_class_id
TRAINER_PRESCHOOLER_F_EVAN,EVAN,TRAINER_CLASS_PRESCHOOLER_F,15,TRAINER_PIC_BW_PRESCHOOLER_M,trainer_class_id
TRAINER_PRESCHOOLER_M_SARAH,SARAH,TRAINER_CLASS_PRESCHOOLER_M,14,TRAINER_PIC_BW_PRESCHOOLER_F,trainer_class_id
TRAINER_PRESCHOOLER_F_BILLY,BILLY,TRAINER_CLASS_PRESCHOOLER_F,15,TRAINER_PIC_BW_PRESCHOOLER_M,trainer_class_id
TRAINER_PKMN_TRAINER_CHEREN_13,CHEREN,TRAINER_CLASS_PKMN_TRAINER,37,TRAINER_PIC_BW_CHEREN,trainer_name
TRAINER_PKMN_TRAINER_CHEREN_14,CHEREN,TRAINER_CLASS_PKMN_TRAINER,37,TRAINER_PIC_BW_CHEREN,trainer_name
TRAINER_PKMN_TRAINER_CHEREN_15,CHEREN,TRAINER_CLASS_PKMN_TRAINER,37,TRAINER_PIC_BW_CHEREN,trainer_name
TRAINER_SUBWAY_BOSS_INGO,INGO,TRAINER_CLASS_SUBWAY_BOSS,88,TRAINER_PIC_BW_INGO,trainer_name
TRAINER_CHAMPION_ALDER,ALDER,TRAINER_CLASS_CHAMPION,89,TRAINER_PIC_BW_ALDER,trainer_name
TRAINER_CYCLIST_M_HECTOR,HECTOR,TRAINER_CLASS_CYCLIST_M,90,TRAINER_PIC_BW_CYCLIST_M,trainer_class_id
TRAINER_CYCLIST_F_KRISSA,KRISSA,TRAINER_CLASS_CYCLIST_F,91,TRAINER_PIC_BW_CYCLIST_F,trainer_class_id
TRAINER_ACE_TRAINER_M_JUNKO,JUNKO,TRAINER_CLASS_ACE_TRAINER_M,49,TRAINER_PIC_BW_ACE_TRAINER_F,trainer_class_id
TRAINER_ACE_TRAINER_F_KIPP,KIPP,TRAINER_CLASS_ACE_TRAINER_F,50,TRAINER_PIC_BW_ACE_TRAINER_M,trainer_class_id
TRAINER_POLICEMAN_DANIEL,DANIEL,TRAINER_CLASS_POLICEMAN,86,TRAINER_PIC_BW_POLICEMAN,trainer_class_id
TRAINER_SWIMMER_M_BERKE,BERKE,TRAINER_CLASS_SWIMMER_M,84,TRAINER_PIC_BW_SWIMMER_M,trainer_class_id
TRAINER_BLACK_BELT_BENJAMIN,BENJAMIN,TRAINER_CLASS_BLACK_BELT,51,TRAINER_PIC_BW_BLACK_BELT,trainer_class_id
TRAINER_BLACK_BELT_JAY,JAY,TRAINER_CLASS_BLACK_BELT,51,TRAINER_PIC_BW_BLACK_BELT,trainer_class_id
TRAINER_ARTIST_ZACH,ZACH,TRAINER_CLASS_ARTIST,33,TRAINER_PIC_BW_ARTIST,trainer_class_id
TRAINER_SCIENTIST_KATHRINE,KATHRINE,TRAINER_CLASS_SCIENTIST,46,TRAINER_PIC_BW_SCIENTIST_F,trainer_class_id
TRAINER_SCIENTIST_CHAN,CHAN,TRAINER_CLASS_SCIENTIST,46,TRAINER_PIC_BW_SCIENTIST_F,trainer_class_id
TRAINER_SCIENTIST_MARKUS,MARKUS,TRAINER_CLASS_SCIENTIST,52,TRAINER_PIC_BW_SCIENTIST_M,trainer_class_id
TRAINER_SCIENTIST_LUKE,LUKE,TRAINER_CLASS_SCIENTIST,52,TRAINER_PIC_BW_SCIENTIST_M,trainer_class_id
TRAINER_SCIENTIST_NATHAN,NATHAN,TRAINER_CLASS_SCIENTIST,52,TRAINER_PIC_BW_SCIENTIST_M,trainer_class_id
TRAINER_PSYCHIC_F_FUTURE,FUTURE,TRAINER_CLASS_PSYCHIC_F,36,TRAINER_PIC_BW_PSYCHIC_F,trainer_class_id
TRAINER_PSYCHIC_M_RUDOLF,RUDOLF,TRAINER_CLASS_PSYCHIC_M,35,TRAINER_PIC_BW_PSYCHIC_M,trainer_class_id
TRAINER_PSYCHIC_M_TOMMY,TOMMY,TRAINER_CLASS_PSYCHIC_M,35,TRAINER_PIC_BW_PSYCHIC_M,trainer_class_id
TRAINER_GENTLEMAN_YAN,YAN,TRAINER_CLASS_GENTLEMAN,76,TRAINER_PIC_BW_GENTLEMAN,trainer_class_id
TRAINER_SOCIALITE_MARIAN,MARIAN,TRAINER_CLASS_SOCIALITE,75,TRAINER_PIC_BW_SOCIALITE,trainer_class_id
TRAINER_SCHOOL_KID_M_JEM,JEM,TRAINER_CLASS_SCHOOL_KID_M,4,TRAINER_PIC_BW_SCHOOL_KID_M,trainer_class_id
TRAINER_SCHOOL_KID_F_ANN,ANN,TRAINER_CLASS_SCHOOL_KID_F,5,TRAINER_PIC_BW_SCHOOL_KID_F,trainer_class_id
TRAINER_POKEFAN_M_ELLIOT,ELLIOT,TRAINER_CLASS_POKEFAN_M,59,TRAINER_PIC_BW_POKEFAN_M,trainer_class_id
TRAINER_YOUNGSTER_ASTOR,ASTOR,TRAINER_CLASS_YOUNGSTER,2,TRAINER_PIC_BW_YOUNGSTER,trainer_class_id
TRAINER_FISHERMAN_SID,SID,TRAINER_CLASS_FISHERMAN,29,TRAINER_PIC_BW_FISHERMAN,trainer_class_id
TRAINER_FISHERMAN_LYDON,LYDON,TRAINER_CLASS_FISHERMAN,29,TRAINER_PIC_BW_FISHERMAN,trainer_class_id
TRAINER_FISHERMAN_JONES,JONES,TRAINER_CLASS_FISHERMAN,29,TRAINER_PIC_BW_FISHERMAN,trainer_class_id
TRAINER_FISHERMAN_MICK,MICK,TRAINER_CLASS_FISHERMAN,29,TRAINER_PIC_BW_FISHERMAN,trainer_class_id
TRAINER_FISHERMAN_PETE,PETE,TRAINER_CLASS_FISHERMAN,29,TRAINER_PIC_BW_FISHERMAN,trainer_class_id
TRAINER_FISHERMAN_VINCE,VINCE,TRAINER_CLASS_FISHERMAN,29,TRAINER_PIC_BW_FISHERMAN,trainer_class_id
TRAINER_BACKPACKER_F_CORIN,CORIN,TRAINER_CLASS_BACKPACKER_F,28,TRAINER_PIC_BW_BACKPACKER_F,trainer_class_id
TRAINER_BACKPACKER_F_LORA,LORA,TRAINER_CLASS_BACKPACKER_F,28,TRAINER_PIC_BW_BACKPACKER_F,trainer_class_id
TRAINER_BACKPACKER_F_KUMIKO,KUMIKO,TRAINER_CLASS_BACKPACKER_F,28,TRAINER_PIC_BW_BACKPACKER_F,trainer_class_id
TRAINER_BACKPACKER_M_TALON,TALON,TRAINER_CLASS_BACKPACKER_M,27,TRAINER_PIC_BW_BACKPACKER_M,trainer_class_id
TRAINER_BACKPACKER_M_SAM,SAM,TRAINER_CLASS_BACKPACKER_M,27,TRAINER_PIC_BW_BACKPACKER_M,trainer_class_id
TRAINER_BACKPACKER_M_PETER,PETER,TRAINER_CLASS_BACKPACKER_M,27,TRAINER_PIC_BW_BACKPACKER_M,trainer_class_id
TRAINER_BACKPACKER_M_STEPHEN,STEPHEN,TRAINER_CLASS_BACKPACKER_M,27,TRAINER_PIC_BW_BACKPACKER_M,trainer_class_id
TRAINER_BATTLE_GIRL_SUSIE,SUSIE,TRAINER_CLASS_BATTLE_GIRL,64,TRAINER_PIC_BW_BATTLE_GIRL,trainer_class_id
TRAINER_BATTLE_GIRL_HILLARY,HILLARY,TRAINER_CLASS_BATTLE_GIRL,64,TRAINER_PIC_BW_BATTLE_GIRL,trainer_class_id
TRAINER_PARASOL_LADY_LAURA,LAURA,TRAINER_CLASS_PARASOL_LADY,65,TRAINER_PIC_BW_PARASOL_LADY,trainer_class_id
TRAINER_SWIMMER_F_CAROLINE,CAROLINE,TRAINER_CLASS_SWIMMER_F,85,TRAINER_PIC_BW_SWIMMER_F,trainer_class_id
TRAINER_BACKERS_FEY_SUE,FEY & SUE,TRAINER_CLASS_BACKERS,69,TRAINER_PIC_BW_BACKERS_F,trainer_class_id
TRAINER_TWINS_EMY_LIN,EMY & LIN,TRAINER_CLASS_TWINS,16,TRAINER_PIC_BW_TWINS,trainer_class_id
TRAINER_VETERAN_M_RAY,RAY,TRAINER_CLASS_VETERAN_M,70,TRAINER_PIC_BW_VETERAN_M,trainer_class_id
TRAINER_PKMN_BREEDER_M_EUSTACE,EUSTACE,TRAINER_CLASS_PKMN_BREEDER_M,17,TRAINER_PIC_BW_POKEMON_BREEDER_M,trainer_class_id
TRAINER_PKMN_BREEDER_F_ETHEL,ETHEL,TRAINER_CLASS_PKMN_BREEDER_F,18,TRAINER_PIC_BW_POKEMON_BREEDER_F,trainer_class_id
TRAINER_PKMN_RANGER_F_THALIA,THALIA,TRAINER_CLASS_PKMN_RANGER_F,25,TRAINER_PIC_BW_POKEMON_RANGER_F,trainer_class_id
TRAINER_PKMN_RANGER_F_SHELLY,SHELLY,TRAINER_CLASS_PKMN_RANGER_F,25,TRAINER_PIC_BW_POKEMON_RANGER_F,trainer_class_id
TRAINER_PKMN_RANGER_M_CROFTON,CROFTON,TRAINER_CLASS_PKMN_RANGER_M,24,TRAINER_PIC_BW_POKEMON_RANGER_M,trainer_class_id
TRAINER_PKMN_RANGER_M_KEITH,KEITH,TRAINER_CLASS_PKMN_RANGER_M,24,TRAINER_PIC_BW_POKEMON_RANGER_M,trainer_class_id
TRAINER_LASS_FEY,FEY,TRAINER_CLASS_LASS,3,TRAINER_PIC_BW_LASS,trainer_class_id
TRAINER_HIKER_JEBEDIAH,JEBEDIAH,TRAINER_CLASS_HIKER,74,TRAINER_PIC_BW_HIKER,trainer_class_id
TRAINER_HIKER_KIT,KIT,TRAINER_CLASS_HIKER,74,TRAINER_PIC_BW_HIKER,trainer_class_id
TRAINER_HIKER_JEREMIAH,JEREMIAH,TRAINER_CLASS_HIKER,74,TRAINER_PIC_BW_HIKER,trainer_class_id
TRAINER_CLERK_F_BRITNEY,BRITNEY,TRAINER_CLASS_CLERK_F,48,TRAINER_PIC_BW_CLERK_F,trainer_class_id
TRAINER_CLERK_F_PIPER,PIPER,TRAINER_CLASS_CLERK_F,48,TRAINER_PIC_BW_CLERK_F,trainer_class_id
TRAINER_ACE_TRAINER_M_LENA,LENA,TRAINER_CLASS_ACE_TRAINER_M,49,TRAINER_PIC_BW_ACE_TRAINER_F,trainer_class_id
TRAINER_ACE_TRAINER_F_VINCENT,VINCENT,TRAINER_CLASS_ACE_TRAINER_F,50,TRAINER_PIC_BW_ACE_TRAINER_M,trainer_class_id
TRAINER_LADY_LYNETTE,LYNETTE,TRAINER_CLASS_LADY,42,TRAINER_PIC_BW_LADY,trainer_class_id
TRAINER_RICH_BOY_PIERCE,PIERCE,TRAINER_CLASS_RICH_BOY,41,TRAINER_PIC_BW_RICH_BOY,trainer_class_id
TRAINER_BLACK_BELT_RYDER,RYDER,TRAINER_CLASS_BLACK_BELT,51,TRAINER_PIC_BW_BLACK_BELT,trainer_class_id
TRAINER_SCIENTIST_JACQUES,JACQUES,TRAINER_CLASS_SCIENTIST,52,TRAINER_PIC_BW_SCIENTIST_M,trainer_class_id
TRAINER_SCIENTIST_MARIE,MARIE,TRAINER_CLASS_SCIENTIST,46,TRAINER_PIC_BW_SCIENTIST_F,trainer_class_id
TRAINER_CLERK_M_DOUG,DOUG,TRAINER_CLASS_CLERK_M,66,TRAINER_PIC_BW_CLERK_M_A,trainer_class_id
TRAINER_CLERK_M_COLLIN,COLLIN,TRAINER_CLASS_CLERK_M,66,TRAINER_PIC_BW_CLERK_M_A,trainer_class_id
TRAINER_GENTLEMAN_FREDERIC,FREDERIC,TRAINER_CLASS_GENTLEMAN,76,TRAINER_PIC_BW_GENTLEMAN,trainer_class_id
TRAINER_SCHOOL_KID_M_LEO,LEO,TRAINER_CLASS_SCHOOL_KID_M,4,TRAINER_PIC_BW_SCHOOL_KID_M,trainer_class_id
TRAINER_SCHOOL_KID_F_SILVIA,SILVIA,TRAINER_CLASS_SCHOOL_KID_F,5,TRAINER_PIC_BW_SCHOOL_KID_F,trainer_class_id
TRAINER_ROUGHNECK_DAVE,DAVE,TRAINER_CLASS_ROUGHNECK,57,TRAINER_PIC_BW_ROUGHNECK,trainer_class_id
TRAINER_YOUNGSTER_ROBBIE,ROBBIE,TRAINER_CLASS_YOUNGSTER,2,TRAINER_PIC_BW_YOUNGSTER,trainer_class_id
TRAINER_BACKPACKER_F_MOLLY,MOLLY,TRAINER_CLASS_BACKPACKER_F,28,TRAINER_PIC_BW_BACKPACKER_F,trainer_class_id
TRAINER_BACKPACKER_F_EMI,EMI,TRAINER_CLASS_BACKPACKER_F,28,TRAINER_PIC_BW_BACKPACKER_F,trainer_class_id
TRAINER_BACKPACKER_M_CARLOS,CARLOS,TRAINER_CLASS_BACKPACKER_M,27,TRAINER_PIC_BW_BACKPACKER_M,trainer_class_id
TRAINER_BACKPACKER_M_HERMAN,HERMAN,TRAINER_CLASS_BACKPACKER_M,27,TRAINER_PIC_BW_BACKPACKER_M,trainer_class_id
TRAINER_BATTLE_GIRL_KARENNA,KARENNA,TRAINER_CLASS_BATTLE_GIRL,64,TRAINER_PIC_BW_BATTLE_GIRL,trainer_class_id
TRAINER_VETERAN_F_ROSA,ROSA,TRAINER_CLASS_VETERAN_F,71,TRAINER_PIC_BW_VETERAN_F,trainer_class_id
TRAINER_VETERAN_M_KEN,KEN,TRAINER_CLASS_VETERAN_M,70,TRAINER_PIC_BW_VETERAN_M,trainer_class_id
TRAINER_LASS_MIKI,MIKI,TRAINER_CLASS_LASS,3,TRAINER_PIC_BW_LASS,trainer_class_id
TRAINER_HIKER_GENE,GENE,TRAINER_CLASS_HIKER,74,TRAINER_PIC_BW_HIKER,trainer_class_id
TRAINER_PKMN_RANGER_F_ELIZA,ELIZA,TRAINER_CLASS_PKMN_RANGER_F,25,TRAINER_PIC_BW_POKEMON_RANGER_F,trainer_class_id
TRAINER_PKMN_RANGER_M_RALPH,RALPH,TRAINER_CLASS_PKMN_RANGER_M,24,TRAINER_PIC_BW_POKEMON_RANGER_M,trainer_class_id
TRAINER_SOCIALITE_GRACE,GRACE,TRAINER_CLASS_SOCIALITE,75,TRAINER_PIC_BW_SOCIALITE,trainer_class_id
TRAINER_NURSERY_AIDE_MIHO,MIHO,TRAINER_CLASS_NURSERY_AIDE,13,TRAINER_PIC_BW_NURSERY_AIDE,trainer_class_id
TRAINER_SCHOOL_KID_M_SHANE,SHANE,TRAINER_CLASS_SCHOOL_KID_M,4,TRAINER_PIC_BW_SCHOOL_KID_M,trainer_class_id
TRAINER_PKMN_TRAINER_BIANCA_4,BIANCA,TRAINER_CLASS_PKMN_TRAINER,38,TRAINER_PIC_BW_BIANCA,trainer_name
TRAINER_PKMN_TRAINER_BIANCA_5,BIANCA,TRAINER_CLASS_PKMN_TRAINER,38,TRAINER_PIC_BW_BIANCA,trainer_name
TRAINER_PKMN_TRAINER_BIANCA_6,BIANCA,TRAINER_CLASS_PKMN_TRAINER,38,TRAINER_PIC_BW_BIANCA,trainer_name
TRAINER_PKMN_TRAINER_BIANCA_7,BIANCA,TRAINER_CLASS_PKMN_TRAINER,38,TRAINER_PIC_BW_BIANCA,trainer_name
TRAINER_PKMN_TRAINER_BIANCA_8,BIANCA,TRAINER_CLASS_PKMN_TRAINER,38,TRAINER_PIC_BW_BIANCA,trainer_name
TRAINER_PKMN_TRAINER_BIANCA_9,BIANCA,TRAINER_CLASS_PKMN_TRAINER,38,TRAINER_PIC_BW_BIANCA,trainer_name
TRAINER_TEAM_PLASMA_TRAINER_497,,TRAINER_CLASS_TEAM_PLASMA,47,TRAINER_PIC_BW_N,trainer_class_id
TRAINER_PKMN_TRAINER_BIANCA_10,BIANCA,TRAINER_CLASS_PKMN_TRAINER,38,TRAINER_PIC_BW_BIANCA,trainer_name
TRAINER_PKMN_TRAINER_BIANCA_11,BIANCA,TRAINER_CLASS_PKMN_TRAINER,38,TRAINER_PIC_BW_BIANCA,trainer_name
TRAINER_PKMN_TRAINER_BIANCA_12,BIANCA,TRAINER_CLASS_PKMN_TRAINER,38,TRAINER_PIC_BW_BIANCA,trainer_name
TRAINER_PRESCHOOLER_M_JULIET,JULIET,TRAINER_CLASS_PRESCHOOLER_M,14,TRAINER_PIC_BW_PRESCHOOLER_F,trainer_class_id
TRAINER_PRESCHOOLER_F_HOMER,HOMER,TRAINER_CLASS_PRESCHOOLER_F,15,TRAINER_PIC_BW_PRESCHOOLER_M,trainer_class_id
TRAINER_HARLEQUIN_PAT,PAT,TRAINER_CLASS_HARLEQUIN,32,TRAINER_PIC_BW_HARLEQUIN,trainer_class_id
TRAINER_HARLEQUIN_IAN,IAN,TRAINER_CLASS_HARLEQUIN,32,TRAINER_PIC_BW_HARLEQUIN,trainer_class_id
TRAINER_PARASOL_LADY_APRIL,APRIL,TRAINER_CLASS_PARASOL_LADY,65,TRAINER_PIC_BW_PARASOL_LADY,trainer_class_id
TRAINER_MOTORCYCLIST_CHARLES,CHARLES,TRAINER_CLASS_MOTORCYCLIST,92,,
TRAINER_PKMN_TRAINER_BIANCA_13,BIANCA,TRAINER_CLASS_PKMN_TRAINER,38,TRAINER_PIC_BW_BIANCA,trainer_name
TRAINER_PKMN_TRAINER_BIANCA_14,BIANCA,TRAINER_CLASS_PKMN_TRAINER,38,TRAINER_PIC_BW_BIANCA,trainer_name
TRAINER_PKMN_TRAINER_BIANCA_15,BIANCA,TRAINER_CLASS_PKMN_TRAINER,38,TRAINER_PIC_BW_BIANCA,trainer_name
TRAINER_PKMN_TRAINER_TRAINER_510,,TRAINER_CLASS_PKMN_TRAINER,37,TRAINER_PIC_BW_CHEREN,trainer_class_id
TRAINER_PKMN_TRAINER_TRAINER_511,,TRAINER_CLASS_PKMN_TRAINER,37,TRAINER_PIC_BW_CHEREN,trainer_class_id
TRAINER_PKMN_TRAINER_TRAINER_512,,TRAINER_CLASS_PKMN_TRAINER,37,TRAINER_PIC_BW_CHEREN,trainer_class_id
TRAINER_ACE_TRAINER_M_EILEEN,EILEEN,TRAINER_CLASS_ACE_TRAINER_M,49,TRAINER_PIC_BW_ACE_TRAINER_F,trainer_class_id
TRAINER_ACE_TRAINER_F_LOU,LOU,TRAINER_CLASS_ACE_TRAINER_F,50,TRAINER_PIC_BW_ACE_TRAINER_M,trainer_class_id
TRAINER_YOUNGSTER_KYLE,KYLE,TRAINER_CLASS_YOUNGSTER,2,TRAINER_PIC_BW_YOUNGSTER,trainer_class_id
TRAINER_LASS_DYE,DYE,TRAINER_CLASS_LASS,3,TRAINER_PIC_BW_LASS,trainer_class_id
TRAINER_LASS_DYE_2,DYE,TRAINER_CLASS_LASS,3,TRAINER_PIC_BW_LASS,trainer_class_id
TRAINER_ACE_TRAINER_M_CAROLL,CAROLL,TRAINER_CLASS_ACE_TRAINER_M,49,TRAINER_PIC_BW_ACE_TRAINER_F,trainer_class_id
TRAINER_ACE_TRAINER_F_JORDAN,JORDAN,TRAINER_CLASS_ACE_TRAINER_F,50,TRAINER_PIC_BW_ACE_TRAINER_M,trainer_class_id
TRAINER_THE_RICHES_DRACO,DRACO,TRAINER_CLASS_THE_RICHES,93,,
TRAINER_ACE_TRAINER_M_TRAINER_521,,TRAINER_CLASS_ACE_TRAINER_M,49,TRAINER_PIC_BW_ACE_TRAINER_F,trainer_class_id
TRAINER_ACE_TRAINER_F_TRAINER_522,,TRAINER_CLASS_ACE_TRAINER_F,50,TRAINER_PIC_BW_ACE_TRAINER_M,trainer_class_id
TRAINER_THE_RICHES_TRISH,TRISH,TRAINER_CLASS_THE_RICHES,94,,
TRAINER_THE_RICHES_CLAIRDONNA,CLAIRDONNA,TRAINER_CLASS_THE_RICHES,95,,
TRAINER_THE_RICHES_ZILLION,ZILLION,TRAINER_CLASS_THE_RICHES,96,,
TRAINER_SCIENTIST_DUDLEY,DUDLEY,TRAINER_CLASS_SCIENTIST,52,TRAINER_PIC_BW_SCIENTIST_M,trainer_class_id
TRAINER_BIKER_TRAINER_527,,TRAINER_CLASS_BIKER,72,TRAINER_PIC_BW_BIKER,trainer_class_id
TRAINER_BACKPACKER_M_KIYO,KIYO,TRAINER_CLASS_BACKPACKER_M,27,TRAINER_PIC_BW_BACKPACKER_M,trainer_class_id
TRAINER_SCHOOL_KID_M_SHAYE,SHAYE,TRAINER_CLASS_SCHOOL_KID_M,4,TRAINER_PIC_BW_SCHOOL_KID_M,trainer_class_id
TRAINER_NURSERY_AIDE_BRIANA,BRIANA,TRAINER_CLASS_NURSERY_AIDE,13,TRAINER_PIC_BW_NURSERY_AIDE,trainer_class_id
TRAINER_PKMN_RANGER_F_BRENDA,BRENDA,TRAINER_CLASS_PKMN_RANGER_F,25,TRAINER_PIC_BW_POKEMON_RANGER_F,trainer_class_id
TRAINER_PKMN_RANGER_M_CLAUDE,CLAUDE,TRAINER_CLASS_PKMN_RANGER_M,24,TRAINER_PIC_BW_POKEMON_RANGER_M,trainer_class_id
TRAINER_FISHERMAN_SEAN,SEAN,TRAINER_CLASS_FISHERMAN,29,TRAINER_PIC_BW_FISHERMAN,trainer_class_id
TRAINER_ACE_TRAINER_F_TRAINER_534,,TRAINER_CLASS_ACE_TRAINER_F,50,TRAINER_PIC_BW_ACE_TRAINER_M,trainer_class_id
TRAINER_HIKER_ANDY,ANDY,TRAINER_CLASS_HIKER,74,TRAINER_PIC_BW_HIKER,trainer_class_id
TRAINER_PRESCHOOLER_M_WINTER,WINTER,TRAINER_CLASS_PRESCHOOLER_M,14,TRAINER_PIC_BW_PRESCHOOLER_F,trainer_class_id
TRAINER_DANCER_DIRK,DIRK,TRAINER_CLASS_DANCER,31,TRAINER_PIC_BW_DANCER,trainer_class_id
TRAINER_WAITRESS_AURORA,AURORA,TRAINER_CLASS_WAITRESS,9,TRAINER_PIC_BW_WAITRESS,trainer_class_id
TRAINER_PKMN_TRAINER_CHEREN_16,CHEREN,TRAINER_CLASS_PKMN_TRAINER,37,TRAINER_PIC_BW_CHEREN,trainer_name
TRAINER_PKMN_TRAINER_CHEREN_17,CHEREN,TRAINER_CLASS_PKMN_TRAINER,37,TRAINER_PIC_BW_CHEREN,trainer_name
TRAINER_PKMN_TRAINER_CHEREN_18,CHEREN,TRAINER_CLASS_PKMN_TRAINER,37,TRAINER_PIC_BW_CHEREN,trainer_name
TRAINER_GAME_FREAK_MORIMOTO,MORIMOTO,TRAINER_CLASS_GAME_FREAK,97,,
TRAINER_MAID_TANYA,TANYA,TRAINER_CLASS_MAID,87,TRAINER_PIC_BW_MAID,trainer_class_id
TRAINER_BIKER_MORGANN,MORGANN,TRAINER_CLASS_BIKER,72,TRAINER_PIC_BW_BIKER,trainer_class_id
TRAINER_BIKER_JEREMY,JEREMY,TRAINER_CLASS_BIKER,72,TRAINER_PIC_BW_BIKER,trainer_class_id
TRAINER_NURSE_SHERY,SHERY,TRAINER_CLASS_NURSE,62,TRAINER_PIC_BW_NURSE,trainer_class_id
TRAINER_THE_RICHES_SUSAN,SUSAN,TRAINER_CLASS_THE_RICHES,98,,
TRAINER_THE_RICHES_MILES,MILES,TRAINER_CLASS_THE_RICHES,99,,
TRAINER_PKMN_RANGER_F_MYLENE,MYLENE,TRAINER_CLASS_PKMN_RANGER_F,25,TRAINER_PIC_BW_POKEMON_RANGER_F,trainer_class_id
TRAINER_PKMN_RANGER_M_JADEN,JADEN,TRAINER_CLASS_PKMN_RANGER_M,24,TRAINER_PIC_BW_POKEMON_RANGER_M,trainer_class_id
TRAINER_BAKER_CHRIS,CHRIS,TRAINER_CLASS_BAKER,34,TRAINER_PIC_BW_BAKER,trainer_class_id
TRAINER_TEAM_PLASMA_GRUNT_35,GRUNT,TRAINER_CLASS_TEAM_PLASMA,39,TRAINER_PIC_BW_PLASMA_GRUNT_M,trainer_class_id
TRAINER_TEAM_PLASMA_GRUNT_36,GRUNT,TRAINER_CLASS_TEAM_PLASMA,39,TRAINER_PIC_BW_PLASMA_GRUNT_M,trainer_class_id
TRAINER_TEAM_PLASMA_GRUNT_37,GRUNT,TRAINER_CLASS_TEAM_PLASMA,39,TRAINER_PIC_BW_PLASMA_GRUNT_M,trainer_class_id
TRAINER_TEAM_PLASMA_GRUNT_38,GRUNT,TRAINER_CLASS_TEAM_PLASMA,39,TRAINER_PIC_BW_PLASMA_GRUNT_M,trainer_class_id
TRAINER_TEAM_PLASMA_GRUNT_39,GRUNT,TRAINER_CLASS_TEAM_PLASMA,39,TRAINER_PIC_BW_PLASMA_GRUNT_M,trainer_class_id
TRAINER_TEAM_PLASMA_GRUNT_40,GRUNT,TRAINER_CLASS_TEAM_PLASMA,39,TRAINER_PIC_BW_PLASMA_GRUNT_M,trainer_class_id
TRAINER_PKMN_TRAINER_TRAINER_558,,TRAINER_CLASS_PKMN_TRAINER,40,TRAINER_PIC_BW_N,trainer_class_id
TRAINER_PKMN_TRAINER_TRAINER_559,,TRAINER_CLASS_PKMN_TRAINER,40,TRAINER_PIC_BW_N,trainer_class_id
TRAINER_PKMN_TRAINER_TRAINER_560,,TRAINER_CLASS_PKMN_TRAINER,40,TRAINER_PIC_BW_N,trainer_class_id
TRAINER_PKMN_TRAINER_TRAINER_561,,TRAINER_CLASS_PKMN_TRAINER,40,TRAINER_PIC_BW_N,trainer_class_id
TRAINER_VETERAN_M_TRAINER_562,,TRAINER_CLASS_VETERAN_M,70,TRAINER_PIC_BW_VETERAN_M,trainer_class_id
TRAINER_ELITE_FOUR_SHAUNTAL_2,SHAUNTAL,TRAINER_CLASS_ELITE_FOUR,78,TRAINER_PIC_BW_SHAUNTAL,trainer_name
TRAINER_ELITE_FOUR_MARSHAL_2,MARSHAL,TRAINER_CLASS_ELITE_FOUR,79,TRAINER_PIC_BW_MARSHAL,trainer_name
TRAINER_ELITE_FOUR_GRIMSLEY_2,GRIMSLEY,TRAINER_CLASS_ELITE_FOUR,80,TRAINER_PIC_BW_GRIMSLEY,trainer_name
TRAINER_ELITE_FOUR_CAITLIN_2,CAITLIN,TRAINER_CLASS_ELITE_FOUR,81,TRAINER_PIC_BW_CAITLIN,trainer_name
TRAINER_PKMN_TRAINER_CYNTHIA,CYNTHIA,TRAINER_CLASS_PKMN_TRAINER,100,TRAINER_PIC_BW_CYNTHIA,trainer_name
TRAINER_SWIMMER_M_MATT,MATT,TRAINER_CLASS_SWIMMER_M,84,TRAINER_PIC_BW_SWIMMER_M,trainer_class_id
TRAINER_SWIMMER_M_BART,BART,TRAINER_CLASS_SWIMMER_M,84,TRAINER_PIC_BW_SWIMMER_M,trainer_class_id
TRAINER_SWIMMER_M_TIM,TIM,TRAINER_CLASS_SWIMMER_M,84,TRAINER_PIC_BW_SWIMMER_M,trainer_class_id
TRAINER_SWIMMER_F_REBECCA,REBECCA,TRAINER_CLASS_SWIMMER_F,85,TRAINER_PIC_BW_SWIMMER_F,trainer_class_id
TRAINER_SWIMMER_F_TYRA,TYRA,TRAINER_CLASS_SWIMMER_F,85,TRAINER_PIC_BW_SWIMMER_F,trainer_class_id
TRAINER_SWIMMER_F_LARISSA,LARISSA,TRAINER_CLASS_SWIMMER_F,85,TRAINER_PIC_BW_SWIMMER_F,trainer_class_id
TRAINER_LASS_MAKI,MAKI,TRAINER_CLASS_LASS,3,TRAINER_PIC_BW_LASS,trainer_class_id
TRAINER_YOUNGSTER_WES,WES,TRAINER_CLASS_YOUNGSTER,2,TRAINER_PIC_BW_YOUNGSTER,trainer_class_id
TRAINER_YOUNGSTER_LESTER,LESTER,TRAINER_CLASS_YOUNGSTER,2,TRAINER_PIC_BW_YOUNGSTER,trainer_class_id
TRAINER_BACKPACKER_F_VICKI,VICKI,TRAINER_CLASS_BACKPACKER_F,28,TRAINER_PIC_BW_BACKPACKER_F,trainer_class_id
TRAINER_BACKPACKER_M_TORU,TORU,TRAINER_CLASS_BACKPACKER_M,27,TRAINER_PIC_BW_BACKPACKER_M,trainer_class_id
TRAINER_SCHOOL_KID_F_SERENA,SERENA,TRAINER_CLASS_SCHOOL_KID_F,5,TRAINER_PIC_BW_SCHOOL_KID_F,trainer_class_id
TRAINER_SCIENTIST_SHANNON,SHANNON,TRAINER_CLASS_SCIENTIST,46,TRAINER_PIC_BW_SCIENTIST_F,trainer_class_id
TRAINER_LASS_LURLEEN,LURLEEN,TRAINER_CLASS_LASS,3,TRAINER_PIC_BW_LASS,trainer_class_id
TRAINER_PKMN_RANGER_F_CHLORIS,CHLORIS,TRAINER_CLASS_PKMN_RANGER_F,25,TRAINER_PIC_BW_POKEMON_RANGER_F,trainer_class_id
TRAINER_PKMN_RANGER_M_HARRY,HARRY,TRAINER_CLASS_PKMN_RANGER_M,24,TRAINER_PIC_BW_POKEMON_RANGER_M,trainer_class_id
TRAINER_FISHERMAN_DAMON,DAMON,TRAINER_CLASS_FISHERMAN,29,TRAINER_PIC_BW_FISHERMAN,trainer_class_id
TRAINER_PARASOL_LADY_MARIAH,MARIAH,TRAINER_CLASS_PARASOL_LADY,65,TRAINER_PIC_BW_PARASOL_LADY,trainer_class_id
TRAINER_TEAM_PLASMA_N_3,N,TRAINER_CLASS_TEAM_PLASMA,101,TRAINER_PIC_BW_N,trainer_name
TRAINER_TEAM_PLASMA_N_4,N,TRAINER_CLASS_TEAM_PLASMA,101,TRAINER_PIC_BW_N,trainer_name
TRAINER_PKMN_TRAINER_CHEREN_19,CHEREN,TRAINER_CLASS_PKMN_TRAINER,37,TRAINER_PIC_BW_CHEREN,trainer_name
TRAINER_PKMN_TRAINER_CHEREN_20,CHEREN,TRAINER_CLASS_PKMN_TRAINER,37,TRAINER_PIC_BW_CHEREN,trainer_name
TRAINER_PKMN_TRAINER_CHEREN_21,CHEREN,TRAINER_CLASS_PKMN_TRAINER,37,TRAINER_PIC_BW_CHEREN,trainer_name
TRAINER_PKMN_TRAINER_CHEREN_22,CHEREN,TRAINER_CLASS_PKMN_TRAINER,37,TRAINER_PIC_BW_CHEREN,trainer_name
TRAINER_PKMN_TRAINER_CHEREN_23,CHEREN,TRAINER_CLASS_PKMN_TRAINER,37,TRAINER_PIC_BW_CHEREN,trainer_name
TRAINER_PKMN_TRAINER_CHEREN_24,CHEREN,TRAINER_CLASS_PKMN_TRAINER,37,TRAINER_PIC_BW_CHEREN,trainer_name
TRAINER_PKMN_TRAINER_BIANCA_16,BIANCA,TRAINER_CLASS_PKMN_TRAINER,38,TRAINER_PIC_BW_BIANCA,trainer_name
TRAINER_PKMN_TRAINER_BIANCA_17,BIANCA,TRAINER_CLASS_PKMN_TRAINER,38,TRAINER_PIC_BW_BIANCA,trainer_name
TRAINER_PKMN_TRAINER_BIANCA_18,BIANCA,TRAINER_CLASS_PKMN_TRAINER,38,TRAINER_PIC_BW_BIANCA,trainer_name
TRAINER_TEAM_PLASMA_GRUNT_41,GRUNT,TRAINER_CLASS_TEAM_PLASMA,77,TRAINER_PIC_BW_PLASMA_GRUNT_F,trainer_class_id
TRAINER_TEAM_PLASMA_GRUNT_42,GRUNT,TRAINER_CLASS_TEAM_PLASMA,39,TRAINER_PIC_BW_PLASMA_GRUNT_M,trainer_class_id
TRAINER_TEAM_PLASMA_GRUNT_43,GRUNT,TRAINER_CLASS_TEAM_PLASMA,39,TRAINER_PIC_BW_PLASMA_GRUNT_M,trainer_class_id
TRAINER_DANCER_MICKEY,MICKEY,TRAINER_CLASS_DANCER,31,TRAINER_PIC_BW_DANCER,trainer_class_id
TRAINER_DANCER_RAYMOND,RAYMOND,TRAINER_CLASS_DANCER,31,TRAINER_PIC_BW_DANCER,trainer_class_id
TRAINER_DANCER_EDMOND,EDMOND,TRAINER_CLASS_DANCER,31,TRAINER_PIC_BW_DANCER,trainer_class_id
TRAINER_MOTORCYCLIST_CHARLES_2,CHARLES,TRAINER_CLASS_MOTORCYCLIST,92,,
TRAINER_ACE_TRAINER_M_EILEEN_2,EILEEN,TRAINER_CLASS_ACE_TRAINER_M,49,TRAINER_PIC_BW_ACE_TRAINER_F,trainer_class_id
TRAINER_ACE_TRAINER_F_LOU_2,LOU,TRAINER_CLASS_ACE_TRAINER_F,50,TRAINER_PIC_BW_ACE_TRAINER_M,trainer_class_id
TRAINER_ACE_TRAINER_F_ELMER,ELMER,TRAINER_CLASS_ACE_TRAINER_F,50,TRAINER_PIC_BW_ACE_TRAINER_M,trainer_class_id
TRAINER_ACE_TRAINER_F_ELMER_2,ELMER,TRAINER_CLASS_ACE_TRAINER_F,50,TRAINER_PIC_BW_ACE_TRAINER_M,trainer_class_id
TRAINER_ACE_TRAINER_M_GLINDA,GLINDA,TRAINER_CLASS_ACE_TRAINER_M,49,TRAINER_PIC_BW_ACE_TRAINER_F,trainer_class_id
TRAINER_ACE_TRAINER_M_GLINDA_2,GLINDA,TRAINER_CLASS_ACE_TRAINER_M,49,TRAINER_PIC_BW_ACE_TRAINER_F,trainer_class_id
TRAINER_TEAM_PLASMA_GRUNT_44,GRUNT,TRAINER_CLASS_TEAM_PLASMA,77,TRAINER_PIC_BW_PLASMA_GRUNT_F,trainer_class_id
TRAINER_TEAM_PLASMA_GRUNT_45,GRUNT,TRAINER_CLASS_TEAM_PLASMA,77,TRAINER_PIC_BW_PLASMA_GRUNT_F,trainer_class_id
TRAINER_TEAM_PLASMA_GRUNT_46,GRUNT,TRAINER_CLASS_TEAM_PLASMA,77,TRAINER_PIC_BW_PLASMA_GRUNT_F,trainer_class_id
TRAINER_DOCTOR_JERRY,JERRY,TRAINER_CLASS_DOCTOR,61,TRAINER_PIC_BW_DOCTOR,trainer_class_id
TRAINER_SUBWAY_BOSS_EMMET,EMMET,TRAINER_CLASS_SUBWAY_BOSS,102,TRAINER_PIC_BW_EMMET,trainer_name
TRAINER_ROUGHNECK_JOHNNY,JOHNNY,TRAINER_CLASS_ROUGHNECK,57,TRAINER_PIC_BW_ROUGHNECK,trainer_class_id
