encounter_name,species_name,lvl,moves,held_item,iv,version_group_id,load_build,slot,ability,ability_clean,nature
TRAINER_BB_PKMN_RANGER_BRENDA,VAPOREON,52,,,,1001,7,1,,,
TRAINER_BB_PKMN_RANGER_BRENDA,ABSOL,52,,,,1001,7,2,,,
TRAINER_BB_PKMN_RANGER_CLAUDE,DRIFBLIM,52,,,,1001,7,1,,,
TRAINER_BB_PKMN_RANGER_CLAUDE,LICKILICKY,52,,,,1001,7,2,,,
TRAINER_BB_FISHERMAN_SEAN,SEADRA,50,,,,1001,7,1,,,
TRAINER_BB_FISHERMAN_SEAN,SEAKING,50,,,,1001,7,2,,,
TRAINER_BB_FISHERMAN_SEAN,KINGLER,50,,,,1001,7,3,,,
TRAINER_BB_YOUNGSTER_JIMMY,HOOTHOOT,7,,,,1001,7,1,,,
TRAINER_BB_YOUNGSTER_JIMMY,WURMPLE,7,,,,1001,7,2,,,
TRAINER_BB_YOUNGSTER_JIMMY,PATRAT,7,,,,1001,7,3,,,
TRAINER_BB_LASS_MAIL,ZIGZAGOON,7,,,,1001,7,1,,,
TRAINER_BB_LASS_MAIL,MEOWTH,7,,,,1001,7,2,,,
TRAINER_BB_LASS_MAIL,PIDGEY,7,,,,1001,7,3,,,
TRAINER_BB_LASS_MAIL,CATERPIE,7,,,,1001,7,4,,,
TRAINER_BB_YOUNGSTER_ROLAND,LILLIPUP,7,,,,1001,7,1,,,
TRAINER_BB_YOUNGSTER_ROLAND,BIDOOF,7,,,,1001,7,2,,,
TRAINER_BB_YOUNGSTER_ROLAND,KRICKETOT,7,,,,1001,7,3,,,
TRAINER_BB_YOUNGSTER_ROLAND,WEEDLE,7,,,,1001,7,4,,,
TRAINER_BB_WAITER_MAXWELL,SLOWPOKE,11,,,,1001,7,1,,,
TRAINER_BB_WAITER_MAXWELL,GROWLITHE,11,,,,1001,7,2,,,
TRAINER_BB_WAITER_MAXWELL,BUDEW,11,,,,1001,7,3,,,
TRAINER_BB_WAITRESS_TIA,HOPPIP,12,,,,1001,7,1,,,
TRAINER_BB_WAITRESS_TIA,SLUGMA,12,,,,1001,7,2,,,
TRAINER_BB_WAITRESS_TIA,MARILL,12,,,,1001,7,3,,,
TRAINER_BB_LASS_ERI,SENTRET,10,,,,1001,7,1,,,
TRAINER_BB_LASS_ERI,SKITTY,10,,,,1001,7,2,,,
TRAINER_BB_LASS_ERI,STARLY,10,,,,1001,7,3,,,
TRAINER_BB_LASS_ERI,AZURILL,10,,,,1001,7,4,,,
TRAINER_BB_YOUNGSTER_JOEY,RATTATA,11,,,,1001,7,1,,,
TRAINER_BB_PLASMA_GRUNT_PLASMA_GRUNT,TRUBBISH,14,,,,1001,7,1,,,
TRAINER_BB_PLASMA_GRUNT_PLASMA_GRUNT,EKANS,14,,,,1001,7,2,,,
TRAINER_BB_PLASMA_GRUNT_PLASMA_GRUNT,DROWZEE,15,,,,1001,7,3,,,
TRAINER_BB_PLASMA_GRUNT_PLASMA_GRUNT_2,KOFFING,14,,,,1001,7,1,,,
TRAINER_BB_PLASMA_GRUNT_PLASMA_GRUNT_2,GRIMER,14,,,,1001,7,2,,,
TRAINER_BB_PLASMA_GRUNT_PLASMA_GRUNT_2,CACNEA,15,,,,1001,7,3,,,
TRAINER_BB_DUO_KUMI_AMY,NIDORAN M,14,,,,1001,7,1,,,
TRAINER_BB_DUO_KUMI_AMY,NIDORAN F,14,,,,1001,7,2,,,
TRAINER_BB_NURSERY_AIDE_AUTUMN,TOGEPI,14,,,,1001,7,1,,,
TRAINER_BB_NURSERY_AIDE_AUTUMN,NATU,14,,,,1001,7,2,,,
TRAINER_BB_NURSERY_AIDE_AUTUMN,RALTS,14,,,,1001,7,3,,,
TRAINER_BB_NURSERY_AIDE_AUTUMN,MUNNA,14,,,,1001,7,4,,,
TRAINER_BB_PRESCHOOLER_DOYLE,SQUIRTLE,14,,,,1001,7,1,,,
TRAINER_BB_PRESCHOOLER_DOYLE,OSHAWOTT,14,,,,1001,7,2,,,
TRAINER_BB_PRESCHOOLER_WENDY,TOTODILE,14,,,,1001,7,1,,,
TRAINER_BB_PRESCHOOLER_WENDY,PIPLUP,14,,,,1001,7,2,,,
TRAINER_BB_PRESCHOOLER_TULLY,MUDKIP,14,,,,1001,7,1,,,
TRAINER_BB_PRESCHOOLER_TULLY,PSYDUCK,14,,,,1001,7,2,,,
TRAINER_BB_PRESCHOOLER_TULLY,SHELLOS,14,,,,1001,7,3,,,
TRAINER_BB_PKMN_BREEDER_ADELAIDE,IGGLYBUFF,12,,,,1001,7,1,,,
TRAINER_BB_PKMN_BREEDER_ADELAIDE,CLEFFA,12,,,,1001,7,2,,,
TRAINER_BB_PKMN_BREEDER_ADELAIDE,PICHU,12,,,,1001,7,3,,,
TRAINER_BB_PKMN_BREEDER_ADELAIDE,MAGBY,12,,,,1001,7,4,,,
TRAINER_BB_PKMN_BREEDER_ADELAIDE,ELEKID,12,,,,1001,7,5,,,
TRAINER_BB_PKMN_BREEDER_ADELAIDE,SMOOCHUM,12,,,,1001,7,6,,,
TRAINER_BB_SCHOOL_KID_AL,BLITZLE,15,,,,1001,7,1,,,
TRAINER_BB_SCHOOL_KID_AL,MAREEP,15,,,,1001,7,2,,,
TRAINER_BB_SCHOOL_KID_AL,FLAAFFY,15,,,,1001,7,3,,,
TRAINER_BB_SCHOOL_KID_MARSHA,PHANPY,15,,,,1001,7,1,,,
TRAINER_BB_SCHOOL_KID_MARSHA,TEDDIURSA,15,,,,1001,7,2,,,
TRAINER_BB_SCHOOL_KID_MARSHA,WOOBAT,15,,,,1001,7,3,,,
TRAINER_BB_SCHOOL_KID_MARSHA,WHISMUR,15,,,,1001,7,4,,,
TRAINER_BB_SCHOOL_KID_GINA,WOOPER,16,,,,1001,7,1,,,
TRAINER_BB_SCHOOL_KID_GINA,TAILLOW,16,,,,1001,7,2,,,
TRAINER_BB_SCHOOL_KID_GINA,LOTAD,16,,,,1001,7,3,,,
TRAINER_BB_SCHOOL_KID_GINA,SEEDOT,16,,,,1001,7,4,,,
TRAINER_BB_SCHOOL_KID_EDGAR,SHINX,16,,,,1001,7,1,,,
TRAINER_BB_SCHOOL_KID_EDGAR,LUXIO,16,,,,1001,7,2,,,
TRAINER_BB_SCHOOL_KID_EDGAR,NUZLEAF,16,,,,1001,7,3,,,
TRAINER_BB_SCHOOL_KID_EDGAR,LOMBRE,16,,,,1001,7,4,,,
TRAINER_BB_PKMN_BREEDER_GALEN,SERPERIOR,50,,,,1001,7,1,,,
TRAINER_BB_PKMN_BREEDER_GALEN,SAMUROTT,50,,,,1001,7,2,,,
TRAINER_BB_PKMN_BREEDER_GALEN,EMBOAR,50,,,,1001,7,3,,,
TRAINER_BB_PLASMA_GRUNT_PLASMA_GRUNT_3,ZUBAT,15,,,,1001,7,1,,,
TRAINER_BB_PLASMA_GRUNT_PLASMA_GRUNT_3,TENTACOOL,15,,,,1001,7,2,,,
TRAINER_BB_PLASMA_GRUNT_PLASMA_GRUNT_3,POOCHYENA,15,,,,1001,7,3,,,
TRAINER_BB_PLASMA_GRUNT_PLASMA_GRUNT_4,VOLTORB,15,,,,1001,7,1,,,
TRAINER_BB_PLASMA_GRUNT_PLASMA_GRUNT_4,CARVANHA,15,,,,1001,7,2,,,
TRAINER_BB_PLASMA_GRUNT_PLASMA_GRUNT_4,PAWNIARD,15,,,,1001,7,3,,,
TRAINER_BB_PLASMA_GRUNT_PLASMA_GRUNT_5,GULPIN,15,,,,1001,7,1,,,
TRAINER_BB_PLASMA_GRUNT_PLASMA_GRUNT_5,NUMEL,15,,,,1001,7,2,,,
TRAINER_BB_PLASMA_GRUNT_PLASMA_GRUNT_5,HOUNDOUR,15,,,,1001,7,3,,,
TRAINER_BB_LASS_DYE,BRELOOM,85,,,,1001,7,1,,,
TRAINER_BB_SCHOOL_KID_CARTER,AIPOM,18,,,,1001,7,1,,,
TRAINER_BB_SCHOOL_KID_CARTER,SNUBBULL,18,,,,1001,7,2,,,
TRAINER_BB_SCHOOL_KID_CARTER,MINCCINO,18,,,,1001,7,3,,,
TRAINER_BB_SCHOOL_KID_CARTER,LICKITUNG,18,,,,1001,7,4,,,
TRAINER_BB_SCIENTIST_SATOMI,DITTO,18,,,,1001,7,1,,,
TRAINER_BB_SCIENTIST_SATOMI,SMEARGLE,18,,,,1001,7,2,,,
TRAINER_BB_SCIENTIST_SATOMI,PORYGON,18,,,,1001,7,3,,,
TRAINER_BB_SCIENTIST_SATOMI,CASTFORM,18,,,,1001,7,4,,,
TRAINER_BB_SCHOOL_KID_LYDIA,BUNEARY,18,,,,1001,7,1,,,
TRAINER_BB_SCHOOL_KID_LYDIA,CLEFAIRY,18,,,,1001,7,2,,,
TRAINER_BB_SCHOOL_KID_LYDIA,JIGGLYPUFF,18,,,,1001,7,3,,,
TRAINER_BB_SCHOOL_KID_LYDIA,DELCATTY,18,,,,1001,7,4,,,
TRAINER_BB_NURSE_SHERY,HAPPINY,18,,,,1001,7,1,,,
TRAINER_BB_NURSE_SHERY,AUDINO,18,,,,1001,7,2,,,
TRAINER_BB_PRESCHOOLER_JULIET,PANSAGE,18,,,,1001,7,1,,,
TRAINER_BB_PRESCHOOLER_JULIET,PANPOUR,18,,,,1001,7,2,,,
TRAINER_BB_PRESCHOOLER_JULIET,PANSEAR,18,,,,1001,7,3,,,
TRAINER_BB_PRESCHOOLER_HOMER,ROGGENROLA,18,,,,1001,7,1,,,
TRAINER_BB_PRESCHOOLER_HOMER,GEODUDE,18,,,,1001,7,2,,,
TRAINER_BB_PRESCHOOLER_HOMER,ARON,18,,,,1001,7,3,,,
TRAINER_BB_YOUNGSTER_KEITA,SPINARAK,18,,,,1001,7,1,,,
TRAINER_BB_YOUNGSTER_KEITA,DODUO,18,,,,1001,7,2,,,
TRAINER_BB_YOUNGSTER_KEITA,CHARMANDER,18,,,,1001,7,3,,,
TRAINER_BB_YOUNGSTER_ZACHARY,BURMY,18,,,,1001,7,1,,,
TRAINER_BB_YOUNGSTER_ZACHARY,TORCHIC,18,,,,1001,7,2,,,
TRAINER_BB_YOUNGSTER_ZACHARY,LEDYBA,18,,,,1001,7,3,,,
TRAINER_BB_BATTLE_GIRL_LEE,TIMBURR,18,,,,1001,7,1,,,
TRAINER_BB_BATTLE_GIRL_LEE,CROAGUNK,18,,,,1001,7,2,,,
TRAINER_BB_BATTLE_GIRL_LEE,TYROGUE,18,,,,1001,7,3,,,
TRAINER_BB_BATTLE_GIRL_LEE,THROH,18,,,,1001,7,4,,,
TRAINER_BB_BLACK_BELT_KENTARO,MACHOP,18,,,,1001,7,1,,,
TRAINER_BB_BLACK_BELT_KENTARO,MEDITITE,18,,,,1001,7,2,,,
TRAINER_BB_BLACK_BELT_KENTARO,RIOLU,18,,,,1001,7,3,,,
TRAINER_BB_BLACK_BELT_KENTARO,SAWK,18,,,,1001,7,4,,,
TRAINER_BB_TWINS_MAYO_MAY,SEWADDLE,20,,,,1001,7,1,,,
TRAINER_BB_TWINS_MAYO_MAY,VENIPEDE,20,,,,1001,7,2,,,
TRAINER_BB_TWINS_MAYO_MAY,COTTONEE,20,,,,1001,7,3,,,
TRAINER_BB_TWINS_MAYO_MAY,PETILIL,20,,,,1001,7,4,,,
TRAINER_BB_TEAM_PLASMA_GRUNT_TEAM_PLASMA_GRUNT,SANDILE,21,,,,1001,7,1,,,
TRAINER_BB_TEAM_PLASMA_GRUNT_TEAM_PLASMA_GRUNT,SKORUPI,21,,,,1001,7,2,,,
TRAINER_BB_TEAM_PLASMA_GRUNT_TEAM_PLASMA_GRUNT,FOONGUS,21,,,,1001,7,3,,,
TRAINER_BB_TEAM_PLASMA_GRUNT_TEAM_PLASMA_GRUNT_2,STUNKY,21,,,,1001,7,1,,,
TRAINER_BB_TEAM_PLASMA_GRUNT_TEAM_PLASMA_GRUNT_2,GLAMEOW,21,,,,1001,7,2,,,
TRAINER_BB_TEAM_PLASMA_GRUNT_TEAM_PLASMA_GRUNT_2,MIGHTYENA,21,,,,1001,7,3,,,
TRAINER_BB_PKMN_RANGER_FORREST,DUNSPARCE,22,,,,1001,7,1,,,
TRAINER_BB_PKMN_RANGER_FORREST,CHIMCHAR,22,,,,1001,7,2,,,
TRAINER_BB_PKMN_RANGER_FORREST,HERACROSS,22,,,,1001,7,3,,,
TRAINER_BB_YOUNGSTER_NICHOLAS,SHROOMISH,21,,,,1001,7,1,,,
TRAINER_BB_YOUNGSTER_NICHOLAS,CYNDAQUIL,21,,,,1001,7,2,,,
TRAINER_BB_YOUNGSTER_NICHOLAS,TREECKO,21,,,,1001,7,3,,,
TRAINER_BB_PKMN_RANGER_AUDRA,TANGELA,22,,,,1001,7,1,,,
TRAINER_BB_PKMN_RANGER_AUDRA,BULBASAUR,22,,,,1001,7,2,,,
TRAINER_BB_PKMN_RANGER_AUDRA,SCYTHER,22,,,,1001,7,3,,,
TRAINER_BB_PKMN_RANGER_IRENE,ROSELIA,22,,,,1001,7,1,,,
TRAINER_BB_PKMN_RANGER_IRENE,CHIKORITA,22,,,,1001,7,2,,,
TRAINER_BB_PKMN_RANGER_IRENE,PINSIR,22,,,,1001,7,3,,,
TRAINER_BB_TEAM_PLASMA_GRUNT_TEAM_PLASMA_GRUNT_3,MURKROW,22,,,,1001,7,1,,,
TRAINER_BB_TEAM_PLASMA_GRUNT_TEAM_PLASMA_GRUNT_3,LIEPARD,22,,,,1001,7,2,,,
TRAINER_BB_PKMN_RANGER_MIGUEL,VIGOROTH,22,,,,1001,7,1,,,
TRAINER_BB_PKMN_RANGER_MIGUEL,TURTWIG,22,,,,1001,7,2,,,
TRAINER_BB_PKMN_RANGER_MIGUEL,MOTHIM,22,,,,1001,7,3,,,
TRAINER_BB_TEAM_PLASMA_GRUNT_TEAM_PLASMA_GRUNT_4,GOLBAT,23,,,,1001,7,1,,,
TRAINER_BB_TEAM_PLASMA_GRUNT_TEAM_PLASMA_GRUNT_4,SCRAGGY,23,,,,1001,7,2,,,
TRAINER_BB_TEAM_PLASMA_GRUNT_TEAM_PLASMA_GRUNT_4,BEEDRILL,23,,,,1001,7,3,,,
TRAINER_BB_TEAM_PLASMA_GRUNT_TEAM_PLASMA_GRUNT_4,CARNIVINE,23,,,,1001,7,4,,,
TRAINER_BB_SCHOOL_KID_MILLIE,TRANQUILL,22,,,,1001,7,1,,,
TRAINER_BB_SCHOOL_KID_MILLIE,FURRET,22,,,,1001,7,2,,,
TRAINER_BB_SCHOOL_KID_MILLIE,IVYSAUR,22,,,,1001,7,3,,,
TRAINER_BB_LASS_EVA,ODDISH,22,,,,1001,7,1,,,
TRAINER_BB_LASS_EVA,BELLSPROUT,22,,,,1001,7,2,,,
TRAINER_BB_LASS_EVA,PIDGEOTTO,22,,,,1001,7,3,,,
TRAINER_BB_LASS_EVA,WARTORTLE,22,,,,1001,7,4,,,
TRAINER_BB_SCHOOL_KID_SAMMY,LINOONE,22,,,,1001,7,1,,,
TRAINER_BB_SCHOOL_KID_SAMMY,NOCTOWL,22,,,,1001,7,2,,,
TRAINER_BB_SCHOOL_KID_SAMMY,CHARMELEON,22,,,,1001,7,3,,,
TRAINER_BB_SCHOOL_KID_SAMMY,SANDSHREW,22,,,,1001,7,4,,,
TRAINER_BB_CLERK_INGRID,POLIWAG,23,,,,1001,7,1,,,
TRAINER_BB_CLERK_INGRID,GOLDEEN,23,,,,1001,7,2,,,
TRAINER_BB_CLERK_INGRID,STARYU,23,,,,1001,7,3,,,
TRAINER_BB_CLERK_INGRID,AZUMARILL,23,,,,1001,7,4,,,
TRAINER_BB_CLERK_CLEMENS,LOUDRED,23,,,,1001,7,1,,,
TRAINER_BB_CLERK_CLEMENS,KIRLIA,23,,,,1001,7,2,,,
TRAINER_BB_CLERK_CLEMENS,NIDORINA,23,,,,1001,7,3,,,
TRAINER_BB_CLERK_CLEMENS,NIDORINO,23,,,,1001,7,4,,,
TRAINER_BB_SCIENTIST_RANDALL,ABRA,23,,,,1001,7,1,,,
TRAINER_BB_SCIENTIST_RANDALL,SHUCKLE,23,,,,1001,7,2,,,
TRAINER_BB_SCIENTIST_RANDALL,SPINDA,23,,,,1001,7,3,,,
TRAINER_BB_SCIENTIST_RANDALL,MAGNEMITE,23,,,,1001,7,4,,,
TRAINER_BB_CLERK_WARREN,SLAKOTH,24,,,,1001,7,1,,,
TRAINER_BB_CLERK_WARREN,ONIX,24,,,,1001,7,2,,,
TRAINER_BB_CLERK_WARREN,QUAGSIRE,24,,,,1001,7,3,,,
TRAINER_BB_CLERK_ALBERTA,WORMADAM,23,,,,1001,7,1,,,
TRAINER_BB_CLERK_ALBERTA,WEEPINBELL,23,,,,1001,7,2,,,
TRAINER_BB_CLERK_ALBERTA,GLOOM,23,,,,1001,7,3,,,
TRAINER_BB_CLERK_ALBERTA,GROVYLE,23,,,,1001,7,4,,,
TRAINER_BB_CLERK_IVAN,CUBONE,24,,,,1001,7,1,,,
TRAINER_BB_CLERK_IVAN,LEDIAN,24,,,,1001,7,2,,,
TRAINER_BB_CLERK_IVAN,COMBUSKEN,24,,,,1001,7,3,,,
TRAINER_BB_SCIENTIST_SAMANTHA,PIKACHU,23,,,,1001,7,1,,,
TRAINER_BB_SCIENTIST_SAMANTHA,TRAPINCH,23,,,,1001,7,2,,,
TRAINER_BB_SCIENTIST_SAMANTHA,MIME-JR,23,,,,1001,7,3,,,
TRAINER_BB_SCIENTIST_SAMANTHA,SPOINK,23,,,,1001,7,4,,,
TRAINER_BB_SCIENTIST_STEVE,DRIFLOON,23,,,,1001,7,1,,,
TRAINER_BB_SCIENTIST_STEVE,SLUGMA,23,,,,1001,7,2,,,
TRAINER_BB_SCIENTIST_STEVE,CHINGLING,23,,,,1001,7,3,,,
TRAINER_BB_SCIENTIST_STEVE,BONSLY,23,,,,1001,7,4,,,
TRAINER_BB_CLERK_WADE,GOLETT,25,,,,1001,7,1,,,
TRAINER_BB_CLERK_WADE,CLAMPERL,25,,,,1001,7,2,,,
TRAINER_BB_CLERK_WADE,POLIWHIRL,25,,,,1001,7,3,,,
TRAINER_BB_CLERK_WADE,MARSHTOMP,25,,,,1001,7,4,,,
TRAINER_BB_JANITOR_GEOFF,GASTLY,26,,,,1001,7,1,,,
TRAINER_BB_JANITOR_GEOFF,SKIPLOOM,26,,,,1001,7,2,,,
TRAINER_BB_JANITOR_GEOFF,CINCCINO,26,,,,1001,7,3,,,
TRAINER_BB_JANITOR_GEOFF,LOPUNNY,26,,,,1001,7,4,,,
TRAINER_BB_DANCER_EDMOND,SIMIPOUR,25,,,,1001,7,1,,,
TRAINER_BB_DANCER_RAYMOND,SIMISEAR,25,,,,1001,7,1,,,
TRAINER_BB_DANCER_MICKEY,SIMISAGE,25,,,,1001,7,1,,,
TRAINER_BB_PLASMA_GRUNT_PLASMA_GRUNT_6,COMBEE,24,,,,1001,7,1,,,
TRAINER_BB_PLASMA_GRUNT_PLASMA_GRUNT_6,DUSTOX,24,,,,1001,7,2,,,
TRAINER_BB_PLASMA_GRUNT_PLASMA_GRUNT_6,SHEDINJA,24,,,,1001,7,3,,,
TRAINER_BB_HARLEQUIN_JACK,METAPOD,26,,,,1001,7,1,,,
TRAINER_BB_HARLEQUIN_JACK,KAKUNA,26,,,,1001,7,2,,,
TRAINER_BB_HARLEQUIN_JACK,SILCOON,26,,,,1001,7,3,,,
TRAINER_BB_HARLEQUIN_JACK,CASCOON,26,,,,1001,7,4,,,
TRAINER_BB_HARLEQUIN_JACK,KRICKETUNE,26,,,,1001,7,5,,,
TRAINER_BB_HARLEQUIN_KERRY,SURSKIT,26,,,,1001,7,1,,,
TRAINER_BB_HARLEQUIN_KERRY,BUTTERFREE,26,,,,1001,7,2,,,
TRAINER_BB_HARLEQUIN_KERRY,BEAUTIFLY,26,,,,1001,7,3,,,
TRAINER_BB_HARLEQUIN_KERRY,VOLBEAT,26,,,,1001,7,4,,,
TRAINER_BB_HARLEQUIN_KERRY,ILLUMISE,26,,,,1001,7,5,,,
TRAINER_BB_HARLEQUIN_RICK,DWEBBLE,26,,,,1001,7,1,,,
TRAINER_BB_HARLEQUIN_RICK,KARRABLAST,26,,,,1001,7,2,,,
TRAINER_BB_HARLEQUIN_RICK,SHELMET,26,,,,1001,7,3,,,
TRAINER_BB_HARLEQUIN_RICK,SWADLOON,26,,,,1001,7,4,,,
TRAINER_BB_HARLEQUIN_RICK,WHIRLIPEDE,26,,,,1001,7,5,,,
TRAINER_BB_HARLEQUIN_LOUIS,PARAS,26,,,,1001,7,1,,,
TRAINER_BB_HARLEQUIN_LOUIS,ANORITH,26,,,,1001,7,2,,,
TRAINER_BB_HARLEQUIN_LOUIS,PINECO,26,,,,1001,7,3,,,
TRAINER_BB_HARLEQUIN_LOUIS,YANMA,26,,,,1001,7,4,,,
TRAINER_BB_HARLEQUIN_LOUIS,VENONAT,26,,,,1001,7,5,,,
TRAINER_BB_BACKPACKER_KEANE,SANDSHREW,27,,,,1001,7,1,,,
TRAINER_BB_BACKPACKER_KEANE,EXEGGCUTE,27,,,,1001,7,2,,,
TRAINER_BB_BACKPACKER_KEANE,DIGLETT,27,,,,1001,7,3,,,
TRAINER_BB_BACKPACKER_KEANE,SUNKERN,27,,,,1001,7,4,,,
TRAINER_BB_BACKPACKER_KEANE,SWABLU,27,,,,1001,7,5,,,
TRAINER_BB_WORKER_GUS,MAKUHITA,25,,,,1001,7,1,,,
TRAINER_BB_WORKER_GUS,BALTOY,25,,,,1001,7,2,,,
TRAINER_BB_WORKER_GUS,SWINUB,25,,,,1001,7,3,,,
TRAINER_BB_WORKER_GUS,CRANIDOS,25,,,,1001,7,4,,,
TRAINER_BB_BACKPACKER_ANNA,WINGULL,27,,,,1001,7,1,,,
TRAINER_BB_BACKPACKER_ANNA,EEVEE,27,,,,1001,7,2,,,
TRAINER_BB_BACKPACKER_ANNA,SPEAROW,27,,,,1001,7,3,,,
TRAINER_BB_BACKPACKER_ANNA,ELECTRIKE,27,,,,1001,7,4,,,
TRAINER_BB_BACKPACKER_ANNA,BUIZEL,27,,,,1001,7,5,,,
TRAINER_BB_BACKPACKER_JILL,CHERUBI,27,,,,1001,7,1,,,
TRAINER_BB_BACKPACKER_JILL,SNIVY,27,,,,1001,7,2,,,
TRAINER_BB_BACKPACKER_JILL,PIDOVE,27,,,,1001,7,3,,,
TRAINER_BB_BACKPACKER_JILL,DARUMAKA,27,,,,1001,7,4,,,
TRAINER_BB_BACKPACKER_JILL,DEERLING,27,,,,1001,7,5,,,
TRAINER_BB_BACKPACKER_WAYLON,TEPIG,27,,,,1001,7,1,,,
TRAINER_BB_BACKPACKER_WAYLON,DUCKLETT,27,,,,1001,7,2,,,
TRAINER_BB_BACKPACKER_WAYLON,VANILLITE,27,,,,1001,7,3,,,
TRAINER_BB_BACKPACKER_WAYLON,FERROSEED,27,,,,1001,7,4,,,
TRAINER_BB_BACKPACKER_WAYLON,MIENFOO,27,,,,1001,7,5,,,
TRAINER_BB_WORKER_SCOTT,BOLDORE,26,,,,1001,7,1,,,
TRAINER_BB_WORKER_SCOTT,GRAVELER,26,,,,1001,7,2,,,
TRAINER_BB_WORKER_SCOTT,HIPPOPOTAS,26,,,,1001,7,3,,,
TRAINER_BB_WORKER_ZACK,RHYHORN,27,,,,1001,7,1,,,
TRAINER_BB_WORKER_ZACK,SANDSLASH,27,,,,1001,7,2,,,
TRAINER_BB_BACKPACKER_JEROME,LILEEP,28,,,,1001,7,1,,,
TRAINER_BB_BACKPACKER_JEROME,SNORUNT,28,,,,1001,7,2,,,
TRAINER_BB_BACKPACKER_JEROME,SPHEAL,28,,,,1001,7,3,,,
TRAINER_BB_WORKER_SHELBY,MACHOKE,28,,,,1001,7,1,,,
TRAINER_BB_FISHERMAN_HUBERT,OMANYTE,26,,,,1001,7,1,,,
TRAINER_BB_FISHERMAN_HUBERT,REMORAID,26,,,,1001,7,2,,,
TRAINER_BB_FISHERMAN_HUBERT,MAGIKARP,26,,,,1001,7,3,,,
TRAINER_BB_FISHERMAN_HUBERT,HORSEA,26,,,,1001,7,4,,,
TRAINER_BB_FISHERMAN_HUBERT,WAILMER,26,,,,1001,7,5,,,
TRAINER_BB_FISHERMAN_ANDREW,KABUTO,26,,,,1001,7,1,,,
TRAINER_BB_FISHERMAN_ANDREW,FINNEON,26,,,,1001,7,2,,,
TRAINER_BB_FISHERMAN_ANDREW,FRILLISH,26,,,,1001,7,3,,,
TRAINER_BB_FISHERMAN_ANDREW,CHINCHOU,26,,,,1001,7,4,,,
TRAINER_BB_FISHERMAN_ANDREW,FEEBAS,26,,,,1001,7,5,,,
TRAINER_BB_PARASOL_LADY_APRIL,MANTYKE,26,,,,1001,7,1,,,
TRAINER_BB_PARASOL_LADY_APRIL,MUNCHLAX,26,,,,1001,7,2,,,
TRAINER_BB_PARASOL_LADY_APRIL,SNOVER,26,,,,1001,7,3,,,
TRAINER_BB_PARASOL_LADY_APRIL,SHIELDON,26,,,,1001,7,4,,,
TRAINER_BB_DOCTOR_JERRY,CHANSEY,30,,,,1001,7,1,,,
TRAINER_BB_BACKPACKER_KELSEY,TOGETIC,29,,,,1001,7,1,,,
TRAINER_BB_BACKPACKER_KELSEY,SUNFLORA,29,,,,1001,7,2,,,
TRAINER_BB_BACKPACKER_KELSEY,LUVDISC,29,,,,1001,7,3,,,
TRAINER_BB_PKMN_RANGER_MYLENE,LAIRON,32,,,,1001,7,1,,,
TRAINER_BB_PKMN_RANGER_MYLENE,NINJASK,32,,,,1001,7,2,,,
TRAINER_BB_PKMN_RANGER_JADEN,SWELLOW,32,,,,1001,7,1,,,
TRAINER_BB_PKMN_RANGER_JADEN,SUDOWOODO,32,,,,1001,7,2,,,
TRAINER_BB_BACKPACKER_NATE,BARBOACH,29,,,,1001,7,1,,,
TRAINER_BB_BACKPACKER_NATE,KECLEON,29,,,,1001,7,2,,,
TRAINER_BB_BACKPACKER_NATE,GRANBULL,29,,,,1001,7,3,,,
TRAINER_BB_BACKPACKER_LIZ,SHELLDER,29,,,,1001,7,1,,,
TRAINER_BB_BACKPACKER_LIZ,RUFFLET,29,,,,1001,7,2,,,
TRAINER_BB_BACKPACKER_LIZ,VULLABY,29,,,,1001,7,3,,,
TRAINER_BB_PSYCHIC_CYBIL,GOTHITA,28,,,,1001,7,1,,,
TRAINER_BB_PSYCHIC_CYBIL,SOLOSIS,28,,,,1001,7,2,,,
TRAINER_BB_PSYCHIC_CYBIL,YAMASK,28,,,,1001,7,3,,,
TRAINER_BB_PSYCHIC_CYBIL,HAUNTER,28,,,,1001,7,4,,,
TRAINER_BB_PSYCHIC_LOW,WYNAUT,30,,,,1001,7,1,,,
TRAINER_BB_PSYCHIC_LOW,CHIMECHO,30,,,,1001,7,2,,,
TRAINER_BB_BACKPACKER_ELAINE,KRABBY,29,,,,1001,7,1,,,
TRAINER_BB_BACKPACKER_ELAINE,CUBCHOO,29,,,,1001,7,2,,,
TRAINER_BB_BACKPACKER_ELAINE,TIRTOUGA,29,,,,1001,7,3,,,
TRAINER_BB_PSYCHIC_GAVEN,DUSKULL,30,,,,1001,7,1,,,
TRAINER_BB_PSYCHIC_GAVEN,SHUPPET,30,,,,1001,7,2,,,
TRAINER_BB_PSYCHIC_PERRY,GOTHORITA,32,,,,1001,7,1,,,
TRAINER_BB_PSYCHIC_PERRY,DUOSION,32,,,,1001,7,2,,,
TRAINER_BB_PSYCHIC_DUA,LITWICK,31,,,,1001,7,1,,,
TRAINER_BB_PSYCHIC_DUA,ELGYEM,31,,,,1001,7,2,,,
TRAINER_BB_PSYCHIC_DUA,SIGILYPH,31,,,,1001,7,3,,,
TRAINER_BB_PLASMA_GRUNT_PLASMA_GRUNT_7,LINOONE,58,,,,1001,7,1,,,
TRAINER_BB_PLASMA_GRUNT_PLASMA_GRUNT_7,KROOKODILE,58,,,,1001,7,2,,,
TRAINER_BB_PLASMA_GRUNT_PLASMA_GRUNT_7,SCRAFTY,58,,,,1001,7,3,,,
TRAINER_BB_PLASMA_GRUNT_PLASMA_GRUNT_8,ARIADOS,58,,,,1001,7,1,,,
TRAINER_BB_PLASMA_GRUNT_PLASMA_GRUNT_8,CROBAT,58,,,,1001,7,2,,,
TRAINER_BB_PLASMA_GRUNT_PLASMA_GRUNT_8,RHYDON,58,,,,1001,7,3,,,
TRAINER_BB_PLASMA_GRUNT_PLASMA_GRUNT_9,WEEZING,58,,,,1001,7,1,,,
TRAINER_BB_PLASMA_GRUNT_PLASMA_GRUNT_9,MUK,58,,,,1001,7,2,,,
TRAINER_BB_PLASMA_GRUNT_PLASMA_GRUNT_9,GARBODOR,58,,,,1001,7,3,,,
TRAINER_BB_PLASMA_GRUNT_PLASMA_GRUNT_10,KROOKODILE,60,,,,1001,7,1,,,
TRAINER_BB_PLASMA_GRUNT_PLASMA_GRUNT_11,BISHARP,59,,,,1001,7,1,,,
TRAINER_BB_PLASMA_GRUNT_PLASMA_GRUNT_11,DRAPION,59,,,,1001,7,2,,,
TRAINER_BB_PLASMA_GRUNT_PLASMA_GRUNT_12,SCRAFTY,59,,,,1001,7,1,,,
TRAINER_BB_PLASMA_GRUNT_PLASMA_GRUNT_12,LIEPARD,59,,,,1001,7,2,,,
TRAINER_BB_PLASMA_GRUNT_PLASMA_GRUNT_13,TENTACRUEL,59,,,,1001,7,1,,,
TRAINER_BB_PLASMA_GRUNT_PLASMA_GRUNT_13,SEVIPER,59,,,,1001,7,2,,,
TRAINER_BB_PLASMA_GRUNT_PLASMA_GRUNT_14,MAWILE,31,,,,1001,7,1,,,
TRAINER_BB_PLASMA_GRUNT_PLASMA_GRUNT_14,SABLEYE,31,,,,1001,7,2,,,
TRAINER_BB_LADY_MAGNOLIA,PLUSLE,33,,,,1001,7,1,,,
TRAINER_BB_LADY_MAGNOLIA,MINUN,33,,,,1001,7,2,,,
TRAINER_BB_LADY_MAGNOLIA,JOLTIK,33,,,,1001,7,3,,,
TRAINER_BB_LADY_MAGNOLIA,TYNAMO,33,,,,1001,7,4,,,
TRAINER_BB_LADY_MAGNOLIA,PICHU,33,,,,1001,7,5,,,
TRAINER_BB_RICH_BOY_CODY,PACHIRISU,34,,,,1001,7,1,,,
TRAINER_BB_RICH_BOY_CODY,ELECTABUZZ,34,,,,1001,7,2,,,
TRAINER_BB_RICH_BOY_CODY,PIKACHU,34,,,,1001,7,3,,,
TRAINER_BB_RICH_BOY_CODY,FLAAFFY,34,,,,1001,7,4,,,
TRAINER_BB_RICH_BOY_CODY,JOLTEON,34,,,,1001,7,5,,,
TRAINER_BB_RICH_BOY_ROLAN,LUXRAY,34,,,,1001,7,1,,,
TRAINER_BB_RICH_BOY_ROLAN,JOLTEON,34,,,,1001,7,2,,,
TRAINER_BB_RICH_BOY_ROLAN,MAGNETON,34,,,,1001,7,3,,,
TRAINER_BB_RICH_BOY_ROLAN,ELECTRODE,34,,,,1001,7,4,,,
TRAINER_BB_RICH_BOY_ROLAN,LANTURN,34,,,,1001,7,5,,,
TRAINER_BB_LADY_COLETTE,STUNFISK,35,,,,1001,7,1,,,
TRAINER_BB_LADY_COLETTE,ROTOM,35,,,,1001,7,2,,,
TRAINER_BB_LADY_COLETTE,EMOLGA,35,,,,1001,7,3,,,
TRAINER_BB_CYCLING_HECTOR,STARAVIA,30,,,,1001,7,1,,,
TRAINER_BB_CYCLING_HECTOR,PONYTA,30,,,,1001,7,2,,,
TRAINER_BB_BACKPACKER_PETER,KLINK,30,,,,1001,7,1,,,
TRAINER_BB_BACKPACKER_PETER,PRINPLUP,30,,,,1001,7,2,,,
TRAINER_BB_CYCLING_KRISSA,ARCHEN,30,,,,1001,7,1,,,
TRAINER_BB_CYCLING_KRISSA,GROTLE,30,,,,1001,7,2,,,
TRAINER_BB_POLICEMAN_DANIEL,HOUNDOOM,30,,,,1001,7,1,,,
TRAINER_BB_POLICEMAN_DANIEL,MAGMAR,30,,,,1001,7,2,,,
TRAINER_BB_BACKPACKER_LORA,CHERRIM,30,,,,1001,7,1,,,
TRAINER_BB_BACKPACKER_LORA,MONFERNO,30,,,,1001,7,2,,,
TRAINER_BB_BACKPACKER_STEPHEN,CORPHISH,30,,,,1001,7,1,,,
TRAINER_BB_BACKPACKER_STEPHEN,ARIADOS,30,,,,1001,7,2,,,
TRAINER_BB_PRESCHOOLER_SARAH,LUNATONE,35,,,,1001,7,1,,,
TRAINER_BB_PRESCHOOLER_BILLY,SOLROCK,35,,,,1001,7,1,,,
TRAINER_BB_BAKER_JENN,COMBEE,33,,,,1001,7,1,,,
TRAINER_BB_BAKER_JENN,MUNCHLAX,33,,,,1001,7,2,,,
TRAINER_BB_HARLEQUIN_PAUL,PALPITOAD,32,,,,1001,7,1,,,
TRAINER_BB_HARLEQUIN_PAUL,SEEL,32,,,,1001,7,2,,,
TRAINER_BB_MUSICIAN_PRESTON,WIGGLYTUFF,33,,,,1001,7,1,,,
TRAINER_BB_DANCER_BRIAN,KIRLIA,33,,,,1001,7,1,,,
TRAINER_BB_DANCER_BRIAN,LUDICOLO,33,,,,1001,7,2,,,
TRAINER_BB_ARIST_HORTON,SMEARGLE,31,,,,1001,7,1,,,
TRAINER_BB_ARIST_HORTON,SMEARGLE,31,,,,1001,7,2,,,
TRAINER_BB_ARIST_HORTON,SMEARGLE,31,,,,1001,7,3,,,
TRAINER_BB_BACKPACKER_MICHAEL,NOSEPASS,33,,,,1001,7,1,,,
TRAINER_BB_BACKPACKER_LOIS,SHIFTRY,33,,,,1001,7,1,,,
TRAINER_BB_YOUNGSTER_KENNETH,PERSIAN,35,,,,1001,7,1,,,
TRAINER_BB_YOUNGSTER_KENNETH,DUGTRIO,35,,,,1001,7,2,,,
TRAINER_BB_YOUNGSTER_KENNETH,SERVINE,35,,,,1001,7,3,,,
TRAINER_BB_YOUNGSTER_ALBERT,PRIMEAPE,35,,,,1001,7,1,,,
TRAINER_BB_YOUNGSTER_ALBERT,MAGNETON,35,,,,1001,7,2,,,
TRAINER_BB_YOUNGSTER_ALBERT,DEWOTT,35,,,,1001,7,3,,,
TRAINER_BB_WORKER_EDDIE,DRILBUR,34,,,,1001,7,1,,,
TRAINER_BB_WORKER_EDDIE,BAYLEEF,34,,,,1001,7,2,,,
TRAINER_BB_WORKER_EDDIE,SNEASEL,34,,,,1001,7,3,,,
TRAINER_BB_WORKER_EDDIE,PILOSWINE,34,,,,1001,7,4,,,
TRAINER_BB_WORKER_VICTOR,VANILLISH,35,,,,1001,7,1,,,
TRAINER_BB_WORKER_VICTOR,CROCONAW,35,,,,1001,7,2,,,
TRAINER_BB_WORKER_VICTOR,MIENFOO,35,,,,1001,7,3,,,
TRAINER_BB_WORKER_GLENN,QUILAVA,35,,,,1001,7,1,,,
TRAINER_BB_WORKER_GLENN,HARIYAMA,35,,,,1001,7,2,,,
TRAINER_BB_WORKER_GLENN,FLOATZEL,35,,,,1001,7,3,,,
TRAINER_BB_WORKER_FILIPE,SNOVER,36,,,,1001,7,1,,,
TRAINER_BB_WORKER_FILIPE,CRUSTLE,36,,,,1001,7,2,,,
TRAINER_BB_WORKER_PATTON,GRAVELER,36,,,,1001,7,1,,,
TRAINER_BB_WORKER_PATTON,GURDURR,36,,,,1001,7,2,,,
TRAINER_BB_WORKER_RYAN,BELDUM,37,,,,1001,7,1,,,
TRAINER_BB_WORKER_RYAN,METANG,37,,,,1001,7,2,,,
TRAINER_BB_PLASMA_GRUNT_PLASMA_GRUNT_15,HAUNTER,35,,,,1001,7,1,,,
TRAINER_BB_PLASMA_GRUNT_PLASMA_GRUNT_15,ARBOK,35,,,,1001,7,2,,,
TRAINER_BB_PLASMA_GRUNT_PLASMA_GRUNT_16,GRIMER,35,,,,1001,7,1,,,
TRAINER_BB_PLASMA_GRUNT_PLASMA_GRUNT_16,SWALOT,35,,,,1001,7,2,,,
TRAINER_BB_PLASMA_GRUNT_PLASMA_GRUNT_17,TRUBBISH,35,,,,1001,7,1,,,
TRAINER_BB_PLASMA_GRUNT_PLASMA_GRUNT_17,SHARPEDO,35,,,,1001,7,2,,,
TRAINER_BB_PLASMA_GRUNT_PLASMA_GRUNT_18,RATICATE,36,,,,1001,7,1,,,
TRAINER_BB_MOTORCYCLIST_CHARLES,POLIWRATH,35,,,,1001,7,1,,,
TRAINER_BB_MOTORCYCLIST_CHARLES,FORRETRESS,35,,,,1001,7,2,,,
TRAINER_BB_MOTORCYCLIST_CHARLES,TORKOAL,35,,,,1001,7,3,,,
TRAINER_BB_YOUNGSTER_KYLE,WAILORD,85,,,,1001,7,1,,,
TRAINER_BB_WORKER_FELIX,SANDILE,38,,,,1001,7,1,,,
TRAINER_BB_WORKER_FELIX,GIBLE,38,,,,1001,7,2,,,
TRAINER_BB_WORKER_FELIX,PILOSWINE,38,,,,1001,7,3,,,
TRAINER_BB_WORKER_FELIX,RHYHORN,38,,,,1001,7,4,,,
TRAINER_BB_WORKER_DON,LARVITAR,38,,,,1001,7,1,,,
TRAINER_BB_WORKER_DON,ONIX,38,,,,1001,7,2,,,
TRAINER_BB_WORKER_DON,GABITE,38,,,,1001,7,3,,,
TRAINER_BB_WORKER_DON,SANDSLASH,38,,,,1001,7,4,,,
TRAINER_BB_WORKER_STERLING,GLIGAR,37,,,,1001,7,1,,,
TRAINER_BB_WORKER_STERLING,PALPITOAD,37,,,,1001,7,2,,,
TRAINER_BB_WORKER_STERLING,NIDOKING,37,,,,1001,7,3,,,
TRAINER_BB_WORKER_STERLING,VIBRAVA,37,,,,1001,7,4,,,
TRAINER_BB_CLERK_ISAAC,CAMERUPT,39,,,,1001,7,1,,,
TRAINER_BB_CLERK_ISAAC,WHISCASH,39,,,,1001,7,2,,,
TRAINER_BB_CLERK_ISAAC,TORTERRA,39,,,,1001,7,3,,,
TRAINER_BB_CLERK_ISAAC,CLAYDOL,39,,,,1001,7,4,,,
TRAINER_BB_CLERK_KATIE,PUPITAR,38,,,,1001,7,1,,,
TRAINER_BB_CLERK_KATIE,NIDOQUEEN,38,,,,1001,7,2,,,
TRAINER_BB_CLERK_KATIE,DONPHAN,38,,,,1001,7,3,,,
TRAINER_BB_CLERK_KATIE,DUGTRIO,38,,,,1001,7,4,,,
TRAINER_BB_SCIENTIST_WILLIAM,SAWSBUCK,36,,,,1001,7,1,,,
TRAINER_BB_PKMN_RANGER_SHANTI,EMOLGA,35,,,,1001,7,1,,,
TRAINER_BB_PKMN_RANGER_SHANTI,WHIMSICOTT,35,,,,1001,7,2,,,
TRAINER_BB_PARASOL_LADY_NICOLE,LILLIGANT,34,,,,1001,7,1,,,
TRAINER_BB_PARASOL_LADY_NICOLE,ALOMOMOLA,34,,,,1001,7,2,,,
TRAINER_BB_PARASOL_LADY_NICOLE,JUMPLUFF,34,,,,1001,7,3,,,
TRAINER_BB_SCIENTIST_RON,MAGNETON,34,,,,1001,7,1,,,
TRAINER_BB_SCIENTIST_RON,ELECTRODE,34,,,,1001,7,2,,,
TRAINER_BB_SCIENTIST_RON,POLITOED,34,,,,1001,7,3,,,
TRAINER_BB_SCIENTIST_MARIA,GASTRODON,34,,,,1001,7,1,,,
TRAINER_BB_SCIENTIST_MARIA,NINETALES,34,,,,1001,7,2,,,
TRAINER_BB_SCIENTIST_MARIA,PARASECT,34,,,,1001,7,3,,,
TRAINER_BB_PARASOL_LADY_TIHANA,CORSOLA,34,,,,1001,7,1,,,
TRAINER_BB_PARASOL_LADY_TIHANA,TROPIUS,34,,,,1001,7,2,,,
TRAINER_BB_PARASOL_LADY_TIHANA,MILOTIC,34,,,,1001,7,3,,,
TRAINER_BB_PKMN_RANGER_RICHARD,PIGNITE,34,,,,1001,7,1,,,
TRAINER_BB_PKMN_RANGER_RICHARD,SEALEO,34,,,,1001,7,2,,,
TRAINER_BB_PKMN_RANGER_RICHARD,LEAVANNY,34,,,,1001,7,3,,,
TRAINER_BB_ACE_TRAINER_JARED,AXEW,40,,,,1001,7,1,,,
TRAINER_BB_ACE_TRAINER_JARED,DRAGONAIR,40,,,,1001,7,2,,,
TRAINER_BB_SCIENTIST_RONALD,KLANG,40,,,,1001,7,1,,,
TRAINER_BB_SCIENTIST_NAOKO,DURANT,40,,,,1001,7,1,,,
TRAINER_BB_SCIENTIST_NAOKO,FERROTHORN,40,,,,1001,7,2,,,
TRAINER_BB_HIKER_HARDY,BRONZONG,39,,,,1001,7,1,,,
TRAINER_BB_HIKER_HARDY,RELICANTH,39,,,,1001,7,2,,,
TRAINER_BB_HIKER_HARDY,CARRACOSTA,39,,,,1001,7,3,,,
TRAINER_BB_SCIENTIST_ORVILLE,FEAROW,42,,,,1001,7,1,,,
TRAINER_BB_SCIENTIST_ORVILLE,PIDGEOT,42,,,,1001,7,2,,,
TRAINER_BB_ACE_TRAINER_CORKY,BAGON,40,,,,1001,7,1,,,
TRAINER_BB_ACE_TRAINER_CORKY,ZANGOOSE,40,,,,1001,7,2,,,
TRAINER_BB_ACE_TRAINER_CORKY,CRADILY,40,,,,1001,7,3,,,
TRAINER_BB_DOCTOR_WAYNE,REUNICLUS,41,,,,1001,7,1,,,
TRAINER_BB_PLASMA_GRUNT_PLASMA_GRUNT_19,KROKOROK,39,,,,1001,7,1,,,
TRAINER_BB_PLASMA_GRUNT_PLASMA_GRUNT_19,WATCHOG,39,,,,1001,7,2,,,
TRAINER_BB_PLASMA_GRUNT_PLASMA_GRUNT_19,SCRAFTY,39,,,,1001,7,3,,,
TRAINER_BB_PLASMA_GRUNT_PLASMA_GRUNT_20,EELEKTRIK,39,,,,1001,7,1,,,
TRAINER_BB_PLASMA_GRUNT_PLASMA_GRUNT_20,BANETTE,39,,,,1001,7,2,,,
TRAINER_BB_PLASMA_GRUNT_PLASMA_GRUNT_20,CRAWDAUNT,39,,,,1001,7,3,,,
TRAINER_BB_PLASMA_GRUNT_PLASMA_GRUNT_21,ARBOK,39,,,,1001,7,1,,,
TRAINER_BB_PLASMA_GRUNT_PLASMA_GRUNT_21,HONCHKROW,39,,,,1001,7,2,,,
TRAINER_BB_PLASMA_GRUNT_PLASMA_GRUNT_21,VILEPLUME,39,,,,1001,7,3,,,
TRAINER_BB_PLASMA_GRUNT_PLASMA_GRUNT_22,GARBODOR,42,,,,1001,7,1,,,
TRAINER_BB_PLASMA_GRUNT_PLASMA_GRUNT_23,PAWNIARD,38,,,,1001,7,1,,,
TRAINER_BB_PLASMA_GRUNT_PLASMA_GRUNT_23,CACTURNE,38,,,,1001,7,2,,,
TRAINER_BB_PLASMA_GRUNT_PLASMA_GRUNT_23,SCRAGGY,38,,,,1001,7,3,,,
TRAINER_BB_PLASMA_GRUNT_PLASMA_GRUNT_23,MIGHTYENA,38,,,,1001,7,4,,,
TRAINER_BB_PLASMA_GRUNT_PLASMA_GRUNT_24,EXPLOUD,42,,,,1001,7,1,,,
TRAINER_BB_PLASMA_GRUNT_PLASMA_GRUNT_25,GARBODOR,41,,,,1001,7,1,,,
TRAINER_BB_PLASMA_GRUNT_PLASMA_GRUNT_25,WEEZING,41,,,,1001,7,2,,,
TRAINER_BB_ACE_TRAINER_ALLISON,DRATINI,42,,,,1001,7,1,,,
TRAINER_BB_ACE_TRAINER_ALLISON,RHYDON,42,,,,1001,7,2,,,
TRAINER_BB_ACE_TRAINER_ALLISON,EXEGGUTOR,42,,,,1001,7,3,,,
TRAINER_BB_ACE_TRAINER_STELLA,FARFETCHD,42,,,,1001,7,1,,,
TRAINER_BB_ACE_TRAINER_STELLA,HYPNO,42,,,,1001,7,2,,,
TRAINER_BB_ACE_TRAINER_STELLA,ARCANINE,42,,,,1001,7,3,,,
TRAINER_BB_YOUNGSTER_MIKEY,TAUROS,44,,,,1001,7,1,,,
TRAINER_BB_YOUNGSTER_MIKEY,HITMONLEE,44,,,,1001,7,2,,,
TRAINER_BB_YOUNGSTER_MIKEY,STOUTLAND,44,,,,1001,7,3,,,
TRAINER_BB_YOUNGSTER_PARKER,DARMANITAN,44,,,,1001,7,1,,,
TRAINER_BB_YOUNGSTER_PARKER,ACCELGOR,44,,,,1001,7,2,,,
TRAINER_BB_YOUNGSTER_PARKER,BRELOOM,44,,,,1001,7,3,,,
TRAINER_BB_BACKPACKER_TERRANCE,GRUMPIG,45,,,,1001,7,1,,,
TRAINER_BB_BACKPACKER_TERRANCE,HUNTAIL,45,,,,1001,7,2,,,
TRAINER_BB_ACE_TRAINER_ELMER,VENUSAUR,45,,,,1001,7,1,,,
TRAINER_BB_ACE_TRAINER_ELMER,CHARIZARD,45,,,,1001,7,2,,,
TRAINER_BB_ACE_TRAINER_ELMER,BLASTOISE,45,,,,1001,7,3,,,
TRAINER_BB_BACKPACKER_RUTH,VENOMOTH,45,,,,1001,7,1,,,
TRAINER_BB_BACKPACKER_RUTH,RAPIDASH,45,,,,1001,7,2,,,
TRAINER_BB_PKMN_RANGER_MARY,STANTLER,44,,,,1001,7,1,,,
TRAINER_BB_PKMN_RANGER_MARY,AMBIPOM,44,,,,1001,7,2,,,
TRAINER_BB_PKMN_RANGER_MARY,ALTARIA,44,,,,1001,7,3,,,
TRAINER_BB_PKMN_RANGER_PEDRO,DEINO,45,,,,1001,7,1,,,
TRAINER_BB_PKMN_RANGER_PEDRO,HEATMOR,45,,,,1001,7,2,,,
TRAINER_BB_HARLEQUIN_IAN,CLEFABLE,44,,,,1001,7,1,,,
TRAINER_BB_HARLEQUIN_IAN,DODRIO,44,,,,1001,7,2,,,
TRAINER_BB_HARLEQUIN_IAN,GOLDUCK,44,,,,1001,7,3,,,
TRAINER_BB_HARLEQUIN_PAT,VICTREEBEL,44,,,,1001,7,1,,,
TRAINER_BB_HARLEQUIN_PAT,HITMONTOP,44,,,,1001,7,2,,,
TRAINER_BB_HARLEQUIN_PAT,MEGANIUM,44,,,,1001,7,3,,,
TRAINER_BB_PSYCHIC_DOREEN,MISDREAVUS,47,,,,1001,7,1,,,
TRAINER_BB_PSYCHIC_DOREEN,XATU,47,,,,1001,7,2,,,
TRAINER_BB_PSYCHIC_DOREEN,BEHEEYEM,47,,,,1001,7,3,,,
TRAINER_BB_LASS_KARA,DELIBIRD,48,,,,1001,7,1,,,
TRAINER_BB_LASS_KARA,BELLOSSOM,48,,,,1001,7,2,,,
TRAINER_BB_POKEFAN_JUDE,LEAFEON,47,,,,1001,7,1,,,
TRAINER_BB_POKEFAN_JUDE,BLAZIKEN,47,,,,1001,7,2,,,
TRAINER_BB_POKEFAN_JUDE,MILTANK,47,,,,1001,7,3,,,
TRAINER_BB_POKEFAN_JUDE,SLOWKING,47,,,,1001,7,4,,,
TRAINER_BB_POKEFAN_GEORGIA,GIRAFARIG,48,,,,1001,7,1,,,
TRAINER_BB_POKEFAN_GEORGIA,OCTILLERY,48,,,,1001,7,2,,,
TRAINER_BB_POKEFAN_GEORGIA,ROSERADE,48,,,,1001,7,3,,,
TRAINER_BB_PSYCHIC_MICKI,LAMPENT,48,,,,1001,7,1,,,
TRAINER_BB_PSYCHIC_MICKI,COFAGRIGUS,48,,,,1001,7,2,,,
TRAINER_BB_PSYCHIC_MICKI,MISMAGIUS,48,,,,1001,7,3,,,
TRAINER_BB_PSYCHIC_LIN,SWOOBAT,48,,,,1001,7,1,,,
TRAINER_BB_PSYCHIC_LIN,GARDEVOIR,48,,,,1001,7,2,,,
TRAINER_BB_PSYCHIC_LIN,GOTHITELLE,48,,,,1001,7,3,,,
TRAINER_BB_PSYCHIC_BRYCE,MUSHARNA,48,,,,1001,7,1,,,
TRAINER_BB_PSYCHIC_BRYCE,SPIRITOMB,48,,,,1001,7,2,,,
TRAINER_BB_PSYCHIC_BRYCE,DUSCLOPS,48,,,,1001,7,3,,,
TRAINER_BB_PSYCHIC_BRYCE,ALAKAZAM,48,,,,1001,7,4,,,
TRAINER_BB_PSYCHIC_BELLE,GALLADE,48,,,,1001,7,1,,,
TRAINER_BB_PSYCHIC_BELLE,FROSLASS,48,,,,1001,7,2,,,
TRAINER_BB_PSYCHIC_BELLE,SLOWBRO,48,,,,1001,7,3,,,
TRAINER_BB_NURSE_SACHIKO,ESPEON,49,,,,1001,7,1,,,
TRAINER_BB_NURSE_SACHIKO,BLISSEY,49,,,,1001,7,2,,,
TRAINER_BB_ACE_TRAINER_BECKETT,MAGNEZONE,50,,,,1001,7,1,,,
TRAINER_BB_ACE_TRAINER_BECKETT,MEDICHAM,50,,,,1001,7,2,,,
TRAINER_BB_ACE_TRAINER_BECKETT,WAILORD,50,,,,1001,7,3,,,
TRAINER_BB_ACE_TRAINER_KASSANDRA,RAMPARDOS,50,,,,1001,7,1,,,
TRAINER_BB_ACE_TRAINER_KASSANDRA,TORTERRA,50,,,,1001,7,2,,,
TRAINER_BB_ACE_TRAINER_KASSANDRA,MAGMORTAR,50,,,,1001,7,3,,,
TRAINER_BB_WORKER_CLIFF,MANTINE,50,,,,1001,7,1,,,
TRAINER_BB_WORKER_CLIFF,CROBAT,50,,,,1001,7,2,,,
TRAINER_BB_WORKER_CLIFF,TOGEKISS,50,,,,1001,7,3,,,
TRAINER_BB_WORKER_CLIFF,CHARIZARD,50,,,,1001,7,4,,,
TRAINER_BB_WORKER_CLIFF,HONCHKROW,50,,,,1001,7,5,,,
TRAINER_BB_WORKER_BRADY,SWOOBAT,51,,,,1001,7,1,,,
TRAINER_BB_WORKER_BRADY,STARAPTOR,51,,,,1001,7,2,,,
TRAINER_BB_WORKER_BRADY,ALTARIA,51,,,,1001,7,3,,,
TRAINER_BB_WORKER_BRADY,DRIFBLIM,51,,,,1001,7,4,,,
TRAINER_BB_WORKER_BRADY,TROPIUS,51,,,,1001,7,5,,,
TRAINER_BB_PILOT_TED,CHATOT,50,,,,1001,7,1,,,
TRAINER_BB_PILOT_TED,SIGILYPH,50,,,,1001,7,2,,,
TRAINER_BB_PILOT_TED,UNFEZANT,50,,,,1001,7,3,,,
TRAINER_BB_PILOT_TED,SCYTHER,50,,,,1001,7,4,,,
TRAINER_BB_PILOT_TED,DELIBIRD,50,,,,1001,7,5,,,
TRAINER_BB_PILOT_CHASE,JUMPLUFF,50,,,,1001,7,1,,,
TRAINER_BB_PILOT_CHASE,XATU,50,,,,1001,7,2,,,
TRAINER_BB_PILOT_CHASE,NOCTOWL,50,,,,1001,7,3,,,
TRAINER_BB_PILOT_CHASE,PELIPPER,50,,,,1001,7,4,,,
TRAINER_BB_PILOT_CHASE,LEDIAN,50,,,,1001,7,5,,,
TRAINER_BB_WORKER_ARNOLD,SWELLOW,52,,,,1001,7,1,,,
TRAINER_BB_WORKER_ARNOLD,FARFETCHD,52,,,,1001,7,2,,,
TRAINER_BB_WORKER_ARNOLD,AERODACTYL,52,,,,1001,7,3,,,
TRAINER_BB_WORKER_ARNOLD,ARCHEOPS,52,,,,1001,7,4,,,
TRAINER_BB_WORKER_ARNOLD,PIDGEOT,52,,,,1001,7,5,,,
TRAINER_BB_FISHERMAN_LYDON,BASCULIN,52,,,,1001,7,1,,,
TRAINER_BB_FISHERMAN_LYDON,QWILFISH,52,,,,1001,7,2,,,
TRAINER_BB_FISHERMAN_LYDON,GYARADOS,52,,,,1001,7,3,,,
TRAINER_BB_SWIMMER_JOYCE,LUMINEON,52,,,,1001,7,1,,,
TRAINER_BB_SWIMMER_JOYCE,STARMIE,52,,,,1001,7,2,,,
TRAINER_BB_SWIMMER_JOYCE,LANTURN,52,,,,1001,7,3,,,
TRAINER_BB_SWIMMER_WRIGHT,TENTACRUEL,53,,,,1001,7,1,,,
TRAINER_BB_SWIMMER_WRIGHT,FERALIGATR,53,,,,1001,7,2,,,
TRAINER_BB_SWIMMER_BERKE,OMASTAR,53,,,,1001,7,1,,,
TRAINER_BB_SWIMMER_BERKE,KABUTOPS,53,,,,1001,7,2,,,
TRAINER_BB_SWIMMER_CAROLINE,JELLICENT,52,,,,1001,7,1,,,
TRAINER_BB_SWIMMER_CAROLINE,DEWGONG,52,,,,1001,7,2,,,
TRAINER_BB_SWIMMER_CAROLINE,LAPRAS,52,,,,1001,7,3,,,
TRAINER_BB_HIKER_JEREMIAH,GOLEM,52,,,,1001,7,1,,,
TRAINER_BB_HIKER_JEREMIAH,URSARING,52,,,,1001,7,2,,,
TRAINER_BB_HIKER_JEREMIAH,SLAKING,52,,,,1001,7,3,,,
TRAINER_BB_BACKPACKER_KUMIKO,INFERNAPE,52,,,,1001,7,1,,,
TRAINER_BB_BACKPACKER_KUMIKO,TANGROWTH,52,,,,1001,7,2,,,
TRAINER_BB_BACKPACKER_KUMIKO,AMOONGUSS,52,,,,1001,7,3,,,
TRAINER_BB_BACKPACKER_SAM,SCEPTILE,52,,,,1001,7,1,,,
TRAINER_BB_BACKPACKER_SAM,ARMALDO,52,,,,1001,7,2,,,
TRAINER_BB_BACKPACKER_SAM,SEVIPER,52,,,,1001,7,3,,,
TRAINER_BB_VETERAN_RAY,SHELGON,54,,,,1001,7,1,,,
TRAINER_BB_VETERAN_RAY,GIGALITH,54,,,,1001,7,2,,,
TRAINER_BB_VETERAN_RAY,EMPOLEON,54,,,,1001,7,3,,,
TRAINER_BB_BATTLE_GIRL_HILLARY,HITMONCHAN,53,,,,1001,7,1,,,
TRAINER_BB_BATTLE_GIRL_HILLARY,ELECTIVIRE,53,,,,1001,7,2,,,
TRAINER_BB_HIKER_HUGH,MAMOSWINE,52,,,,1001,7,1,,,
TRAINER_BB_HIKER_HUGH,KLINKLANG,52,,,,1001,7,2,,,
TRAINER_BB_HIKER_HUGH,AGGRON,52,,,,1001,7,3,,,
TRAINER_BB_HIKER_CLARKE,BASTIODON,53,,,,1001,7,1,,,
TRAINER_BB_HIKER_CLARKE,MAROWAK,53,,,,1001,7,2,,,
TRAINER_BB_HIKER_TERRELL,MAGCARGO,45,,,,1001,7,1,,,
TRAINER_BB_HIKER_TERRELL,SWAMPERT,45,,,,1001,7,2,,,
TRAINER_BB_BLACK_BELT_TEPPEI,MACHAMP,54,,,,1001,7,1,,,
TRAINER_BB_WORKER_RICH,GLALIE,53,,,,1001,7,1,,,
TRAINER_BB_WORKER_RICH,KANGASKHAN,53,,,,1001,7,2,,,
TRAINER_BB_WORKER_ROB,METANG,54,,,,1001,7,1,,,
TRAINER_BB_WORKER_ROB,TOXICROAK,54,,,,1001,7,2,,,
TRAINER_BB_WORKER_ROB,MEDICHAM,54,,,,1001,7,3,,,
TRAINER_BB_WORKER_CAIRN,EXCADRILL,53,,,,1001,7,1,,,
TRAINER_BB_WORKER_CAIRN,HARIYAMA,53,,,,1001,7,2,,,
TRAINER_BB_WORKER_CAIRN,DUGTRIO,53,,,,1001,7,3,,,
TRAINER_BB_DOCTOR_HANK,JYNX,53,,,,1001,7,1,,,
TRAINER_BB_DOCTOR_HANK,MR-MIME,53,,,,1001,7,2,,,
TRAINER_BB_DOCTOR_HANK,WOBBUFFET,53,,,,1001,7,3,,,
TRAINER_BB_HIKER_NEIL,BOLDORE,52,,,,1001,7,1,,,
TRAINER_BB_HIKER_NEIL,PROBOPASS,52,,,,1001,7,2,,,
TRAINER_BB_HIKER_NEIL,GIGALITH,52,,,,1001,7,3,,,
TRAINER_BB_HIKER_DARRELL,SUDOWOODO,52,,,,1001,7,1,,,
TRAINER_BB_HIKER_DARRELL,GOLBAT,52,,,,1001,7,2,,,
TRAINER_BB_HIKER_DARRELL,CRUSTLE,52,,,,1001,7,3,,,
TRAINER_BB_BATTLE_GIRL_SHARON,MIENSHAO,54,,,,1001,7,1,,,
TRAINER_BB_BATTLE_GIRL_SHARON,BRELOOM,54,,,,1001,7,2,,,
TRAINER_BB_ACE_TRAINER_CAROLL,GOREBYSS,55,,,,1001,7,1,,,
TRAINER_BB_ACE_TRAINER_CAROLL,TYPHLOSION,55,,,,1001,7,2,,,
TRAINER_BB_ACE_TRAINER_CAROLL,SCIZOR,55,,,,1001,7,3,,,
TRAINER_BB_WORKER_BRAND,SANDSLASH,53,,,,1001,7,1,,,
TRAINER_BB_WORKER_BRAND,SWOOBAT,53,,,,1001,7,2,,,
TRAINER_BB_WORKER_HEATH,MACHOKE,53,,,,1001,7,1,,,
TRAINER_BB_WORKER_HEATH,DARMANITAN,53,,,,1001,7,2,,,
TRAINER_BB_ACE_TRAINER_JORDAN,ZEBSTRIKA,55,,,,1001,7,1,,,
TRAINER_BB_ACE_TRAINER_JORDAN,SIMISAGE,55,,,,1001,7,2,,,
TRAINER_BB_ACE_TRAINER_JORDAN,YANMEGA,55,,,,1001,7,3,,,
TRAINER_BB_BLACK_BELT_GRANT,SWINUB,56,,,,1001,7,1,,,
TRAINER_BB_BLACK_BELT_GRANT,PILOSWINE,56,,,,1001,7,2,,,
TRAINER_BB_BLACK_BELT_GRANT,MAMOSWINE,56,,,,1001,7,3,,,
TRAINER_BB_BATTLE_GIRL_MIRIAM,DEWGONG,54,,,,1001,7,1,,,
TRAINER_BB_BATTLE_GIRL_MIRIAM,CLOYSTER,53,,,,1001,7,2,,,
TRAINER_BB_BATTLE_GIRL_MIRIAM,SLOWBRO,54,,,,1001,7,3,,,
TRAINER_BB_BATTLE_GIRL_MIRIAM,JYNX,56,,,,1001,7,4,,,
TRAINER_BB_BATTLE_GIRL_MIRIAM,LAPRAS,56,,,,1001,7,5,,,
TRAINER_BB_BLACK_BELT_KENDREW,SNOVER,56,,,,1001,7,1,,,
TRAINER_BB_BLACK_BELT_KENDREW,SNEASEL,56,,,,1001,7,2,,,
TRAINER_BB_BLACK_BELT_KENDREW,CUBCHOO,56,,,,1001,7,3,,,
TRAINER_BB_BLACK_BELT_KENDREW,WEAVILE,56,,,,1001,7,4,,,
TRAINER_BB_BATTLE_GIRL_MIKIKO,VANILLISH,57,,,,1001,7,1,,,
TRAINER_BB_BATTLE_GIRL_MIKIKO,SEALEO,57,,,,1001,7,2,,,
TRAINER_BB_BATTLE_GIRL_MIKIKO,JYNX,57,,,,1001,7,3,,,
TRAINER_BB_BATTLE_GIRL_MIKIKO,WALREIN,57,,,,1001,7,4,,,
TRAINER_BB_BATTLE_GIRL_CHANDRA,FROSLASS,57,,,,1001,7,1,,,
TRAINER_BB_BATTLE_GIRL_CHANDRA,CRYOGONAL,57,,,,1001,7,2,,,
TRAINER_BB_BATTLE_GIRL_CHANDRA,ABOMASNOW,57,,,,1001,7,3,,,
TRAINER_BB_BLACK_BELT_THOMAS,DELIBIRD,58,,,,1001,7,1,,,
TRAINER_BB_BLACK_BELT_THOMAS,GLALIE,58,,,,1001,7,2,,,
TRAINER_BB_BLACK_BELT_THOMAS,GLACEON,58,,,,1001,7,3,,,
TRAINER_BB_PKMN_RANGER_LEWIS,MARACTUS,57,,,,1001,7,1,,,
TRAINER_BB_PKMN_RANGER_LEWIS,POLITOED,57,,,,1001,7,2,,,
TRAINER_BB_PKMN_RANGER_LEWIS,ESCAVALIER,57,,,,1001,7,3,,,
TRAINER_BB_PARASOL_LADY_MELITA,JELLICENT,58,,,,1001,7,1,,,
TRAINER_BB_PARASOL_LADY_MELITA,KINGDRA,58,,,,1001,7,2,,,
TRAINER_BB_FISHERMAN_BRUCE,BASCULIN,58,,,,1001,7,1,,,
TRAINER_BB_FISHERMAN_BRUCE,BASCULIN,58,,,,1001,7,2,,,
TRAINER_BB_FISHERMAN_BRUCE,KINGLER,58,,,,1001,7,3,,,
TRAINER_BB_FISHERMAN_BRUCE,WHISCASH,58,,,,1001,7,4,,,
TRAINER_BB_PARASOL_LADY_LUMI,FLAREON,58,,,,1001,7,1,,,
TRAINER_BB_PARASOL_LADY_LUMI,FLYGON,58,,,,1001,7,2,,,
TRAINER_BB_PKMN_RANGER_ANNIE,TROPIUS,58,,,,1001,7,1,,,
TRAINER_BB_PKMN_RANGER_ANNIE,CINCCINO,58,,,,1001,7,2,,,
TRAINER_BB_PKMN_RANGER_ANNIE,ARCHEOPS,58,,,,1001,7,3,,,
TRAINER_BB_PKMN_RANGER_HARRY,SEISMITOAD,58,,,,1001,7,1,,,
TRAINER_BB_PKMN_RANGER_HARRY,FRAXURE,58,,,,1001,7,2,,,
TRAINER_BB_PKMN_RANGER_HARRY,UMBREON,58,,,,1001,7,3,,,
TRAINER_BB_PKMN_RANGER_CHLORIS,LILLIGANT,58,,,,1001,7,1,,,
TRAINER_BB_PKMN_RANGER_CHLORIS,SWAMPERT,58,,,,1001,7,2,,,
TRAINER_BB_PKMN_RANGER_CHLORIS,PORYGON-Z,58,,,,1001,7,3,,,
TRAINER_BB_FISHERMAN_DAMON,STUNFISK,57,,,,1001,7,1,,,
TRAINER_BB_FISHERMAN_DAMON,SEAKING,57,,,,1001,7,2,,,
TRAINER_BB_FISHERMAN_DAMON,KINGDRA,57,,,,1001,7,3,,,
TRAINER_BB_PARASOL_LADY_MIRIAH,CHANDELURE,58,,,,1001,7,1,,,
TRAINER_BB_PARASOL_LADY_MIRIAH,VAPOREON,58,,,,1001,7,2,,,
TRAINER_BB_PARASOL_LADY_MIRIAH,GOLURK,58,,,,1001,7,3,,,
TRAINER_BB_ACE_TRAINER_JESSE,ONIX,53,,,,1001,7,1,,,
TRAINER_BB_ACE_TRAINER_JESSE,HITMONCHAN,55,,,,1001,7,2,,,
TRAINER_BB_ACE_TRAINER_JESSE,HITMONLEE,55,,,,1001,7,3,,,
TRAINER_BB_ACE_TRAINER_JESSE,ONIX,56,,,,1001,7,4,,,
TRAINER_BB_ACE_TRAINER_JESSE,MACHAMP,58,,,,1001,7,5,,,
TRAINER_BB_ACE_TRAINER_JAMIE,GENGAR,58,,,,1001,7,1,,,
TRAINER_BB_ACE_TRAINER_JAMIE,GOLBAT,56,,,,1001,7,2,,,
TRAINER_BB_ACE_TRAINER_JAMIE,HAUNTER,55,,,,1001,7,3,,,
TRAINER_BB_ACE_TRAINER_JAMIE,ARBOK,58,,,,1001,7,4,,,
TRAINER_BB_ACE_TRAINER_JAMIE,GENGAR,60,,,,1001,7,5,,,
TRAINER_BB_PLASMA_GRUNT_PLASMA_GRUNT_26,RATICATE,56,,,,1001,7,1,,,
TRAINER_BB_PLASMA_GRUNT_PLASMA_GRUNT_26,WATCHOG,56,,,,1001,7,2,,,
TRAINER_BB_PLASMA_GRUNT_PLASMA_GRUNT_26,SKUNTANK,56,,,,1001,7,3,,,
TRAINER_BB_PLASMA_GRUNT_PLASMA_GRUNT_27,MIGHTYENA,56,,,,1001,7,1,,,
TRAINER_BB_PLASMA_GRUNT_PLASMA_GRUNT_27,GARBODOR,56,,,,1001,7,2,,,
TRAINER_BB_PLASMA_GRUNT_PLASMA_GRUNT_27,PURUGLY,56,,,,1001,7,3,,,
TRAINER_BB_PLASMA_GRUNT_PLASMA_GRUNT_28,MUK,58,,,,1001,7,1,,,
TRAINER_BB_PLASMA_GRUNT_PLASMA_GRUNT_29,SCRAFTY,57,,,,1001,7,1,,,
TRAINER_BB_PLASMA_GRUNT_PLASMA_GRUNT_29,KROOKODILE,57,,,,1001,7,2,,,
TRAINER_BB_PLASMA_GRUNT_PLASMA_GRUNT_30,LIEPARD,57,,,,1001,7,1,,,
TRAINER_BB_PLASMA_GRUNT_PLASMA_GRUNT_30,SHIFTRY,57,,,,1001,7,2,,,
TRAINER_BB_PLASMA_GRUNT_PLASMA_GRUNT_31,DRAPION,60,,,,1001,7,1,,,
TRAINER_BB_PLASMA_GRUNT_PLASMA_GRUNT_32,EELEKTROSS,60,,,,1001,7,1,,,
TRAINER_BB_PLASMA_GRUNT_PLASMA_GRUNT_33,DUSKNOIR,60,,,,1001,7,1,,,
TRAINER_BB_PLASMA_GRUNT_PLASMA_GRUNT_34,BISHARP,60,,,,1001,7,1,,,
TRAINER_BB_BIKER_MORGANN,TAUROS,60,,,,1001,7,1,,,
TRAINER_BB_BIKER_JEREMY,BOUFFALANT,60,,,,1001,7,1,,,
TRAINER_BB_ROUGHNECK_REESE,SCRAFTY,61,,,,1001,7,1,,,
TRAINER_BB_ROUGHNECK_REESE,GARBODOR,61,,,,1001,7,2,,,
TRAINER_BB_BIKER_PHILIP,BOUFFALANT,62,,,,1001,7,1,,,
TRAINER_BB_DUO_HOOLIGANS_JIM_CAS,CACTURNE,61,,,,1001,7,1,,,
TRAINER_BB_DUO_HOOLIGANS_JIM_CAS,SHIFTRY,61,,,,1001,7,2,,,
TRAINER_BB_BIKER_ZEKE,PAWNIARD,61,,,,1001,7,1,,,
TRAINER_BB_BIKER_ZEKE,BISHARP,61,,,,1001,7,2,,,
TRAINER_BB_ROUGHNECK_CHANCE,CHANSEY,62,,,,1001,7,1,,,
TRAINER_BB_WAITRESS_FLO,CLEFABLE,61,,,,1001,7,1,,,
TRAINER_BB_WAITRESS_FLO,LILLIGANT,61,,,,1001,7,2,,,
TRAINER_BB_WAITRESS_FLO,GOREBYSS,61,,,,1001,7,3,,,
TRAINER_BB_RICH_BOY_MANUEL,ARCANINE,61,,,,1001,7,1,,,
TRAINER_BB_RICH_BOY_MANUEL,RAICHU,61,,,,1001,7,2,,,
TRAINER_BB_RICH_BOY_MANUEL,GRUMPIG,61,,,,1001,7,3,,,
TRAINER_BB_WAITER_BERT,SIMISAGE,61,,,,1001,7,1,,,
TRAINER_BB_WAITER_BERT,CHANDELURE,61,,,,1001,7,2,,,
TRAINER_BB_WAITER_BERT,POLITOED,61,,,,1001,7,3,,,
TRAINER_BB_LADY_ISABEL,STOUTLAND,61,,,,1001,7,1,,,
TRAINER_BB_LADY_ISABEL,GENGAR,61,,,,1001,7,2,,,
TRAINER_BB_LADY_ISABEL,SNORLAX,61,,,,1001,7,3,,,
TRAINER_BB_ACE_TRAINER_EILEEN,VAPOREON,63,,,,1001,7,1,,,
TRAINER_BB_ACE_TRAINER_EILEEN,JOLTEON,63,,,,1001,7,2,,,
TRAINER_BB_ACE_TRAINER_EILEEN,FLAREON,63,,,,1001,7,3,,,
TRAINER_BB_ACE_TRAINER_LOU,HITMONLEE,63,,,,1001,7,1,,,
TRAINER_BB_ACE_TRAINER_LOU,HITMONCHAN,63,,,,1001,7,2,,,
TRAINER_BB_ACE_TRAINER_LOU,HITMONTOP,63,,,,1001,7,3,,,
TRAINER_BB_ACE_TRAINER_WEBSTER,GYARADOS,58,,,,1001,7,1,,,
TRAINER_BB_ACE_TRAINER_WEBSTER,DRAGONAIR,56,,,,1001,7,2,,,
TRAINER_BB_ACE_TRAINER_WEBSTER,DRAGONAIR,56,,,,1001,7,3,,,
TRAINER_BB_ACE_TRAINER_WEBSTER,AERODACTYL,60,,,,1001,7,4,,,
TRAINER_BB_ACE_TRAINER_WEBSTER,DRAGONITE,62,,,,1001,7,5,,,
TRAINER_BB_ACE_TRAINER_OLWEN,ZWEILOUS,62,,,,1001,7,1,,,
TRAINER_BB_ACE_TRAINER_OLWEN,DRUDDIGON,62,,,,1001,7,2,,,
TRAINER_BB_ACE_TRAINER_OLWEN,AMPHAROS,62,,,,1001,7,3,,,
TRAINER_BB_ACE_TRAINER_JOSE,FRAXURE,62,,,,1001,7,1,,,
TRAINER_BB_ACE_TRAINER_JOSE,GYARADOS,62,,,,1001,7,2,,,
TRAINER_BB_ACE_TRAINER_JOSE,CHARIZARD,62,,,,1001,7,3,,,
TRAINER_BB_ACE_TRAINER_CLARA,MILOTIC,62,,,,1001,7,1,,,
TRAINER_BB_ACE_TRAINER_CLARA,DRAGONAIR,62,,,,1001,7,2,,,
TRAINER_BB_ACE_TRAINER_CLARA,KANGASKHAN,62,,,,1001,7,3,,,
TRAINER_BB_VETERAN_HUGO,DRUDDIGON,63,,,,1001,7,1,,,
TRAINER_BB_VETERAN_HUGO,FLYGON,63,,,,1001,7,2,,,
TRAINER_BB_VETERAN_HUGO,GARCHOMP,63,,,,1001,7,3,,,
TRAINER_BB_ACE_TRAINER_TOM,STEELIX,62,,,,1001,7,1,,,
TRAINER_BB_ACE_TRAINER_TOM,TYRANITAR,62,,,,1001,7,2,,,
TRAINER_BB_ACE_TRAINER_TOM,ALTARIA,62,,,,1001,7,3,,,
TRAINER_BB_ACE_TRAINER_DARA,DRUDDIGON,63,,,,1001,7,1,,,
TRAINER_BB_ACE_TRAINER_DARA,ZWEILOUS,63,,,,1001,7,2,,,
TRAINER_BB_ACE_TRAINER_DARA,FLYGON,63,,,,1001,7,3,,,
TRAINER_BB_VETERAN_KIM,DRUDDIGON,63,,,,1001,7,1,,,
TRAINER_BB_VETERAN_KIM,ALTARIA,63,,,,1001,7,2,,,
TRAINER_BB_VETERAN_KIM,SALAMENCE,63,,,,1001,7,3,,,
TRAINER_BB_BATTLE_GIRL_AMY,MACHAMP,60,,,,1001,7,1,,,
TRAINER_BB_BATTLE_GIRL_AMY,LUCARIO,60,,,,1001,7,2,,,
TRAINER_BB_BATTLE_GIRL_AMY,CONKELDURR,60,,,,1001,7,3,,,
TRAINER_BB_BATTLE_GIRL_AMY,INFERNAPE,60,,,,1001,7,4,,,
TRAINER_BB_ACE_TRAINER_JOHAN,TANGROWTH,63,,,,1001,7,1,,,
TRAINER_BB_ACE_TRAINER_JOHAN,AMPHAROS,63,,,,1001,7,2,,,
TRAINER_BB_ACE_TRAINER_JOHAN,MAGMORTAR,63,,,,1001,7,3,,,
TRAINER_BB_ACE_TRAINER_JOHAN,SCIZOR,63,,,,1001,7,4,,,
TRAINER_BB_VETERAN_KARLA,REUNICLUS,63,,,,1001,7,1,,,
TRAINER_BB_VETERAN_KARLA,RHYPERIOR,63,,,,1001,7,2,,,
TRAINER_BB_VETERAN_KARLA,ESCAVALIER,63,,,,1001,7,3,,,
TRAINER_BB_VETERAN_KARLA,BEARTIC,63,,,,1001,7,4,,,
TRAINER_BB_VETERAN_KARLA,NINETALES,63,,,,1001,7,5,,,
TRAINER_BB_BLACK_BELT_COREY,THROH,60,,,,1001,7,1,,,
TRAINER_BB_BLACK_BELT_COREY,SAWK,60,,,,1001,7,2,,,
TRAINER_BB_HIKER_BRET,GIGALITH,60,,,,1001,7,1,,,
TRAINER_BB_HIKER_BRET,CONKELDURR,60,,,,1001,7,2,,,
TRAINER_BB_HIKER_BRET,PROBOPASS,60,,,,1001,7,3,,,
TRAINER_BB_ACE_TRAINER_CHEYENNE,TOGEKISS,63,,,,1001,7,1,,,
TRAINER_BB_ACE_TRAINER_CHEYENNE,GYARADOS,63,,,,1001,7,2,,,
TRAINER_BB_ACE_TRAINER_CHEYENNE,VANILLUXE,63,,,,1001,7,3,,,
TRAINER_BB_ACE_TRAINER_CHEYENNE,GALVANTULA,63,,,,1001,7,4,,,
TRAINER_BB_ACE_TRAINER_CHEYENNE,PORYGON-Z,63,,,,1001,7,5,,,
TRAINER_BB_VETERAN_CHESTER,SAMUROTT,63,,,,1001,7,1,,,
TRAINER_BB_VETERAN_CHESTER,HIPPOWDON,63,,,,1001,7,2,,,
TRAINER_BB_VETERAN_CHESTER,EXEGGUTOR,63,,,,1001,7,3,,,
TRAINER_BB_VETERAN_CHESTER,SKARMORY,63,,,,1001,7,4,,,
TRAINER_BB_VETERAN_CHESTER,LUXRAY,63,,,,1001,7,5,,,
TRAINER_BB_ACE_TRAINER_SHANTA,SLOWKING,66,,,,1001,7,1,,,
TRAINER_BB_ACE_TRAINER_SHANTA,KINGDRA,66,,,,1001,7,2,,,
TRAINER_BB_ACE_TRAINER_SHANTA,LUDICOLO,66,,,,1001,7,3,,,
TRAINER_BB_ACE_TRAINER_SHANTA,FORRETRESS,66,,,,1001,7,4,,,
TRAINER_BB_ACE_TRAINER_SHANTA,EELEKTROSS,66,,,,1001,7,5,,,
TRAINER_BB_ACE_TRAINER_DWAYNE,VOLCARONA,66,,,,1001,7,1,,,
TRAINER_BB_ACE_TRAINER_DWAYNE,JUMPLUFF,66,,,,1001,7,2,,,
TRAINER_BB_ACE_TRAINER_DWAYNE,GLISCOR,66,,,,1001,7,3,,,
TRAINER_BB_ACE_TRAINER_DWAYNE,SOLROCK,66,,,,1001,7,4,,,
TRAINER_BB_ACE_TRAINER_DWAYNE,SUNFLORA,66,,,,1001,7,5,,,
TRAINER_BB_VETERAN_TIFFANY,ARCANINE,67,,,,1001,7,1,,,
TRAINER_BB_VETERAN_TIFFANY,ARCHEOPS,67,,,,1001,7,2,,,
TRAINER_BB_VETERAN_TIFFANY,ALAKAZAM,67,,,,1001,7,3,,,
TRAINER_BB_VETERAN_TIFFANY,FLYGON,67,,,,1001,7,4,,,
TRAINER_BB_VETERAN_TIFFANY,CRADILY,67,,,,1001,7,5,,,
TRAINER_BB_BLACK_BELT_TYRONE,POLIWRATH,67,,,,1001,7,1,,,
TRAINER_BB_BLACK_BELT_TYRONE,MIENSHAO,67,,,,1001,7,2,,,
TRAINER_BB_BLACK_BELT_TYRONE,AGGRON,67,,,,1001,7,3,,,
TRAINER_BB_BLACK_BELT_TYRONE,CONKELDURR,67,,,,1001,7,4,,,
TRAINER_BB_BLACK_BELT_TYRONE,METAGROSS,67,,,,1001,7,5,,,
TRAINER_BB_ACE_TRAINER_CATHY,ABOMASNOW,67,,,,1001,7,1,,,
TRAINER_BB_ACE_TRAINER_CATHY,PELIPPER,67,,,,1001,7,2,,,
TRAINER_BB_ACE_TRAINER_CATHY,JYNX,67,,,,1001,7,3,,,
TRAINER_BB_ACE_TRAINER_CATHY,STARMIE,67,,,,1001,7,4,,,
TRAINER_BB_ACE_TRAINER_CATHY,LUNATONE,67,,,,1001,7,5,,,
TRAINER_BB_DOCTOR_LOGAN,AUDINO,65,,,,1001,7,1,,,
TRAINER_BB_DOCTOR_LOGAN,MUSHARNA,65,,,,1001,7,2,,,
TRAINER_BB_DOCTOR_LOGAN,BLISSEY,65,,,,1001,7,3,,,
TRAINER_BB_DOCTOR_LOGAN,REUNICLUS,65,,,,1001,7,4,,,
TRAINER_BB_DOCTOR_LOGAN,MEGANIUM,65,,,,1001,7,5,,,
TRAINER_BB_ACE_TRAINER_DAVID,TYRANITAR,67,,,,1001,7,1,,,
TRAINER_BB_ACE_TRAINER_DAVID,EXCADRILL,67,,,,1001,7,2,,,
TRAINER_BB_ACE_TRAINER_DAVID,STEELIX,67,,,,1001,7,3,,,
TRAINER_BB_ACE_TRAINER_DAVID,GOLEM,67,,,,1001,7,4,,,
TRAINER_BB_ACE_TRAINER_DAVID,GARCHOMP,67,,,,1001,7,5,,,
TRAINER_BB_VETERAN_MARTELL,SLAKING,68,,,,1001,7,1,,,
TRAINER_BB_VETERAN_MARTELL,HAXORUS,68,,,,1001,7,2,,,
TRAINER_BB_VETERAN_MARTELL,SCEPTILE,68,,,,1001,7,3,,,
TRAINER_BB_VETERAN_MARTELL,AGGRON,68,,,,1001,7,4,,,
TRAINER_BB_VETERAN_MARTELL,DUSCLOPS,68,,,,1001,7,5,,,
TRAINER_BB_BIANCA_1_FIRE,SNIVY,5,,,,1001,7,1,Contrary,Overgrow,
TRAINER_BB_BIANCA_1_GRASS,OSHAWOTT,5,,,,1001,7,1,Vital Spirit,Torrent,
TRAINER_BB_BIANCA_1_WATER,TEPIG,5,,,,1001,7,1,Adaptability,Blaze,
TRAINER_BB_CHEREN_1_WATER,SNIVY,5,,,,1001,7,1,Contrary,Overgrow,
TRAINER_BB_CHEREN_1_FIRE,OSHAWOTT,5,,,,1001,7,1,Vital Spirit,Torrent,
TRAINER_BB_CHEREN_1_GRASS,TEPIG,5,,,,1001,7,1,Adaptability,Blaze,
TRAINER_BB_N_1,NINCADA,6,,,,1001,7,1,,,
TRAINER_BB_N_1,PURRLOIN,6,,,,1001,7,2,,,
TRAINER_BB_N_1,MANKEY,6,,,,1001,7,3,,,
TRAINER_BB_BIANCA_2_FIRE,MEOWTH,9,,,,1001,7,1,Technician,Technician,
TRAINER_BB_BIANCA_2_FIRE,SNIVY,10,,,,1001,7,2,Contrary,Overgrow,
TRAINER_BB_BIANCA_2_GRASS,MEOWTH,9,,,,1001,7,1,Technician,Technician,
TRAINER_BB_BIANCA_2_GRASS,OSHAWOTT,10,,,,1001,7,2,Vital Spirit,Torrent,
TRAINER_BB_BIANCA_2_WATER,MEOWTH,9,,,,1001,7,1,Technician,Technician,
TRAINER_BB_BIANCA_2_WATER,TEPIG,10,,,,1001,7,2,Adaptability,Blaze,
TRAINER_BB_CHEREN_2_WATER,STARLY,11,,,,1001,7,1,Keen Eye,Keen Eye,
TRAINER_BB_CHEREN_2_WATER,SNIVY,12,,Oran Berry,,1001,7,2,Contrary,Overgrow,
TRAINER_BB_CHEREN_2_FIRE,STARLY,11,,,,1001,7,1,Keen Eye,Keen Eye,
TRAINER_BB_CHEREN_2_FIRE,OSHAWOTT,12,,Oran Berry,,1001,7,2,Vital Spirit,Torrent,
TRAINER_BB_CHEREN_2_GRASS,STARLY,11,,,,1001,7,1,Keen Eye,Keen Eye,
TRAINER_BB_CHEREN_2_GRASS,TEPIG,12,,Oran Berry,,1001,7,2,Adaptability,Blaze,
TRAINER_BB_CILAN_1,SNIVY,12,"Tackle,Growth,Magical Leaf,Twister",,,1001,7,1,Overgrow,,
TRAINER_BB_CILAN_1,BULBASAUR,12,"Secret Power,Sleep Powder,Leech Seed,Vine Whip",,,1001,7,2,Overgrow,,
TRAINER_BB_CILAN_1,CHIKORITA,12,"Wring Out,Synthesis,Razor Leaf,Poison Powder",,,1001,7,3,Overgrow,,
TRAINER_BB_CILAN_1,TREECKO,12,"Grass Whistle,Leech Seed,Absorb,Quick Attack",,,1001,7,4,Overgrow,,
TRAINER_BB_CILAN_1,TURTWIG,12,"Tackle,Tickle,Razor Leaf,Stealth Rock",,,1001,7,5,Overgrow,,
TRAINER_BB_CILAN_1,PANSAGE,14,"Work Up,Bite,Magical Leaf,Protect",Oran Berry,,1001,7,6,Gluttony,,
TRAINER_BB_SPECIAL_CILAN_ROUTE_11_REPLACES_BACKPACKER_TALON,SERPERIOR,86,"Leaf Storm,Light Screen,Reflect,Sunny Day",Yache Berry,,1001,7,1,Contrary,Overgrow,
TRAINER_BB_SPECIAL_CILAN_ROUTE_11_REPLACES_BACKPACKER_TALON,VENUSAUR,86,"Growth,Earthquake,Power Whip,Sludge Bomb",Payapa Berry,,1001,7,2,Chlorophyll,Overgrow,
TRAINER_BB_SPECIAL_CILAN_ROUTE_11_REPLACES_BACKPACKER_TALON,MEGANIUM,86,"Aromatherapy,Petal Dance,Toxic,Leech Seed",Kebia Berry,,1001,7,3,Natural Cure,Overgrow,
TRAINER_BB_SPECIAL_CILAN_ROUTE_11_REPLACES_BACKPACKER_TALON,SCEPTILE,86,"Energy Ball,Focus Blast,Dragon Pulse,Leaf Storm",Tanga Berry,,1001,7,4,Adaptability,Overgrow,
TRAINER_BB_SPECIAL_CILAN_ROUTE_11_REPLACES_BACKPACKER_TALON,TORTERRA,86,"Earthquake,Crunch,Wood Hammer,Stone Edge",Occa Berry,,1001,7,5,Sturdy,Overgrow,
TRAINER_BB_SPECIAL_CILAN_ROUTE_11_REPLACES_BACKPACKER_TALON,SIMISAGE,88,"Leaf Storm,Rock Slide,Shadow Claw,Low Kick",Liechi Berry,,1001,7,6,Unburden,Gluttony,
TRAINER_BB_CRESS_1,OSHAWOTT,12,"Tackle,Screech,Brine,Air Slash",,,1001,7,1,Torrent,,
TRAINER_BB_CRESS_1,SQUIRTLE,12,"Tackle,Iron Defense,Aqua Jet,Fake Out",,,1001,7,2,Torrent,,
TRAINER_BB_CRESS_1,TOTODILE,12,"Scratch,Dragon Dance,Aqua Jet,Bite",,,1001,7,3,Torrent,,
TRAINER_BB_CRESS_1,MUDKIP,12,"Tackle,Ice Ball,Mud Bomb,Water Gun",,,1001,7,4,Torrent,,
TRAINER_BB_CRESS_1,PIPLUP,12,"Pound,Icy Wind,Bubble Beam,Pluck",,,1001,7,5,Torrent,,
TRAINER_BB_CRESS_1,PANPOUR,14,"Nasty Plot,Bite,Water Gun,Protect",Oran Berry,,1001,7,6,Gluttony,,
TRAINER_BB_SPECIAL_CRESS_ROUTE_11_REPLACES_BACKPACKER_CORIN,SAMUROTT,86,"Shell Smash,Aqua Jet,Megahorn,Razor Shell",Wacan Berry,,1001,7,1,Vital Spirit,Torrent,
TRAINER_BB_SPECIAL_CRESS_ROUTE_11_REPLACES_BACKPACKER_CORIN,BLASTOISE,86,"Shell Smash,Hydro Pump,Blizzard,Focus Blast",Rindo Berry,,1001,7,2,Sturdy,Torrent,
TRAINER_BB_SPECIAL_CRESS_ROUTE_11_REPLACES_BACKPACKER_CORIN,FERALIGATR,86,"Dragon Dance,Waterfall,Crunch,Earthquake",Wacan Berry,,1001,7,3,Sheer Force,Torrent,
TRAINER_BB_SPECIAL_CRESS_ROUTE_11_REPLACES_BACKPACKER_CORIN,SWAMPERT,86,"Earthquake,Waterfall,Avalanche,Hammer Arm",Rindo Berry,,1001,7,4,Mold Breaker,Torrent,
TRAINER_BB_SPECIAL_CRESS_ROUTE_11_REPLACES_BACKPACKER_CORIN,EMPOLEON,86,"Hydro Pump,Flash Cannon,Grass Knot,Aqua Jet",Shuca Berry,,1001,7,5,Defiant,Torrent,
TRAINER_BB_SPECIAL_CRESS_ROUTE_11_REPLACES_BACKPACKER_CORIN,SIMIPOUR,88,"Hydro Pump,Ice Beam,Grass Knot,Focus Blast",Petaya Berry,,1001,7,6,Unburden,Gluttony,
TRAINER_BB_CHILI_1,TEPIG,12,"Tackle,Yawn,Ember,Magnitude",,,1001,7,1,Blaze,,
TRAINER_BB_CHILI_1,CHARMANDER,12,"Scratch,Dragon Dance,Ember,Smokescreen",,,1001,7,2,Blaze,,
TRAINER_BB_CHILI_1,CYNDAQUIL,12,"Quick Attack,Nature Power,Smokescreen,Flame Burst",,,1001,7,3,Blaze,,
TRAINER_BB_CHILI_1,TORCHIC,12,"Low Kick,Focus Energy,Ember,Feather Dance",,,1001,7,4,Blaze,,
TRAINER_BB_CHILI_1,CHIMCHAR,12,"Assist,Fake Out,Ember,Torment",,,1001,7,5,Blaze,,
TRAINER_BB_CHILI_1,PANSEAR,14,"Nasty Plot,Bite,Incinerate,Protect",Oran Berry,,1001,7,6,Gluttony,,
TRAINER_BB_SPECIAL_CHILI_ABUNDANT_SHRINE_REPLACES_YOUNGSTER_WES,EMBOAR,86,"Flare Blitz,Earthquake,Hammer Arm,Scald",Passho Berry,,1001,7,1,Adaptability,Blaze,
TRAINER_BB_SPECIAL_CHILI_ABUNDANT_SHRINE_REPLACES_YOUNGSTER_WES,CHARIZARD,86,"Fire Blast,Air Slash,Outrage,Earthquake",Charti Berry,,1001,7,2,Solar Power,Blaze,
TRAINER_BB_SPECIAL_CHILI_ABUNDANT_SHRINE_REPLACES_YOUNGSTER_WES,TYPHLOSION,86,"Eruption,Focus Blast,Solar Beam,Thunder Punch",Shuca Berry,,1001,7,3,Flash Fire,Blaze,
TRAINER_BB_SPECIAL_CHILI_ABUNDANT_SHRINE_REPLACES_YOUNGSTER_WES,BLAZIKEN,86,"High Jump Kick,Flare Blitz,Stone Edge,Thunder Punch",Payapa Berry,,1001,7,4,Speed Boost,Blaze,
TRAINER_BB_SPECIAL_CHILI_ABUNDANT_SHRINE_REPLACES_YOUNGSTER_WES,INFERNAPE,86,"Overheat,Close Combat,Grass Knot,Thunder Punch",Coba Berry,,1001,7,5,Iron Fist,Blaze,
TRAINER_BB_SPECIAL_CHILI_ABUNDANT_SHRINE_REPLACES_YOUNGSTER_WES,SIMISEAR,88,"Fire Blast,Focus Blast,Grass Knot,Will O Wisp",Petaya Berry,,1001,7,6,Unburden,Gluttony,
TRAINER_BB_CHEREN_3_WATER,STARAVIA,14,,,,1001,7,1,Reckless,Intimidate,
TRAINER_BB_CHEREN_3_WATER,ROGGENROLA,14,,,,1001,7,2,Sturdy,Sturdy,
TRAINER_BB_CHEREN_3_WATER,PANPOUR,14,,,,1001,7,3,Torrent,,
TRAINER_BB_CHEREN_3_WATER,SNIVY,16,,Sitrus Berry,,1001,7,4,Contrary,Overgrow,
TRAINER_BB_CHEREN_3_FIRE,STARAVIA,14,,,,1001,7,1,Reckless,Intimidate,
TRAINER_BB_CHEREN_3_FIRE,ROGGENROLA,14,,,,1001,7,2,Sturdy,Sturdy,
TRAINER_BB_CHEREN_3_FIRE,PANSEAR,14,,,,1001,7,3,Blaze,,
TRAINER_BB_CHEREN_3_FIRE,OSHAWOTT,16,,Sitrus Berry,,1001,7,4,Vital Spirit,Torrent,
TRAINER_BB_CHEREN_3_GRASS,STARAVIA,14,,,,1001,7,1,Reckless,Intimidate,
TRAINER_BB_CHEREN_3_GRASS,ROGGENROLA,14,,,,1001,7,2,Sturdy,Sturdy,
TRAINER_BB_CHEREN_3_GRASS,PANSAGE,14,,,,1001,7,3,Overgrow,,
TRAINER_BB_CHEREN_3_GRASS,TEPIG,16,,Sitrus Berry,,1001,7,4,Adaptability,Blaze,
TRAINER_BB_N_2,DRILBUR,19,,,,1001,7,1,,,
TRAINER_BB_N_2,BRONZOR,19,,,,1001,7,2,,,
TRAINER_BB_N_2,TYMPOLE,19,,,,1001,7,3,,,
TRAINER_BB_N_2,VULPIX,19,,,,1001,7,4,,,
TRAINER_BB_N_2,ZORUA,19,,,,1001,7,5,,,
TRAINER_BB_LENORA_1,STANTLER,18,"Retaliate,Hypnosis,Disable,Extrasensory",,,1001,7,1,Intimidate,Intimidate,
TRAINER_BB_LENORA_1,HERDIER,18,"Retaliate,Bite,Helping Hand,Charm",,,1001,7,2,Intimidate,Intimidate,
TRAINER_BB_LENORA_1,FURRET,18,"Retaliate,Follow Me,Thunderbolt,Reversal",,,1001,7,3,Keen Eye,Keen Eye,
TRAINER_BB_LENORA_1,BIBAREL,18,"Retaliate,Curse,Aqua Tail,Amnesia",,,1001,7,4,Moody,Simple,
TRAINER_BB_LENORA_1,WATCHOG,20,"Retaliate,Hypnosis,Super Fang,Crunch",Sitrus Berry,,1001,7,5,Analytic,Keen Eye,
TRAINER_BB_LENORA_1,BOUFFALANT,20,"Retaliate,Aerial Ace,Rock Tomb,Revenge",Sitrus Berry,,1001,7,6,Sap Sipper,Sap Sipper,
TRAINER_BB_SPECIAL_LENORA_VILLAGE_BRIDGE_REPLACES_SCIENTIST_SHANNON,STOUTLAND,87,"Return,Crunch,Fire Fang,Wild Charge",Air Balloon,,1001,7,1,Intimidate,Intimidate,
TRAINER_BB_SPECIAL_LENORA_VILLAGE_BRIDGE_REPLACES_SCIENTIST_SHANNON,GRANBULL,87,"Thunder Wave,Return,Earthquake,Crunch",Chople Berry,,1001,7,2,Intimidate,Intimidate,
TRAINER_BB_SPECIAL_LENORA_VILLAGE_BRIDGE_REPLACES_SCIENTIST_SHANNON,KANGASKHAN,87,"Outrage,Return,Earthquake,Sucker Punch",Expert Belt,,1001,7,3,Scrappy,Scrappy,
TRAINER_BB_SPECIAL_LENORA_VILLAGE_BRIDGE_REPLACES_SCIENTIST_SHANNON,AMBIPOM,87,"Double Hit,Fake Out,Low Kick,U Turn",Scope Lens,,1001,7,4,Technician,Technician,
TRAINER_BB_SPECIAL_LENORA_VILLAGE_BRIDGE_REPLACES_SCIENTIST_SHANNON,WATCHOG,87,"Super Fang,Crunch,Low Kick,Thunder Wave",Air Balloon,,1001,7,5,Analytic,Keen Eye,
TRAINER_BB_SPECIAL_LENORA_VILLAGE_BRIDGE_REPLACES_SCIENTIST_SHANNON,BOUFFALANT,89,"Head Charge,Wild Charge,Stone Edge,Earthquake",Sitrus Berry,,1001,7,6,Reckless,Reckless,
TRAINER_BB_BURGH_1,MASQUERAIN,28,"Scald,Silver Wind,Stun Spore,Icy Wind",,,1001,7,1,Levitate,Intimidate,
TRAINER_BB_BURGH_1,VESPIQUEN,28,"Acrobatics,Toxic,Heal Order,U Turn",,,1001,7,2,Intimidate,Pressure,
TRAINER_BB_BURGH_1,HERACROSS,28,"Brick Break,Aerial Ace,Bug Bite,Night Slash",Flame Orb,,1001,7,3,Guts,Guts,
TRAINER_BB_BURGH_1,YANMEGA,28,"Protect,U Turn,Air Slash,Signal Beam",,,1001,7,4,Speed Boost,Speed Boost,
TRAINER_BB_BURGH_1,SCOLIPEDE,30,"Toxic,Rock Climb,Megahorn,Rock Slide",Sitrus Berry,,1001,7,5,Poison Touch,Swarm,
TRAINER_BB_BURGH_1,LEAVANNY,30,"Protect,Leaf Blade,X Scissor,Grass Whistle",Sitrus Berry,,1001,7,6,Swarm,Swarm,
TRAINER_BB_SPECIAL_BURGH_ROUTE_13_REPLACES_ARTIST_ZACH,YANMEGA,87,"Bug Buzz,Air Slash,Psychic,Shadow Ball",Occa Berry,,1001,7,1,Speed Boost,,
TRAINER_BB_SPECIAL_BURGH_ROUTE_13_REPLACES_ARTIST_ZACH,CRUSTLE,87,"Shell Smash,Stone Edge,X Scissor,Earthquake",White Herb,,1001,7,2,Sturdy,,
TRAINER_BB_SPECIAL_BURGH_ROUTE_13_REPLACES_ARTIST_ZACH,SCIZOR,87,"Bullet Punch,Bug Bite,Superpower,Pursuit",Life Orb,,1001,7,3,Technician,,
TRAINER_BB_SPECIAL_BURGH_ROUTE_13_REPLACES_ARTIST_ZACH,VENOMOTH,87,"Quiver Dance,Bug Buzz,Sludge Bomb,Sleep Powder",Starf Berry,,1001,7,4,Tinted Lens,,
TRAINER_BB_SPECIAL_BURGH_ROUTE_13_REPLACES_ARTIST_ZACH,SCOLIPEDE,87,"Megahorn,Toxic Spikes,Spikes,Rock Slide",Liechi Berry,,1001,7,5,Swarm,,
TRAINER_BB_SPECIAL_BURGH_ROUTE_13_REPLACES_ARTIST_ZACH,LEAVANNY,89,"X Scissor,Leaf Blade,Agility,Shadow Claw",Focus Sash,,1001,7,6,Swarm,,
TRAINER_BB_BIANCA_3_FIRE,MUNNA,29,,,,1001,7,1,Analytic,Synchronize,
TRAINER_BB_BIANCA_3_FIRE,SIMIPOUR,29,,,,1001,7,2,,,
TRAINER_BB_BIANCA_3_FIRE,PERSIAN,31,,,,1001,7,3,Technician,Technician,
TRAINER_BB_BIANCA_3_FIRE,SERVINE,31,,Sitrus Berry,,1001,7,4,Contrary,Overgrow,
TRAINER_BB_BIANCA_3_GRASS,MUNNA,29,,,,1001,7,1,Analytic,Synchronize,
TRAINER_BB_BIANCA_3_GRASS,SIMISEAR,29,,,,1001,7,2,,,
TRAINER_BB_BIANCA_3_GRASS,PERSIAN,31,,,,1001,7,3,Technician,Technician,
TRAINER_BB_BIANCA_3_GRASS,DEWOTT,31,,Sitrus Berry,,1001,7,4,Vital Spirit,Torrent,
TRAINER_BB_BIANCA_3_WATER,MUNNA,29,,,,1001,7,1,Analytic,Synchronize,
TRAINER_BB_BIANCA_3_WATER,SIMISAGE,29,,,,1001,7,2,,,
TRAINER_BB_BIANCA_3_WATER,PERSIAN,31,,,,1001,7,3,Technician,Technician,
TRAINER_BB_BIANCA_3_WATER,PIGNITE,31,,Sitrus Berry,,1001,7,4,Adaptability,Blaze,
TRAINER_BB_CHEREN_4_WATER,STARAVIA,31,,Sharp Beak,,1001,7,1,Reckless,Intimidate,
TRAINER_BB_CHEREN_4_WATER,BOLDORE,31,,Hard Stone,,1001,7,2,Sturdy,Sturdy,
TRAINER_BB_CHEREN_4_WATER,KADABRA,31,,TwistedSpoon,,1001,7,3,Magic Guard,Synchronize,
TRAINER_BB_CHEREN_4_WATER,SIMIPOUR,31,,Expert Belt,,1001,7,4,Torrent,,
TRAINER_BB_CHEREN_4_WATER,SERVINE,33,,Sitrus Berry,,1001,7,5,Contrary,Overgrow,
TRAINER_BB_CHEREN_4_FIRE,STARAVIA,31,,Sharp Beak,,1001,7,1,Reckless,Intimidate,
TRAINER_BB_CHEREN_4_FIRE,BOLDORE,31,,Hard Stone,,1001,7,2,Sturdy,Sturdy,
TRAINER_BB_CHEREN_4_FIRE,KADABRA,31,,TwistedSpoon,,1001,7,3,Magic Guard,Synchronize,
TRAINER_BB_CHEREN_4_FIRE,SIMISEAR,31,,Expert Belt,,1001,7,4,Blaze,,
TRAINER_BB_CHEREN_4_FIRE,DEWOTT,33,,Sitrus Berry,,1001,7,5,Vital Spirit,Torrent,
TRAINER_BB_CHEREN_4_GRASS,STARAVIA,31,,Sharp Beak,,1001,7,1,Reckless,Intimidate,
TRAINER_BB_CHEREN_4_GRASS,BOLDORE,31,,Hard Stone,,1001,7,2,Sturdy,Sturdy,
TRAINER_BB_CHEREN_4_GRASS,KADABRA,31,,TwistedSpoon,,1001,7,3,Magic Guard,Synchronize,
TRAINER_BB_CHEREN_4_GRASS,SIMISAGE,31,,Expert Belt,,1001,7,4,Overgrow,,
TRAINER_BB_CHEREN_4_GRASS,PIGNITE,33,,Sitrus Berry,,1001,7,5,Adaptability,Blaze,
TRAINER_BB_N_3,HIPPOPOTAS,33,,,,1001,7,1,,,
TRAINER_BB_N_3,MARACTUS,33,,,,1001,7,2,,,
TRAINER_BB_N_3,GLIGAR,33,,,,1001,7,3,,,
TRAINER_BB_N_3,LARVESTA,33,,,,1001,7,4,,,
TRAINER_BB_N_3,GOLETT,33,,,,1001,7,5,,,
TRAINER_BB_N_3,SIGILYPH,33,,,,1001,7,6,,,
TRAINER_BB_ELESA_1,EMOLGA,36,"Wild Charge,U Turn,Acrobatics,Roost",,,1001,7,1,Static,Static,
TRAINER_BB_ELESA_1,MANECTRIC,36,"Thunderbolt,Volt Switch,Flamethrower,Attract",,,1001,7,2,Static,Static,
TRAINER_BB_ELESA_1,AMPHAROS,36,"Thunderbolt,Charge,Focus Blast,Cotton Guard",,,1001,7,3,Static,Static,
TRAINER_BB_ELESA_1,RAICHU,36,"Wild Charge,Volt Switch,Grass Knot,Focus Blast",,,1001,7,4,Static,Static,
TRAINER_BB_ELESA_1,GALVANTULA,36,"Thunder,Volt Switch,Signal Beam,Energy Ball",,,1001,7,5,Compoundeyes,Compoundeyes,
TRAINER_BB_ELESA_1,ZEBSTRIKA,38,"Wild Charge,Volt Switch,Flame Charge,Double Kick",Sitrus Berry,,1001,7,6,Sap Sipper,Lightningrod,
TRAINER_BB_SPECIAL_ELESA_ROUTE_13_REPLACES_PARASOL_LADY_LAURA,EMOLGA,88,"Baton Pass,Agility,Thunder,Light Screen",Starf Berry,,1001,7,1,Static,Static,
TRAINER_BB_SPECIAL_ELESA_ROUTE_13_REPLACES_PARASOL_LADY_LAURA,ELECTIVIRE,88,"Volt Tackle,Cross Chop,Ice Punch,Earthquake",Sitrus Berry,,1001,7,2,Motor Drive,Motor Drive,
TRAINER_BB_SPECIAL_ELESA_ROUTE_13_REPLACES_PARASOL_LADY_LAURA,JOLTEON,88,"Thunder,Shadow Ball,Baton Pass,Thunder Wave",Starf Berry,,1001,7,3,Lightningrod,Volt Absorb,
TRAINER_BB_SPECIAL_ELESA_ROUTE_13_REPLACES_PARASOL_LADY_LAURA,EELEKTROSS,88,"Acrobatics,Thunder,Rock Slide,Flamethrower",Flying Gem,,1001,7,4,Levitate,Levitate,
TRAINER_BB_SPECIAL_ELESA_ROUTE_13_REPLACES_PARASOL_LADY_LAURA,GALVANTULA,88,"Thunder,Bug Buzz,Energy Ball,Thunder Wave",Wide Lens,,1001,7,5,Compoundeyes,Compoundeyes,
TRAINER_BB_SPECIAL_ELESA_ROUTE_13_REPLACES_PARASOL_LADY_LAURA,ZEBSTRIKA,90,"Volt Tackle,Flame Charge,Quick Attack,Return",Life Orb,,1001,7,6,Sap Sipper,Motor Drive,
TRAINER_BB_CHEREN_5_WATER,STARAPTOR,36,,Sharp Beak,,1001,7,1,Reckless,Intimidate,
TRAINER_BB_CHEREN_5_WATER,GIGALITH,36,,Hard Stone,,1001,7,2,Sturdy,Sturdy,
TRAINER_BB_CHEREN_5_WATER,ALAKAZAM,36,,TwistedSpoon,,1001,7,3,Magic Guard,Synchronize,
TRAINER_BB_CHEREN_5_WATER,SIMIPOUR,36,,Expert Belt,,1001,7,4,Torrent,,
TRAINER_BB_CHEREN_5_WATER,SERPERIOR,38,,Sitrus Berry,,1001,7,5,Contrary,Overgrow,
TRAINER_BB_CHEREN_5_FIRE,STARAPTOR,36,,Sharp Beak,,1001,7,1,Reckless,Intimidate,
TRAINER_BB_CHEREN_5_FIRE,GIGALITH,36,,Hard Stone,,1001,7,2,Sturdy,Sturdy,
TRAINER_BB_CHEREN_5_FIRE,ALAKAZAM,36,,TwistedSpoon,,1001,7,3,Magic Guard,Synchronize,
TRAINER_BB_CHEREN_5_FIRE,SIMISEAR,36,,Expert Belt,,1001,7,4,Blaze,,
TRAINER_BB_CHEREN_5_FIRE,SAMUROTT,38,,Sitrus Berry,,1001,7,5,Vital Spirit,Torrent,
TRAINER_BB_CHEREN_5_GRASS,STARAPTOR,36,,Sharp Beak,,1001,7,1,Reckless,Intimidate,
TRAINER_BB_CHEREN_5_GRASS,GIGALITH,36,,Hard Stone,,1001,7,2,Sturdy,Sturdy,
TRAINER_BB_CHEREN_5_GRASS,ALAKAZAM,36,,TwistedSpoon,,1001,7,3,Magic Guard,Synchronize,
TRAINER_BB_CHEREN_5_GRASS,SIMISAGE,36,,Expert Belt,,1001,7,4,Overgrow,,
TRAINER_BB_CHEREN_5_GRASS,EMBOAR,38,,Sitrus Berry,,1001,7,5,Adaptability,Blaze,
TRAINER_BB_CLAY_1,HIPPOWDON,42,"Bulldoze,Slack Off,Stealth Rock,Stone Edge",,,1001,7,1,Sand Stream,Sand Stream,
TRAINER_BB_CLAY_1,SEISMITOAD,42,"Earth Power,Muddy Water,Sludge Wave,Rest",Chesto Berry,,1001,7,2,Water Absorb,Poison Hand,
TRAINER_BB_CLAY_1,STEELIX,42,"Earthquake,Fire Fang,Gyro Ball,Coil",Passho Berry,,1001,7,3,Sturdy,Sturdy,
TRAINER_BB_CLAY_1,MAROWAK,42,"Earthquake,Stone Edge,Low Kick,Perish Song",Thick Club,,1001,7,4,Mold Breaker,Rock Head,
TRAINER_BB_CLAY_1,KROOKODILE,42,"Earthquake,Crunch,Thrash,Torment",Persim Berry,,1001,7,5,Intimidate,Intimidate,
TRAINER_BB_CLAY_1,EXCADRILL,44,"Earthquake,Rock Slide,X Scissor,Swords Dance",Sitrus Berry,,1001,7,6,Sand Rush,Sand Rush,
TRAINER_BB_SPECIAL_CLAY_ROUTE_14_REPLACES_HIKER_JEBEDIAH,HIPPOWDON,88,"Earthquake,Slack Off,Stone Edge,Crunch",Passho Berry,,1001,7,1,Sand Stream,Sand Stream,
TRAINER_BB_SPECIAL_CLAY_ROUTE_14_REPLACES_HIKER_JEBEDIAH,SEISMITOAD,88,"Earthquake,Muddy Water,Grass Knot,Drain Punch",Rindo Berry,,1001,7,2,Water Absorb,Poison Hand,
TRAINER_BB_SPECIAL_CLAY_ROUTE_14_REPLACES_HIKER_JEBEDIAH,RHYPERIOR,88,"Earthquake,Stone Edge,Megahorn,Superpower",Life Orb,,1001,7,3,Solid Rock,Solid Rock,
TRAINER_BB_SPECIAL_CLAY_ROUTE_14_REPLACES_HIKER_JEBEDIAH,DONPHAN,88,"Earthquake,Ice Shard,Endeavor,Stone Edge",Custap Berry,,1001,7,4,Sturdy,Sturdy,
TRAINER_BB_SPECIAL_CLAY_ROUTE_14_REPLACES_HIKER_JEBEDIAH,KROOKODILE,88,"Earthquake,Crunch,Stone Edge,Outrage",Chople Berry,,1001,7,5,Intimidate,Intimidate,
TRAINER_BB_SPECIAL_CLAY_ROUTE_14_REPLACES_HIKER_JEBEDIAH,EXCADRILL,90,"Earthquake,Rock Slide,X Scissor,Horn Drill",Air Balloon,,1001,7,6,Sand Rush,Sand Rush,
TRAINER_BB_BIANCA_4_FIRE,MIENFOO,41,,,,1001,7,1,Reckless,Regenerator,
TRAINER_BB_BIANCA_4_FIRE,MUSHARNA,41,,,,1001,7,2,Analytic,Synchronize,
TRAINER_BB_BIANCA_4_FIRE,PERSIAN,41,,,,1001,7,3,Technician,Technician,
TRAINER_BB_BIANCA_4_FIRE,SIMIPOUR,41,,,,1001,7,4,,,
TRAINER_BB_BIANCA_4_FIRE,SERPERIOR,43,,Sitrus Berry,,1001,7,5,Contrary,Overgrow,
TRAINER_BB_BIANCA_4_GRASS,MIENFOO,41,,,,1001,7,1,Reckless,Regenerator,
TRAINER_BB_BIANCA_4_GRASS,MUSHARNA,41,,,,1001,7,2,Analytic,Synchronize,
TRAINER_BB_BIANCA_4_GRASS,PERSIAN,41,,,,1001,7,3,Technician,Technician,
TRAINER_BB_BIANCA_4_GRASS,SIMISEAR,41,,,,1001,7,4,,,
TRAINER_BB_BIANCA_4_GRASS,SAMUROTT,43,,Sitrus Berry,,1001,7,5,Vital Spirit,Torrent,
TRAINER_BB_BIANCA_4_WATER,MIENFOO,41,,,,1001,7,1,Reckless,Regenerator,
TRAINER_BB_BIANCA_4_WATER,MUSHARNA,41,,,,1001,7,2,Analytic,Synchronize,
TRAINER_BB_BIANCA_4_WATER,PERSIAN,41,,,,1001,7,3,Technician,Technician,
TRAINER_BB_BIANCA_4_WATER,SIMISAGE,41,,,,1001,7,4,,,
TRAINER_BB_BIANCA_4_WATER,EMBOAR,43,,Sitrus Berry,,1001,7,5,Adaptability,Blaze,
TRAINER_BB_N_4,ROTOM,47,,,,1001,7,1,,,
TRAINER_BB_N_4,ROTOM,47,,,,1001,7,2,,,
TRAINER_BB_N_4,ROTOM,47,,,,1001,7,3,,,
TRAINER_BB_N_4,ROTOM,47,,,,1001,7,4,,,
TRAINER_BB_N_4,ROTOM,47,,,,1001,7,5,,,
TRAINER_BB_N_4,ROTOM,47,,,,1001,7,6,,,
TRAINER_BB_SKYLA_1,MANDIBUZZ,54,"Brave Bird,Torment,Tailwind,Rest",Chesto Berry,,1001,7,1,Big Pecks,Big Pecks,
TRAINER_BB_SKYLA_1,SKARMORY,54,"Brave Bird,Spikes,Steel Wing,Roost",Occa Berry,,1001,7,2,Sturdy,Sturdy,
TRAINER_BB_SKYLA_1,BRAVIARY,54,"Brave Bird,Rock Slide,Crush Claw,Bulk Up",Sitrus Berry,,1001,7,3,Defiant,Sheer Force,
TRAINER_BB_SKYLA_1,ARCHEOPS,56,"Acrobatics,Stone Edge,Earthquake,Dragon Claw",Flying Gem,,1001,7,4,Defeatist,Defeatist,
TRAINER_BB_SKYLA_1,GLISCOR,56,"Acrobatics,Fling,Earthquake,Thunder Fang",Toxic Orb,,1001,7,5,Poison Heal,Hyper Cutter,
TRAINER_BB_SKYLA_1,SWANNA,56,"Hurricane,Brine,Ice Beam,Tailwind",Sitrus Berry,,1001,7,6,Big Pecks,Big Pecks,
TRAINER_BB_SPECIAL_SKYLA_ROUTE_14_REPLACES_ACE_TRAINER_JUNKO,SWOOBAT,88,"Psychic,Stored Power,Air Slash,Calm Mind",Focus Sash,,1001,7,1,Simple,Unaware,
TRAINER_BB_SPECIAL_SKYLA_ROUTE_14_REPLACES_ACE_TRAINER_JUNKO,BRAVIARY,88,"Crush Claw,Extreme Speed,Brave Bird,Rock Slide",White Herb,,1001,7,2,Defiant,Sheer Force,
TRAINER_BB_SPECIAL_SKYLA_ROUTE_14_REPLACES_ACE_TRAINER_JUNKO,TROPIUS,88,"Leaf Blade,Earthquake,Fly,Roost",Power Herb,,1001,7,3,Chlorophyll,Chlorophyll,
TRAINER_BB_SPECIAL_SKYLA_ROUTE_14_REPLACES_ACE_TRAINER_JUNKO,SKARMORY,90,"Brave Bird,Steel Wing,Roost,X Scissor",Sitrus Berry,,1001,7,4,Sturdy,Sturdy,
TRAINER_BB_SPECIAL_SKYLA_ROUTE_14_REPLACES_ACE_TRAINER_JUNKO,GLISCOR,90,"Earthquake,Fling,Stone Edge,Acrobatics",Toxic Orb*,,1001,7,5,Poison Heal,Hyper Cutter,
TRAINER_BB_SPECIAL_SKYLA_ROUTE_14_REPLACES_ACE_TRAINER_JUNKO,SWANNA,90,"Surf,Ice Beam,Brave Bird,Tailwind",Life Orb,,1001,7,6,Big Pecks,Big Pecks,
TRAINER_BB_CHEREN_6_WATER,STARAPTOR,53,"Brave Bird,Close Combat,Retaliate,U Turn",Sharp Beak,,1001,7,1,Reckless,Intimidate,
TRAINER_BB_CHEREN_6_WATER,GIGALITH,53,"Stone Edge,Stealth Rock,Earthquake,Explosion",Hard Stone,,1001,7,2,Sturdy,Sturdy,
TRAINER_BB_CHEREN_6_WATER,ALAKAZAM,53,"Psychic,Shadow Ball,Energy Ball,Charge Beam",TwistedSpoon,,1001,7,3,Magic Guard,Synchronize,
TRAINER_BB_CHEREN_6_WATER,HOUNDOOM,53,"Flamethrower,Dark Pulse,Nasty Plot,Will O Wisp",Lum Berry,,1001,7,4,Intimidate,Flash Fire,
TRAINER_BB_CHEREN_6_WATER,SIMIPOUR,53,"Scald,Acrobatics,Fling,Hydro Cannon",Iron Ball,,1001,7,5,Torrent,,
TRAINER_BB_CHEREN_6_WATER,SERPERIOR,55,"Leaf Blade,Leech Seed,Glare,Dragon Pulse",Sitrus Berry,,1001,7,6,Contrary,Overgrow,
TRAINER_BB_CHEREN_6_FIRE,STARAPTOR,53,"Brave Bird,Close Combat,Retaliate,U Turn",Sharp Beak,,1001,7,1,Reckless,Intimidate,
TRAINER_BB_CHEREN_6_FIRE,GIGALITH,53,"Stone Edge,Stealth Rock,Earthquake,Explosion",Hard Stone,,1001,7,2,Sturdy,Sturdy,
TRAINER_BB_CHEREN_6_FIRE,ALAKAZAM,53,"Psychic,Shadow Ball,Energy Ball,Charge Beam",TwistedSpoon,,1001,7,3,Magic Guard,Synchronize,
TRAINER_BB_CHEREN_6_FIRE,WHIMSICOTT,53,"Energy Ball,Hurricane,Tailwind,Cotton Guard",Lum Berry,,1001,7,4,Prankster,Prankster,
TRAINER_BB_CHEREN_6_FIRE,SIMISEAR,53,"Flame Burst,Acrobatics,Fling,Blast Burn",Iron Ball,,1001,7,5,Blaze,,
TRAINER_BB_CHEREN_6_FIRE,SAMUROTT,55,"Scald,Swords Dance,Megahorn,Sacred Sword",Sitrus Berry,,1001,7,6,Vital Spirit,Torrent,
TRAINER_BB_CHEREN_6_GRASS,STARAPTOR,53,"Brave Bird,Close Combat,Retaliate,U Turn",Sharp Beak,,1001,7,1,Reckless,Intimidate,
TRAINER_BB_CHEREN_6_GRASS,GIGALITH,53,"Stone Edge,Stealth Rock,Earthquake,Explosion",Hard Stone,,1001,7,2,Sturdy,Sturdy,
TRAINER_BB_CHEREN_6_GRASS,ALAKAZAM,53,"Psychic,Shadow Ball,Energy Ball,Charge Beam",TwistedSpoon,,1001,7,3,Magic Guard,Synchronize,
TRAINER_BB_CHEREN_6_GRASS,GYARADOS,53,"Aqua Tail,Ice Fang,Dragon Dance,Earthquake",Lum Berry,,1001,7,4,Moxie,Intimidate,
TRAINER_BB_CHEREN_6_GRASS,SIMISAGE,53,"Seed Bomb,Acrobatics,Fling,Frenzy Plant",Iron Ball,,1001,7,5,Overgrow,,
TRAINER_BB_CHEREN_6_GRASS,EMBOAR,55,"Heat Crash,Bulk Up,Wild Charge,Earthquake",Sitrus Berry,,1001,7,6,Adaptability,Blaze,
TRAINER_BB_BRYCEN_1,ABOMASNOW,61,"Blizzard,Wood Hammer,Focus Blast,Ice Shard",Expert Belt,,1001,7,1,Snow Warning,Snow Warning,
TRAINER_BB_BRYCEN_1,GLACEON,61,"Blizzard,Earth Power,Shadow Ball,Baton Pass",Choice Scarf,,1001,7,2,Serene Grace,Snow Cloak,
TRAINER_BB_BRYCEN_1,FROSLASS,61,"Blizzard,Thunderbolt,Shadow Ball,Disable",Life Orb,,1001,7,3,Levitate,Snow Cloak,
TRAINER_BB_BRYCEN_1,VANILLUXE,63,"Blizzard,Flash Cannon,Energy Ball,Autotomize",NeverMeltIce,,1001,7,4,Weak Armor,Ice Body,
TRAINER_BB_BRYCEN_1,CRYOGONAL,61,"Blizzard,Reflect,Hidden Power,Protect",Focus Sash,,1001,7,5,Levitate,Levitate,
TRAINER_BB_BRYCEN_1,BEARTIC,63,"Icicle Crash,Close Combat,Waterfall,Rock Slide",White Herb,,1001,7,6,Sheer Force,Snow Cloak,
TRAINER_BB_SPECIAL_BRYCEN_ROUTE_14_REPLACES_ACE_TRAINER_KIPP,ABOMASNOW,88,"Blizzard,Wood Hammer,Focus Blast,Earthquake",Expert Belt,,1001,7,1,Snow Warning,Snow Warning,
TRAINER_BB_SPECIAL_BRYCEN_ROUTE_14_REPLACES_ACE_TRAINER_KIPP,LAPRAS,88,"Blizzard,Hydro Pump,Sing,Perish Song",Chople Berry,,1001,7,2,Shell Armor,Shell Armor,
TRAINER_BB_SPECIAL_BRYCEN_ROUTE_14_REPLACES_ACE_TRAINER_KIPP,GLALIE,88,"Blizzard,Earthquake,Ice Shard,Stone Edge",Occa Berry,,1001,7,3,Levitate,Ice Body,
TRAINER_BB_SPECIAL_BRYCEN_ROUTE_14_REPLACES_ACE_TRAINER_KIPP,CRYOGONAL,88,"Blizzard,Flash Cannon,Reflect,Sheer Cold",Focus Sash,,1001,7,4,Levitate,Levitate,
TRAINER_BB_SPECIAL_BRYCEN_ROUTE_14_REPLACES_ACE_TRAINER_KIPP,VANILLUXE,90,"Blizzard,Flash Cannon,Water Pulse,Energy Ball",Life Orb,,1001,7,5,Weak Armor,Ice Body,
TRAINER_BB_SPECIAL_BRYCEN_ROUTE_14_REPLACES_ACE_TRAINER_KIPP,BEARTIC,90,"Icicle Crash,Stone Edge,Dive,Close Combat",Life Orb,,1001,7,6,Sheer Force,Snow Cloak,
TRAINER_BB_BIANCA_5_FIRE,PERSIAN,61,"Nasty Plot,Hypnosis,Swift,Fake Out",Chople Berry,,1001,7,1,Technician,Technician,
TRAINER_BB_BIANCA_5_FIRE,MUSHARNA,59,"Hypnosis,Psychic,Energy Ball,Reflect",Kasib Berry,,1001,7,2,Analytic,Synchronize,
TRAINER_BB_BIANCA_5_FIRE,MIENSHAO,61,"High Jump Kick,U Turn,Stone Edge,Poison Jab",Coba Berry,,1001,7,3,Reckless,Regenerator,
TRAINER_BB_BIANCA_5_FIRE,CHANDELURE,63,"Flamethrower,Shadow Ball,Will O Wisp,Psychic",Sitrus Berry,,1001,7,4,Levitate,Flame Body,
TRAINER_BB_BIANCA_5_FIRE,SIMIPOUR,63,"Work Up,Acrobatics,Focus Blast,Water Spout",Flying Gem,,1001,7,5,,,
TRAINER_BB_BIANCA_5_FIRE,SERPERIOR,65,"Leaf Blade,Leech Seed,Glare,Dragon Pulse",Leftovers,,1001,7,6,Contrary,Overgrow,
TRAINER_BB_BIANCA_5_GRASS,PERSIAN,61,"Nasty Plot,Hypnosis,Swift,Fake Out",Chople Berry,,1001,7,1,Technician,Technician,
TRAINER_BB_BIANCA_5_GRASS,MUSHARNA,59,"Hypnosis,Psychic,Energy Ball,Reflect",Kasib Berry,,1001,7,2,Analytic,Synchronize,
TRAINER_BB_BIANCA_5_GRASS,MIENSHAO,61,"High Jump Kick,U Turn,Stone Edge,Poison Jab",Coba Berry,,1001,7,3,Reckless,Regenerator,
TRAINER_BB_BIANCA_5_GRASS,LILLIGANT,63,"Petal Dance,Hidden Power,Sleep Powder,Focus Blast",Sitrus Berry,,1001,7,4,Own Tempo,Own Tempo,
TRAINER_BB_BIANCA_5_GRASS,SIMISEAR,63,"Work Up,Acrobatics,Focus Blast,Fire Blast",Flying Gem,,1001,7,5,,,
TRAINER_BB_BIANCA_5_GRASS,SAMUROTT,65,"Scald,Swords Dance,Megahorn,Sacred Sword",Leftovers,,1001,7,6,Vital Spirit,Torrent,
TRAINER_BB_BIANCA_5_WATER,PERSIAN,61,"Nasty Plot,Hypnosis,Swift,Fake Out",Chople Berry,,1001,7,1,Technician,Technician,
TRAINER_BB_BIANCA_5_WATER,MUSHARNA,59,"Hypnosis,Psychic,Energy Ball,Reflect",Kasib Berry,,1001,7,2,Analytic,Synchronize,
TRAINER_BB_BIANCA_5_WATER,MIENSHAO,61,"High Jump Kick,U Turn,Stone Edge,Poison Jab",Coba Berry,,1001,7,3,Reckless,Regenerator,
TRAINER_BB_BIANCA_5_WATER,MILOTIC,63,"Surf,Ice Beam,Hypnosis,Dragon Tail",Sitrus Berry,,1001,7,4,Multiscale,Marvel Scale,
TRAINER_BB_BIANCA_5_WATER,SIMISAGE,63,"Work Up,Acrobatics,Focus Blast,Power Whip",Flying Gem,,1001,7,5,,,
TRAINER_BB_BIANCA_5_WATER,EMBOAR,65,"Heat Crash,Bulk Up,Wild Charge,Earthquake",Leftovers,,1001,7,6,Adaptability,Blaze,
TRAINER_BB_DRAYDEN_1,DRUDDIGON,64,"Outrage,Revenge,Earthquake,Dragon Tail",Rocky Helmet,,1001,7,1,Rough Skin,Rough Skin,
TRAINER_BB_DRAYDEN_1,CHARIZARD,64,"Belly Drum,Fire Punch,Earthquake,Substitute",Salac Berry,,1001,7,2,Blaze,Blaze,
TRAINER_BB_DRAYDEN_1,FLYGON,64,"Quiver Dance,Dragon Pulse,Earth Power,Fire Blast",Yache Berry,,1001,7,3,Levitate,Levitate,
TRAINER_BB_DRAYDEN_1,SALAMENCE,64,"Outrage,Hydro Pump,Brick Break,Fire Blast",Life Orb,,1001,7,4,Moxie,Intimidate,
TRAINER_BB_DRAYDEN_1,KINGDRA,64,"Draco Meteor,Waterfall,Outrage,Frost Breath",White Herb,,1001,7,5,Sniper,Sniper,
TRAINER_BB_DRAYDEN_1,HAXORUS,66,"Dragon Dance,Outrage,Earthquake,Dragon Tail",Sitrus Berry,,1001,7,6,Mold Breaker,Mold Breaker,
TRAINER_BB_SPECIAL_DRAYDEN_CHALLENGER_S_CAVE_REPLACES_VETERAN_SHAUN,SALAMENCE,93,"Draco Meteor,Earthquake,Dragon Claw,Fly",White Herb,,1001,7,1,Moxie,Intimidate,
TRAINER_BB_SPECIAL_DRAYDEN_CHALLENGER_S_CAVE_REPLACES_VETERAN_SHAUN,CHARIZARD,93,"Sunny Day,Fire Blast,Solar Beam,Dragon Pulse",Life Orb,,1001,7,2,Solar Power,Blaze,
TRAINER_BB_SPECIAL_DRAYDEN_CHALLENGER_S_CAVE_REPLACES_VETERAN_SHAUN,DRUDDIGON,93,"Glare,Dragon Claw,Superpower,Rock Slide",Life Orb,,1001,7,3,Sheer Force,Sheer Force,
TRAINER_BB_SPECIAL_DRAYDEN_CHALLENGER_S_CAVE_REPLACES_VETERAN_SHAUN,HAXORUS,93,"Dragon Claw,Earthquake,Dragon Dance,Outrage",Life Orb,,1001,7,4,Mold Breaker,Mold Breaker,
TRAINER_BB_SPECIAL_DRAYDEN_CHALLENGER_S_CAVE_REPLACES_VETERAN_SHAUN,KINGDRA,93,"Frost Breath,Draco Meteor,Waterfall,Outrage",White Herb,,1001,7,5,Sniper,Sniper,
TRAINER_BB_SPECIAL_DRAYDEN_CHALLENGER_S_CAVE_REPLACES_VETERAN_SHAUN,HYDREIGON,95,"Earth Power,Fire Blast,Dark Pulse,Focus Blast",White Herb,,1001,7,6,Levitate,Levitate,
TRAINER_BB_IRIS_1,DRUDDIGON,63,"Outrage,Revenge,Earthquake,Dragon Tail",Rocky Helmet,,1001,7,1,Rough Skin,Rough Skin,
TRAINER_BB_IRIS_1,GYARADOS,63,"Dragon Dance,Aqua Tail,Ice Fang,Earthquake",Wacan Berry,,1001,7,2,Moxie,Intimidate,
TRAINER_BB_IRIS_1,ALTARIA,63,"Cotton Guard,Dragon Pulse,Ice Beam,Fire Blast",Yache Berry,,1001,7,3,Natural Cure,Natural Cure,
TRAINER_BB_IRIS_1,DRAGONITE,65,"Stone Edge,Dragon Claw,Hurricane,Thunder",Sitrus Berry,,1001,7,4,Multiscale,Inner Focus,
TRAINER_BB_IRIS_1,KINGDRA,65,"Rain Dance,Hydro Pump,Dragon Pulse,Blizzard",Damp Rock,,1001,7,5,Swift Swim,Swift Swim,
TRAINER_BB_IRIS_1,HAXORUS,65,"Dragon Dance,Outrage,Earthquake,Dragon Tail",Dragon Gem,,1001,7,6,Mold Breaker,Mold Breaker,
TRAINER_BB_SPECIAL_IRIS_ROUTE_15_REPLACES_BATTLE_GIRL_SUSIE,KINGDRA,87,"Rain Dance,Hydro Pump,Blizzard,Dragon Pulse",Damp Rock,,1001,7,1,Swift Swim,Swift Swim,
TRAINER_BB_SPECIAL_IRIS_ROUTE_15_REPLACES_BATTLE_GIRL_SUSIE,DRUDDIGON,87,"Outrage,Superpower,Rock Slide,Substitute",Rocky Helmet,,1001,7,2,Rough Skin,Rough Skin,
TRAINER_BB_SPECIAL_IRIS_ROUTE_15_REPLACES_BATTLE_GIRL_SUSIE,ALTARIA,87,"Outrage,Roost,Cotton Guard,Ice Beam",Sitrus Berry,,1001,7,3,Natural Cure,Natural Cure,
TRAINER_BB_SPECIAL_IRIS_ROUTE_15_REPLACES_BATTLE_GIRL_SUSIE,GARCHOMP,89,"Outrage,Earthquake,Stone Edge,Draco Meteor",Yache Berry,,1001,7,4,Rough Skin,Sand Veil,
TRAINER_BB_SPECIAL_IRIS_ROUTE_15_REPLACES_BATTLE_GIRL_SUSIE,DRAGONITE,89,"Outrage,Hurricane,Thunder,Roost",Sitrus Berry,,1001,7,5,Multiscale,Inner Focus,
TRAINER_BB_SPECIAL_IRIS_ROUTE_15_REPLACES_BATTLE_GIRL_SUSIE,HAXORUS,89,"Outrage,Dual Chop,Earthquake,Brick Break",Choice Band,,1001,7,6,Mold Breaker,Mold Breaker,
TRAINER_BB_CHEREN_7_WATER,STARAPTOR,66,"Brave Bird,Close Combat,Double Edge,U Turn",Sharp Beak,,1001,7,1,Reckless,Intimidate,
TRAINER_BB_CHEREN_7_WATER,GIGALITH,66,"Stone Edge,Stealth Rock,Earthquake,Explosion",Hard Stone,,1001,7,2,Sturdy,Sturdy,
TRAINER_BB_CHEREN_7_WATER,ALAKAZAM,66,"Psychic,Shadow Ball,Energy Ball,Aura Sphere",TwistedSpoon,,1001,7,3,Magic Guard,Synchronize,
TRAINER_BB_CHEREN_7_WATER,HOUNDOOM,66,"Flamethrower,Dark Pulse,Nasty Plot,Will O Wisp",Lum Berry,,1001,7,4,Intimidate,Flash Fire,
TRAINER_BB_CHEREN_7_WATER,SIMIPOUR,66,"Work Up,Acrobatics,Focus Blast,Water Spout",Flying Gem,,1001,7,5,Torrent,,
TRAINER_BB_CHEREN_7_WATER,SERPERIOR,68,"Leaf Blade,Leech Seed,Glare,Draco Meteor",Sitrus Berry,,1001,7,6,Contrary,Overgrow,
TRAINER_BB_CHEREN_7_FIRE,STARAPTOR,66,"Brave Bird,Close Combat,Double Edge,U Turn",Sharp Beak,,1001,7,1,Reckless,Intimidate,
TRAINER_BB_CHEREN_7_FIRE,GIGALITH,66,"Stone Edge,Stealth Rock,Earthquake,Explosion",Hard Stone,,1001,7,2,Sturdy,Sturdy,
TRAINER_BB_CHEREN_7_FIRE,ALAKAZAM,66,"Psychic,Shadow Ball,Energy Ball,Aura Sphere",TwistedSpoon,,1001,7,3,Magic Guard,Synchronize,
TRAINER_BB_CHEREN_7_FIRE,WHIMSICOTT,66,"Leech Seed,Hurricane,Substitute,Cotton Guard",Lum Berry,,1001,7,4,Prankster,Prankster,
TRAINER_BB_CHEREN_7_FIRE,SIMISEAR,66,"Work Up,Acrobatics,Focus Blast,Fire Blast",Flying Gem,,1001,7,5,Blaze,,
TRAINER_BB_CHEREN_7_FIRE,SAMUROTT,68,"Hydro Pump,Swords Dance,Megahorn,Secret Sword",Sitrus Berry,,1001,7,6,Vital Spirit,Torrent,
TRAINER_BB_CHEREN_7_GRASS,STARAPTOR,66,"Brave Bird,Close Combat,Double Edge,U Turn",Sharp Beak,,1001,7,1,Reckless,Intimidate,
TRAINER_BB_CHEREN_7_GRASS,GIGALITH,66,"Stone Edge,Stealth Rock,Earthquake,Explosion",Hard Stone,,1001,7,2,Sturdy,Sturdy,
TRAINER_BB_CHEREN_7_GRASS,ALAKAZAM,66,"Psychic,Shadow Ball,Energy Ball,Aura Sphere",TwistedSpoon,,1001,7,3,Magic Guard,Synchronize,
TRAINER_BB_CHEREN_7_GRASS,GYARADOS,66,"Aqua Tail,Bounce,Dragon Dance,Earthquake",Lum Berry,,1001,7,4,Moxie,Intimidate,
TRAINER_BB_CHEREN_7_GRASS,SIMISAGE,66,"Work Up,Acrobatics,Focus Blast,Power Whip",Flying Gem,,1001,7,5,Overgrow,,
TRAINER_BB_CHEREN_7_GRASS,EMBOAR,68,"Flare Blitz,Bulk Up,Wild Charge,Earthquake",Sitrus Berry,,1001,7,6,Adaptability,Blaze,
TRAINER_BB_SHAUNTAL_1,DRIFBLIM,71,"Tailwind,Shadow Ball,Thunderbolt,Hurricane",Flame Orb,,1001,7,1,Flare Boost,Unburden,
TRAINER_BB_SHAUNTAL_1,GOLURK,71,"Earthquake,Shadow Punch,Hammer Arm,Rock Polish",Soft Sand,,1001,7,2,Iron Fist,Iron Fist,
TRAINER_BB_SHAUNTAL_1,MISMAGIUS,71,"Shadow Ball,Nasty Plot,Thunderbolt,Will O Wisp",Spell Tag,,1001,7,3,Levitate,Levitate,
TRAINER_BB_SHAUNTAL_1,FROSLASS,71,"Shadow Ball,Blizzard,Thunderbolt,Will O Wisp",NeverMeltIce,,1001,7,4,Levitate,Snow Cloak,
TRAINER_BB_SHAUNTAL_1,JELLICENT,73,"Shadow Ball,Hydro Pump,Will O Wisp,Recover",Mystic Water,,1001,7,5,Cursed Body,Cursed Body,
TRAINER_BB_SHAUNTAL_1,CHANDELURE,73,"Shadow Ball,Fire Blast,Energy Ball,Psychic",Charcoal,,1001,7,6,Levitate,Flame Body,
TRAINER_BB_SPECIAL_SHAUNTAL_SECOND,COFAGRIGUS,91,"Will O Wisp,Shadow Ball,Psychic,Disable",Eject Button,,1001,7,1,Mummy,Mummy,
TRAINER_BB_SPECIAL_SHAUNTAL_SECOND,GENGAR,91,"Focus Blast,Shadow Ball,Thunder,Sludge Bomb",Focus Sash,,1001,7,2,Levitate,Levitate,
TRAINER_BB_SPECIAL_SHAUNTAL_SECOND,SABLEYE,91,"Recover,Shadow Claw,Foul Play,Will O Wisp",Sitrus Berry,,1001,7,3,Prankster,Stall,
TRAINER_BB_SPECIAL_SHAUNTAL_SECOND,GOLURK,91,"Dynamic Punch,Shadow Punch,Earthquake,Substitute",Expert Belt,,1001,7,4,No Guard,Iron Fist,
TRAINER_BB_SPECIAL_SHAUNTAL_SECOND,JELLICENT,91,"Hydro Pump,Shadow Ball,Recover,Will O Wisp",Leftovers,,1001,7,5,Cursed Body,Cursed Body,
TRAINER_BB_SPECIAL_SHAUNTAL_SECOND,CHANDELURE,93,"Fire Blast,Shadow Ball,Hidden Power,Calm Mind",Life Orb,,1001,7,6,Levitate,Flame Body,
TRAINER_BB_GRIMSLEY_1,SHARPEDO,71,"Protect,Crunch,Aqua Jet,Hydro Pump",Rocky Helmet,,1001,7,1,Speed Boost,Rough Skin,
TRAINER_BB_GRIMSLEY_1,LIEPARD,71,"Thunder Wave,Sucker Punch,Charm,Wild Charge",Liechi Berry,,1001,7,2,Prankster,Unburden,
TRAINER_BB_GRIMSLEY_1,HONCHKROW,71,"Thunder Wave,Brave Bird,Sucker Punch,Heat Wave",Scope Lens,,1001,7,3,Moxie,Super Luck,
TRAINER_BB_GRIMSLEY_1,ABSOL,71,"Megahorn,Night Slash,Psycho Cut,Perish Song",Scope Lens,,1001,7,4,Super Luck,Super Luck,
TRAINER_BB_GRIMSLEY_1,HOUNDOOM,73,"Dark Pulse,Fire Blast,Sucker Punch,Hidden Power",Focus Sash,,1001,7,5,Intimidate,Flash Fire,
TRAINER_BB_GRIMSLEY_1,BISHARP,73,"Sucker Punch,X Scissor,Leaf Blade,Stone Edge",BlackGlasses,,1001,7,6,Defiant,Defiant,
TRAINER_BB_SPECIAL_GRIMSLEY_SECOND,HONCHKROW,91,"Brave Bird,Sucker Punch,Superpower,Heat Wave",Flying Gem,,1001,7,1,Moxie,Super Luck,
TRAINER_BB_SPECIAL_GRIMSLEY_SECOND,SHARPEDO,91,"Protect,Hydro Pump,Crunch,Aqua Jet",Focus Sash,,1001,7,2,Speed Boost,Rough Skin,
TRAINER_BB_SPECIAL_GRIMSLEY_SECOND,WEAVILE,91,"Rock Smash,Ice Shard,Night Slash,X Scissor",Expert Belt,,1001,7,3,Technician,Pressure,
TRAINER_BB_SPECIAL_GRIMSLEY_SECOND,HOUNDOOM,91,"Nasty Plot,Fire Blast,Dark Pulse,Solar Beam",Power Herb,,1001,7,4,Intimidate,Flash Fire,
TRAINER_BB_SPECIAL_GRIMSLEY_SECOND,BISHARP,91,"Sucker Punch,Swords Dance,Thunder Wave,Swagger",Air Balloon,,1001,7,5,Defiant,Defiant,
TRAINER_BB_SPECIAL_GRIMSLEY_SECOND,ZOROARK,93,"Night Daze,Flamethrower,Focus Blast,Grass Knot",Life Orb,,1001,7,6,Illusion,Illusion,
TRAINER_BB_MARSHAL_1,THROH,71,"Superpower,Facade,Fling,Rock Slide",Flame Orb,,1001,7,1,Guts,Guts,
TRAINER_BB_MARSHAL_1,SAWK,71,"Close Combat,Stone Edge,Payback,Return",Salac Berry,,1001,7,2,Sturdy,Sturdy,
TRAINER_BB_MARSHAL_1,BRELOOM,71,"Spore,Bullet Seed,Drain Punch,Mach Punch",Focus Sash,,1001,7,3,Technician,Effect Spore,
TRAINER_BB_MARSHAL_1,POLIWRATH,71,"Waterfall,Brick Break,Icy Wind,Vacuum Wave",Wacan Berry,,1001,7,4,Water Absorb,Water Absorb,
TRAINER_BB_MARSHAL_1,MIENSHAO,73,"Acrobatics,High Jump Kick,U Turn,Stone Edge",Flying Gem,,1001,7,5,Reckless,Regenerator,
TRAINER_BB_MARSHAL_1,CONKELDURR,73,"Mach Punch,Drain Punch,Stone Edge,Rest",Chesto Berry,,1001,7,6,Iron Fist,Sheer Force,
TRAINER_BB_SPECIAL_MARSHAL_SECOND,MIENSHAO,91,"High Jump Kick,Stone Edge,Grass Knot,Hidden Power",Life Orb,,1001,7,1,Reckless,Regenerator,
TRAINER_BB_SPECIAL_MARSHAL_SECOND,BRELOOM,91,"Protect,Leech Seed,Drain Punch,Seed Bomb",Toxic Orb,,1001,7,2,Poison Heal,Poison Heal,
TRAINER_BB_SPECIAL_MARSHAL_SECOND,SCRAFTY,91,"Sucker Punch,High Jump Kick,Light Screen,Head Smash",Sitrus Berry,,1001,7,3,Moxie,Moxie,
TRAINER_BB_SPECIAL_MARSHAL_SECOND,LUCARIO,91,"High Jump Kick,Dragon Pulse,Ice Punch,Bullet Punch",Air Balloon,,1001,7,4,Justified,Steadfast,
TRAINER_BB_SPECIAL_MARSHAL_SECOND,BLAZIKEN,91,"Protect,Blaze Kick,High Jump Kick,Baton Pass",Liechi Berry,,1001,7,5,Speed Boost,Blaze,
TRAINER_BB_SPECIAL_MARSHAL_SECOND,CONKELDURR,93,"Mach Punch,Stone Edge,Payback,Drain Punch",Sitrus Berry,,1001,7,6,Iron Fist,Guts,
TRAINER_BB_CAITLIN_1,MUSHARNA,71,"Trick Room,Psyshock,Reflect,Light Screen",Light Clay,,1001,7,1,Telepathy,Synchronize,
TRAINER_BB_CAITLIN_1,SIGILYPH,71,"Protect,Hurricane,Psychic,Ice Beam",Life Orb,,1001,7,2,Magic Guard,Magic Guard,
TRAINER_BB_CAITLIN_1,BEHEEYEM,71,"Trick Room,Thunderbolt,Psychic,Energy Ball",Wise Glasses,,1001,7,3,Analytic,Telepathy,
TRAINER_BB_CAITLIN_1,BRONZONG,71,"Trick Room,Rest,Earthquake,Gyro Ball",Chesto Berry,,1001,7,4,Levitate,Levitate,
TRAINER_BB_CAITLIN_1,GOTHITELLE,73,"Trick Room,Focus Blast,Psychic,Thunderbolt",Sitrus Berry,,1001,7,5,Magic Bounce,Frisk,
TRAINER_BB_CAITLIN_1,REUNICLUS,73,"Trick Room,Thunder,Psychic,Energy Ball",Life Orb,,1001,7,6,Magic Guard,Magic Guard,
TRAINER_BB_SPECIAL_CAITLIN_SECOND,MUSHARNA,91,"Yawn,Psyshock,Rest,Shadow Ball",Chesto Berry,,1001,7,1,Analytic,Synchronize,
TRAINER_BB_SPECIAL_CAITLIN_SECOND,GARDEVOIR,91,"Psychic,Focus Blast,Will O Wisp,Reflect",Psychic Gem,,1001,7,2,Trace,Trace,
TRAINER_BB_SPECIAL_CAITLIN_SECOND,SIGILYPH,91,"Psychic,Ice Beam,Energy Ball,Hurricane",Life Orb,,1001,7,3,Tinted Lens,Magic Guard,
TRAINER_BB_SPECIAL_CAITLIN_SECOND,GOTHITELLE,91,"Dark Pulse,Psychic,Charm,Thunder Wave",Dark Gem,,1001,7,4,Shadow Tag,Frisk,
TRAINER_BB_SPECIAL_CAITLIN_SECOND,REUNICLUS,91,"Psychic,Focus Blast,Thunder,Recover",Life Orb,,1001,7,5,Magic Guard,Magic Guard,
TRAINER_BB_SPECIAL_CAITLIN_SECOND,METAGROSS,93,"Meteor Mash,Zen Headbutt,Earthquake,Ice Punch",Expert Belt,,1001,7,6,Analytic,Clear Body,
TRAINER_BB_N_5_G17,ZOROARK,73,"Night Daze,Focus Blast,Flamethrower,Grass Knot",Dark Gem,,1001,7,1,Illusion,Illusion,
TRAINER_BB_N_5_G17,MAGMORTAR,73,"Thunderbolt,Focus Blast,Nasty Plot,Magma Storm",Fire Gem,,1001,7,2,Flash Fire,Flame Body,
TRAINER_BB_N_5_G17,SLOWBRO,73,"Surf,Psychic,Flamethrower,Slack Off",Water Gem,,1001,7,3,Regenerator,Own Tempo,
TRAINER_BB_N_5_G17,AERODACTYL,73,"Earthquake,Thunder Fang,Head Smash,Dragon Dance",Rock Gem,,1001,7,4,Rock Head,Rock Head,
TRAINER_BB_N_5_G17,PORYGON-Z,73,"Tri Attack,Ice Beam,Dark Pulse,Thunderbolt",Normal Gem,,1001,7,5,Adaptability,Adaptability,
TRAINER_BB_N_5_G17,ZEKROM,75,"Dragon Claw,Bolt Strike,Light Screen,Hone Claws",Life Orb,,1001,7,6,Teravolt,Teravolt,
TRAINER_BB_N_5_G18,ZOROARK,73,"Night Daze,Focus Blast,Flamethrower,Grass Knot",Dark Gem,,1001,7,1,Illusion,Illusion,
TRAINER_BB_N_5_G18,ELECTIVIRE,73,"Earthquake,Close Combat,Volt Tackle,Ice Punch",Electric Gem,,1001,7,2,Vital Spirit,Motor Drive,
TRAINER_BB_N_5_G18,SLOWKING,73,"Surf,Psychic,Aura Sphere,Slack Off",Water Gem,,1001,7,3,Regenerator,Own Tempo,
TRAINER_BB_N_5_G18,AERODACTYL,73,"Earthquake,Thunder Fang,Head Smash,Dragon Dance",Rock Gem,,1001,7,4,Rock Head,Rock Head,
TRAINER_BB_N_5_G18,PORYGON-Z,73,"Tri Attack,Ice Beam,Dark Pulse,Thunderbolt",Normal Gem,,1001,7,5,Adaptability,Adaptability,
TRAINER_BB_N_5_G18,RESHIRAM,75,"Dragon Pulse,Blue Flare,Reflect,Draco Meteor",White Herb,,1001,7,6,Turboblaze,Turboblaze,
TRAINER_BB_GHETSIS_1,DRAPION,75,"Night Slash,Cross Poison,Storm Throw,Toxic Spikes",Scope Lens,,1001,7,1,Sniper,Sniper,
TRAINER_BB_GHETSIS_1,DUSKNOIR,75,"Payback,Will O Wisp,Pain Split,Earthquake",Sitrus Berry,,1001,7,2,Cursed Body,Pressure,
TRAINER_BB_GHETSIS_1,EELEKTROSS,75,"Acrobatics,Thunder,Flamethrower,Rock Slide",Flying Gem,,1001,7,3,Levitate,Levitate,
TRAINER_BB_GHETSIS_1,GYARADOS,75,"Aqua Tail,Dragon Dance,Thunder Wave,Earthquake",Life Orb,,1001,7,4,Moxie,Intimidate,
TRAINER_BB_GHETSIS_1,GENESECT,75,"Bug Buzz,Ice Beam,Thunderbolt,Rock Polish",Focus Sash,,1001,7,5,Download,Download,
TRAINER_BB_GHETSIS_1,HYDREIGON,77,"Draco Meteor,Fire Blast,Focus Blast,Dark Pulse",White Herb,,1001,7,6,Levitate,Levitate,
TRAINER_BB_SPECIAL_CHEREN_RIVAL_CHEREN_FINAL_WATER,STARAPTOR,88,"Brave Bird,Close Combat,Double Edge,U Turn",Life Orb,,1001,7,1,Reckless,Intimidate,
TRAINER_BB_SPECIAL_CHEREN_RIVAL_CHEREN_FINAL_WATER,GIGALITH,88,"Stone Edge,Stealth Rock,Earthquake,Explosion",Custap Berry,,1001,7,2,Sturdy,Sturdy,
TRAINER_BB_SPECIAL_CHEREN_RIVAL_CHEREN_FINAL_WATER,ALAKAZAM,88,"Psychic,Shadow Ball,Energy Ball,Focus Blast",Life Orb,,1001,7,3,Magic Guard,Synchronize,
TRAINER_BB_SPECIAL_CHEREN_RIVAL_CHEREN_FINAL_WATER,HOUNDOOM,88,"Flamethrower,Dark Pulse,Nasty Plot,Will O Wisp",Leftovers,,1001,7,4,Intimidate,Flash Fire,
TRAINER_BB_SPECIAL_CHEREN_RIVAL_CHEREN_FINAL_WATER,SIMIPOUR,88,"Work Up,Acrobatics,Focus Blast,Water Spout",Flying Gem,,1001,7,5,Torrent,,
TRAINER_BB_SPECIAL_CHEREN_RIVAL_CHEREN_FINAL_WATER,SERPERIOR,90,"Leaf Storm,Leech Seed,Glare,Draco Meteor",Life Orb,,1001,7,6,Contrary,Overgrow,
TRAINER_BB_SPECIAL_CHEREN_RIVAL_CHEREN_FINAL_FIRE,STARAPTOR,88,"Brave Bird,Close Combat,Double Edge,U Turn",Life Orb,,1001,7,1,Reckless,Intimidate,
TRAINER_BB_SPECIAL_CHEREN_RIVAL_CHEREN_FINAL_FIRE,GIGALITH,88,"Stone Edge,Stealth Rock,Earthquake,Explosion",Custap Berry,,1001,7,2,Sturdy,Sturdy,
TRAINER_BB_SPECIAL_CHEREN_RIVAL_CHEREN_FINAL_FIRE,ALAKAZAM,88,"Psychic,Shadow Ball,Energy Ball,Focus Blast",Life Orb,,1001,7,3,Magic Guard,Synchronize,
TRAINER_BB_SPECIAL_CHEREN_RIVAL_CHEREN_FINAL_FIRE,WHIMSICOTT,88,"Leech Seed,Hurricane,Substitute,Cotton Guard",Leftovers,,1001,7,4,Prankster,Prankster,
TRAINER_BB_SPECIAL_CHEREN_RIVAL_CHEREN_FINAL_FIRE,SIMISEAR,88,"Work Up,Acrobatics,Focus Blast,Fire Blast",Flying Gem,,1001,7,5,Blaze,,
TRAINER_BB_SPECIAL_CHEREN_RIVAL_CHEREN_FINAL_FIRE,SAMUROTT,90,"Hydro Pump,Shell Smash,Megahorn,Secret Sword",Life Orb,,1001,7,6,Vital Spirit,Torrent,
TRAINER_BB_SPECIAL_CHEREN_RIVAL_CHEREN_FINAL_GRASS,STARAPTOR,88,"Brave Bird,Close Combat,Double Edge,U Turn",Life Orb,,1001,7,1,Reckless,Intimidate,
TRAINER_BB_SPECIAL_CHEREN_RIVAL_CHEREN_FINAL_GRASS,GIGALITH,88,"Stone Edge,Stealth Rock,Earthquake,Explosion",Custap Berry,,1001,7,2,Sturdy,Sturdy,
TRAINER_BB_SPECIAL_CHEREN_RIVAL_CHEREN_FINAL_GRASS,ALAKAZAM,88,"Psychic,Shadow Ball,Energy Ball,Focus Blast",Life Orb,,1001,7,3,Magic Guard,Synchronize,
TRAINER_BB_SPECIAL_CHEREN_RIVAL_CHEREN_FINAL_GRASS,GYARADOS,88,"Aqua Tail,Bounce,Dragon Dance,Earthquake",Leftovers,,1001,7,4,Moxie,Intimidate,
TRAINER_BB_SPECIAL_CHEREN_RIVAL_CHEREN_FINAL_GRASS,SIMISAGE,88,"Work Up,Acrobatics,Focus Blast,Power Whip",Flying Gem,,1001,7,5,Overgrow,,
TRAINER_BB_SPECIAL_CHEREN_RIVAL_CHEREN_FINAL_GRASS,EMBOAR,90,"Flare Blitz,Bulk Up,Wild Charge,Earthquake",Life Orb,,1001,7,6,Adaptability,Blaze,
TRAINER_BB_SPECIAL_BIANCA_RIVAL_BIANCA_FINAL_FIRE,PERSIAN,88,"Nasty Plot,Hypnosis,Swift,Fake Out",Normal Gem,,1001,7,1,Technician,Technician,
TRAINER_BB_SPECIAL_BIANCA_RIVAL_BIANCA_FINAL_FIRE,MUSHARNA,88,"Hypnosis,Psychic,Energy Ball,Reflect",Psychic Gem,,1001,7,2,Analytic,Synchronize,
TRAINER_BB_SPECIAL_BIANCA_RIVAL_BIANCA_FINAL_FIRE,MIENSHAO,88,"High Jump Kick,U Turn,Stone Edge,Acrobatics",Flying Gem,,1001,7,3,Reckless,Regenerator,
TRAINER_BB_SPECIAL_BIANCA_RIVAL_BIANCA_FINAL_FIRE,CHANDELURE,88,"Flamethrower,Shadow Ball,Will O Wisp,Psychic",Sitrus Berry,,1001,7,4,Levitate,Flame Body,
TRAINER_BB_SPECIAL_BIANCA_RIVAL_BIANCA_FINAL_FIRE,SIMIPOUR,88,"Work Up,Acrobatics,Focus Blast,Water Spout",Flying Gem,,1001,7,5,,,
TRAINER_BB_SPECIAL_BIANCA_RIVAL_BIANCA_FINAL_FIRE,SERPERIOR,90,"Leaf Storm,Leech Seed,Glare,Draco Meteor",Life Orb,,1001,7,6,Contrary,Overgrow,
TRAINER_BB_SPECIAL_BIANCA_RIVAL_BIANCA_FINAL_GRASS,PERSIAN,88,"Nasty Plot,Hypnosis,Swift,Fake Out",Normal Gem,,1001,7,1,Technician,Technician,
TRAINER_BB_SPECIAL_BIANCA_RIVAL_BIANCA_FINAL_GRASS,MUSHARNA,88,"Hypnosis,Psychic,Energy Ball,Reflect",Psychic Gem,,1001,7,2,Analytic,Synchronize,
TRAINER_BB_SPECIAL_BIANCA_RIVAL_BIANCA_FINAL_GRASS,MIENSHAO,88,"High Jump Kick,U Turn,Stone Edge,Acrobatics",Flying Gem,,1001,7,3,Reckless,Regenerator,
TRAINER_BB_SPECIAL_BIANCA_RIVAL_BIANCA_FINAL_GRASS,LILLIGANT,88,"Petal Dance,Focus Blast,Sleep Powder,Psychic",Sitrus Berry,,1001,7,4,Own Tempo,Own Tempo,
TRAINER_BB_SPECIAL_BIANCA_RIVAL_BIANCA_FINAL_GRASS,SIMISEAR,88,"Work Up,Acrobatics,Focus Blast,Fire Blast",Flying Gem,,1001,7,5,,,
TRAINER_BB_SPECIAL_BIANCA_RIVAL_BIANCA_FINAL_GRASS,SAMUROTT,90,"Hydro Pump,Shell Smash,Megahorn,Secret Sword",Life Orb,,1001,7,6,Vital Spirit,Torrent,
TRAINER_BB_SPECIAL_BIANCA_RIVAL_BIANCA_FINAL_WATER,PERSIAN,88,"Nasty Plot,Hypnosis,Swift,Fake Out",Normal Gem,,1001,7,1,Technician,Technician,
TRAINER_BB_SPECIAL_BIANCA_RIVAL_BIANCA_FINAL_WATER,MUSHARNA,88,"Hypnosis,Psychic,Energy Ball,Reflect",Psychic Gem,,1001,7,2,Analytic,Synchronize,
TRAINER_BB_SPECIAL_BIANCA_RIVAL_BIANCA_FINAL_WATER,MIENSHAO,88,"High Jump Kick,U Turn,Stone Edge,Acrobatics",Flying Gem,,1001,7,3,Reckless,Regenerator,
TRAINER_BB_SPECIAL_BIANCA_RIVAL_BIANCA_FINAL_WATER,MILOTIC,88,"Surf,Ice Beam,Hypnosis,Dragon Tail",Sitrus Berry,,1001,7,4,Multiscale,Marvel Scale,
TRAINER_BB_SPECIAL_BIANCA_RIVAL_BIANCA_FINAL_WATER,SIMISAGE,88,"Work Up,Acrobatics,Focus Blast,Power Whip",Flying Gem,,1001,7,5,,,
TRAINER_BB_SPECIAL_BIANCA_RIVAL_BIANCA_FINAL_WATER,EMBOAR,90,"Fire Blast,Bulk Up,Wild Charge,Earthquake",Life Orb,,1001,7,6,Adaptability,Blaze,
TRAINER_BB_CYNTHIA_1,SPIRITOMB,95,"Nasty Plot,Dark Pulse,Will O Wisp,Pain Split",Lax Incense,,1001,7,1,Pressure,Pressure,
TRAINER_BB_CYNTHIA_1,ROSERADE,95,"Sleep Powder,Sludge Bomb,Magical Leaf,Quiver Dance",Rose Incense,,1001,7,2,Technician,Poison Point,
TRAINER_BB_CYNTHIA_1,MILOTIC,95,"Hydro Pump,Blizzard,Recover,Toxic",Sea Incense,,1001,7,3,Multiscale,Marvel Scale,
TRAINER_BB_CYNTHIA_1,TOGEKISS,95,"Thunder Wave,Air Slash,Tri Attack,Aura Sphere",Scope Lens,,1001,7,4,Serene Grace,Serene Grace,
TRAINER_BB_CYNTHIA_1,LUCARIO,95,"Nasty Plot,Aura Sphere,Dragon Pulse,Ice Punch",Life Orb,,1001,7,5,Justified,Steadfast,
TRAINER_BB_CYNTHIA_1,GARCHOMP,100,"Outrage,Earthquake,Stone Edge,Extreme Speed",Life Orb,,1001,7,6,Rough Skin,Sand Veil,
TRAINER_BB_ALDER_1,BOUFFALANT,95,"Head Charge,Earthquake,Payback",Choice Band,,1001,7,1,Reckless,Reckless,
TRAINER_BB_ALDER_1,BRAVIARY,95,"Brave Bird,Rock Slide,Superpower,Extreme Speed",Flying Gem,,1001,7,2,Defiant,Sheer Force,
TRAINER_BB_ALDER_1,ESPEON,95,"Morning Sun,Psyshock,Grass Knot,Aura Sphere",Focus Sash,,1001,7,3,Magic Bounce,Synchronize,
TRAINER_BB_ALDER_1,FLYGON,95,"Draco Meteor,Earthquake,Dragon Claw,Fire Punch",Yache Berry,,1001,7,4,Levitate,Levitate,
TRAINER_BB_ALDER_1,VANILLUXE,95,"Frost Breath,Weather Ball,Ice Shard,Energy Ball",Red Card,,1001,7,5,Weak Armor,Ice Body,
TRAINER_BB_ALDER_1,VOLCARONA,100,"Fiery Dance,Bug Buzz,Quiver Dance,Thunderbolt",Life Orb,,1001,7,6,Drought,Flame Body,
TRAINER_BB_MORIMOTO_1,VICTINI,95,"V Create,Fusion Bolt,Psychic,Grass Knot",White Herb,,1001,7,1,Victory Star,,
TRAINER_BB_MORIMOTO_1,CELEBI,95,"Nasty Plot,Grass Knot,Psyshock,Shadow Ball",Lum Berry,,1001,7,2,Natural Cure,,
TRAINER_BB_MORIMOTO_1,JIRACHI,95,"Thunder Wave,Iron Head,Water Pulse,Thunder",Lum Berry,,1001,7,3,Serene Grace,,
TRAINER_BB_MORIMOTO_1,MANAPHY,95,"Rain Dance,Rest,Hydro Pump,Tail Glow",Damp Rock,,1001,7,4,Hydration,,
TRAINER_BB_MORIMOTO_1,SHAYMIN,95,"Seed Flare,Air Slash,Psychic,Earth Power",Lum Berry,,1001,7,5,Natural Cure,,
TRAINER_BB_MORIMOTO_1,MEW,100,"Psychic,Fire Blast,Earth Power,Dragon Pulse",Expert Belt,,1001,7,6,Synchronize,,
