encounter_name,species_name,lvl,moves,held_item,iv,version_group_id,load_build,slot
TRAINER_FALKNER_FALKNER1,PIDGEY,7,"TACKLE,MUD_SLAP",,0,3,4,1
TRAINER_FALKNER_FALKNER1,PIDGEOTTO,9,"TACKLE,MUD_SLAP,GUST",,0,3,4,2
TRAINER_WHITNEY_WHITNEY1,CLEFAIRY,18,"DOUBLESLAP,MIMIC,ENCORE,METRONOME",,0,3,4,1
TRAINER_WHITNEY_WHITNEY1,MILTANK,20,"ROLLOUT,ATTRACT,STOMP,MILK_DRINK",,0,3,4,2
TRAINER_BUGSY_BUGSY1,METAPOD,14,"TACKLE,STRING_SHOT,HARDEN",,0,3,4,1
TRAINER_BUGSY_BUGSY1,KAKUNA,14,"POISON_STING,STRING_SHOT,HARDEN",,0,3,4,2
TRAINER_BUGSY_BUGSY1,SCYTHER,16,"QUICK_ATTACK,LEER,FURY_CUTTER",,0,3,4,3
TRAINER_MORTY_MORTY1,GASTLY,21,"LICK,SPITE,MEAN_LOOK,CURSE",,0,3,4,1
TRAINER_MORTY_MORTY1,HAUNTER,21,"HYPNOSIS,MIMIC,CURSE,NIGHT_SHADE",,0,3,4,2
TRAINER_MORTY_MORTY1,GENGAR,25,"HYPNOSIS,SHADOW_BALL,MEAN_LOOK,DREAM_EATER",,0,3,4,3
TRAINER_MORTY_MORTY1,HAUNTER,23,"SPITE,MEAN_LOOK,MIMIC,NIGHT_SHADE",,0,3,4,4
TRAINER_PRYCE_PRYCE1,SEEL,27,"HEADBUTT,ICY_WIND,AURORA_BEAM,REST",,0,3,4,1
TRAINER_PRYCE_PRYCE1,DEWGONG,29,"HEADBUTT,ICY_WIND,AURORA_BEAM,REST",,0,3,4,2
TRAINER_PRYCE_PRYCE1,PILOSWINE,31,"ICY_WIND,FURY_ATTACK,MIST,BLIZZARD",,0,3,4,3
TRAINER_JASMINE_JASMINE1,MAGNEMITE,30,"THUNDERBOLT,SUPERSONIC,SONICBOOM,THUNDER_WAVE",,0,3,4,1
TRAINER_JASMINE_JASMINE1,MAGNEMITE,30,"THUNDERBOLT,SUPERSONIC,SONICBOOM,THUNDER_WAVE",,0,3,4,2
TRAINER_JASMINE_JASMINE1,STEELIX,35,"SCREECH,SUNNY_DAY,ROCK_THROW,IRON_TAIL",,0,3,4,3
TRAINER_CHUCK_CHUCK1,PRIMEAPE,27,"LEER,RAGE,KARATE_CHOP,FURY_SWIPES",,0,3,4,1
TRAINER_CHUCK_CHUCK1,POLIWRATH,30,"HYPNOSIS,MIND_READER,SURF,DYNAMICPUNCH",,0,3,4,2
TRAINER_CLAIR_CLAIR1,DRAGONAIR,37,"THUNDER_WAVE,SURF,SLAM,DRAGONBREATH",,0,3,4,1
TRAINER_CLAIR_CLAIR1,DRAGONAIR,37,"THUNDER_WAVE,THUNDERBOLT,SLAM,DRAGONBREATH",,0,3,4,2
TRAINER_CLAIR_CLAIR1,DRAGONAIR,37,"THUNDER_WAVE,ICE_BEAM,SLAM,DRAGONBREATH",,0,3,4,3
TRAINER_CLAIR_CLAIR1,KINGDRA,40,"SMOKESCREEN,SURF,HYPER_BEAM,DRAGONBREATH",,0,3,4,4
TRAINER_RIVAL1_RIVAL1_1_CHIKORITA,CHIKORITA,5,,,0,3,4,1
TRAINER_RIVAL1_RIVAL1_1_CYNDAQUIL,CYNDAQUIL,5,,,0,3,4,1
TRAINER_RIVAL1_RIVAL1_1_TOTODILE,TOTODILE,5,,,0,3,4,1
TRAINER_RIVAL1_RIVAL1_2_CHIKORITA,GASTLY,12,,,0,3,4,1
TRAINER_RIVAL1_RIVAL1_2_CHIKORITA,ZUBAT,14,,,0,3,4,2
TRAINER_RIVAL1_RIVAL1_2_CHIKORITA,BAYLEEF,16,,,0,3,4,3
TRAINER_RIVAL1_RIVAL1_2_CYNDAQUIL,GASTLY,12,,,0,3,4,1
TRAINER_RIVAL1_RIVAL1_2_CYNDAQUIL,ZUBAT,14,,,0,3,4,2
TRAINER_RIVAL1_RIVAL1_2_CYNDAQUIL,QUILAVA,16,,,0,3,4,3
TRAINER_RIVAL1_RIVAL1_2_TOTODILE,GASTLY,12,,,0,3,4,1
TRAINER_RIVAL1_RIVAL1_2_TOTODILE,ZUBAT,14,,,0,3,4,2
TRAINER_RIVAL1_RIVAL1_2_TOTODILE,CROCONAW,16,,,0,3,4,3
TRAINER_RIVAL1_RIVAL1_3_CHIKORITA,HAUNTER,20,"LICK,SPITE,MEAN_LOOK,CURSE",,0,3,4,1
TRAINER_RIVAL1_RIVAL1_3_CHIKORITA,MAGNEMITE,18,"TACKLE,THUNDERSHOCK,SUPERSONIC,SONICBOOM",,0,3,4,2
TRAINER_RIVAL1_RIVAL1_3_CHIKORITA,ZUBAT,20,"LEECH_LIFE,SUPERSONIC,BITE,CONFUSE_RAY",,0,3,4,3
TRAINER_RIVAL1_RIVAL1_3_CHIKORITA,BAYLEEF,22,"GROWL,REFLECT,RAZOR_LEAF,POISONPOWDER",,0,3,4,4
TRAINER_RIVAL1_RIVAL1_3_CYNDAQUIL,HAUNTER,20,"LICK,SPITE,MEAN_LOOK,CURSE",,0,3,4,1
TRAINER_RIVAL1_RIVAL1_3_CYNDAQUIL,MAGNEMITE,18,"TACKLE,THUNDERSHOCK,SUPERSONIC,SONICBOOM",,0,3,4,2
TRAINER_RIVAL1_RIVAL1_3_CYNDAQUIL,ZUBAT,20,"LEECH_LIFE,SUPERSONIC,BITE,CONFUSE_RAY",,0,3,4,3
TRAINER_RIVAL1_RIVAL1_3_CYNDAQUIL,QUILAVA,22,"LEER,SMOKESCREEN,EMBER,QUICK_ATTACK",,0,3,4,4
TRAINER_RIVAL1_RIVAL1_3_TOTODILE,HAUNTER,20,"LICK,SPITE,MEAN_LOOK,CURSE",,0,3,4,1
TRAINER_RIVAL1_RIVAL1_3_TOTODILE,MAGNEMITE,18,"TACKLE,THUNDERSHOCK,SUPERSONIC,SONICBOOM",,0,3,4,2
TRAINER_RIVAL1_RIVAL1_3_TOTODILE,ZUBAT,20,"LEECH_LIFE,SUPERSONIC,BITE,CONFUSE_RAY",,0,3,4,3
TRAINER_RIVAL1_RIVAL1_3_TOTODILE,CROCONAW,22,"LEER,RAGE,WATER_GUN,BITE",,0,3,4,4
TRAINER_RIVAL1_RIVAL1_4_CHIKORITA,GOLBAT,30,"LEECH_LIFE,BITE,CONFUSE_RAY,WING_ATTACK",,0,3,4,1
TRAINER_RIVAL1_RIVAL1_4_CHIKORITA,MAGNEMITE,28,"TACKLE,THUNDERSHOCK,SONICBOOM,THUNDER_WAVE",,0,3,4,2
TRAINER_RIVAL1_RIVAL1_4_CHIKORITA,HAUNTER,30,"LICK,MEAN_LOOK,CURSE,SHADOW_BALL",,0,3,4,3
TRAINER_RIVAL1_RIVAL1_4_CHIKORITA,SNEASEL,32,"LEER,QUICK_ATTACK,SCREECH,FAINT_ATTACK",,0,3,4,4
TRAINER_RIVAL1_RIVAL1_4_CHIKORITA,MEGANIUM,32,"REFLECT,RAZOR_LEAF,POISONPOWDER,BODY_SLAM",,0,3,4,5
TRAINER_RIVAL1_RIVAL1_4_CYNDAQUIL,GOLBAT,30,"LEECH_LIFE,BITE,CONFUSE_RAY,WING_ATTACK",,0,3,4,1
TRAINER_RIVAL1_RIVAL1_4_CYNDAQUIL,MAGNEMITE,28,"TACKLE,THUNDERSHOCK,SONICBOOM,THUNDER_WAVE",,0,3,4,2
TRAINER_RIVAL1_RIVAL1_4_CYNDAQUIL,HAUNTER,30,"LICK,MEAN_LOOK,CURSE,SHADOW_BALL",,0,3,4,3
TRAINER_RIVAL1_RIVAL1_4_CYNDAQUIL,SNEASEL,32,"LEER,QUICK_ATTACK,SCREECH,FAINT_ATTACK",,0,3,4,4
TRAINER_RIVAL1_RIVAL1_4_CYNDAQUIL,QUILAVA,32,"SMOKESCREEN,EMBER,QUICK_ATTACK,FLAME_WHEEL",,0,3,4,5
TRAINER_RIVAL1_RIVAL1_4_TOTODILE,GOLBAT,30,"LEECH_LIFE,BITE,CONFUSE_RAY,WING_ATTACK",,0,3,4,1
TRAINER_RIVAL1_RIVAL1_4_TOTODILE,MAGNEMITE,28,"TACKLE,THUNDERSHOCK,SONICBOOM,THUNDER_WAVE",,0,3,4,2
TRAINER_RIVAL1_RIVAL1_4_TOTODILE,HAUNTER,30,"LICK,MEAN_LOOK,CURSE,SHADOW_BALL",,0,3,4,3
TRAINER_RIVAL1_RIVAL1_4_TOTODILE,SNEASEL,32,"LEER,QUICK_ATTACK,SCREECH,FAINT_ATTACK",,0,3,4,4
TRAINER_RIVAL1_RIVAL1_4_TOTODILE,FERALIGATR,32,"RAGE,WATER_GUN,BITE,SCARY_FACE",,0,3,4,5
TRAINER_RIVAL1_RIVAL1_5_CHIKORITA,SNEASEL,34,"QUICK_ATTACK,SCREECH,FAINT_ATTACK,FURY_CUTTER",,0,3,4,1
TRAINER_RIVAL1_RIVAL1_5_CHIKORITA,GOLBAT,36,"LEECH_LIFE,BITE,CONFUSE_RAY,WING_ATTACK",,0,3,4,2
TRAINER_RIVAL1_RIVAL1_5_CHIKORITA,MAGNETON,35,"THUNDERSHOCK,SONICBOOM,THUNDER_WAVE,SWIFT",,0,3,4,3
TRAINER_RIVAL1_RIVAL1_5_CHIKORITA,HAUNTER,35,"MEAN_LOOK,CURSE,SHADOW_BALL,CONFUSE_RAY",,0,3,4,4
TRAINER_RIVAL1_RIVAL1_5_CHIKORITA,KADABRA,35,"DISABLE,PSYBEAM,RECOVER,FUTURE_SIGHT",,0,3,4,5
TRAINER_RIVAL1_RIVAL1_5_CHIKORITA,MEGANIUM,38,"REFLECT,RAZOR_LEAF,POISONPOWDER,BODY_SLAM",,0,3,4,6
TRAINER_RIVAL1_RIVAL1_5_CYNDAQUIL,SNEASEL,34,"QUICK_ATTACK,SCREECH,FAINT_ATTACK,FURY_CUTTER",,0,3,4,1
TRAINER_RIVAL1_RIVAL1_5_CYNDAQUIL,GOLBAT,36,"LEECH_LIFE,BITE,CONFUSE_RAY,WING_ATTACK",,0,3,4,2
TRAINER_RIVAL1_RIVAL1_5_CYNDAQUIL,MAGNETON,35,"THUNDERSHOCK,SONICBOOM,THUNDER_WAVE,SWIFT",,0,3,4,3
TRAINER_RIVAL1_RIVAL1_5_CYNDAQUIL,HAUNTER,35,"MEAN_LOOK,CURSE,SHADOW_BALL,CONFUSE_RAY",,0,3,4,4
TRAINER_RIVAL1_RIVAL1_5_CYNDAQUIL,KADABRA,35,"DISABLE,PSYBEAM,RECOVER,FUTURE_SIGHT",,0,3,4,5
TRAINER_RIVAL1_RIVAL1_5_CYNDAQUIL,TYPHLOSION,38,"SMOKESCREEN,EMBER,QUICK_ATTACK,FLAME_WHEEL",,0,3,4,6
TRAINER_RIVAL1_RIVAL1_5_TOTODILE,SNEASEL,34,"QUICK_ATTACK,SCREECH,FAINT_ATTACK,FURY_CUTTER",,0,3,4,1
TRAINER_RIVAL1_RIVAL1_5_TOTODILE,GOLBAT,36,"LEECH_LIFE,BITE,CONFUSE_RAY,WING_ATTACK",,0,3,4,2
TRAINER_RIVAL1_RIVAL1_5_TOTODILE,MAGNETON,34,"THUNDERSHOCK,SONICBOOM,THUNDER_WAVE,SWIFT",,0,3,4,3
TRAINER_RIVAL1_RIVAL1_5_TOTODILE,HAUNTER,35,"MEAN_LOOK,CURSE,SHADOW_BALL,CONFUSE_RAY",,0,3,4,4
TRAINER_RIVAL1_RIVAL1_5_TOTODILE,KADABRA,35,"DISABLE,PSYBEAM,RECOVER,FUTURE_SIGHT",,0,3,4,5
TRAINER_RIVAL1_RIVAL1_5_TOTODILE,FERALIGATR,38,"RAGE,WATER_GUN,SCARY_FACE,SLASH",,0,3,4,6
TRAINER_WILL_WILL1,XATU,40,"QUICK_ATTACK,FUTURE_SIGHT,CONFUSE_RAY,PSYCHIC_M",,0,3,4,1
TRAINER_WILL_WILL1,JYNX,41,"DOUBLESLAP,LOVELY_KISS,ICE_PUNCH,PSYCHIC_M",,0,3,4,2
TRAINER_WILL_WILL1,EXEGGUTOR,41,"REFLECT,LEECH_SEED,EGG_BOMB,PSYCHIC_M",,0,3,4,3
TRAINER_WILL_WILL1,SLOWBRO,41,"CURSE,AMNESIA,BODY_SLAM,PSYCHIC_M",,0,3,4,4
TRAINER_WILL_WILL1,XATU,42,"QUICK_ATTACK,FUTURE_SIGHT,CONFUSE_RAY,PSYCHIC_M",,0,3,4,5
TRAINER_CAL_CAL1,CHIKORITA,10,,,0,3,4,1
TRAINER_CAL_CAL1,CYNDAQUIL,10,,,0,3,4,2
TRAINER_CAL_CAL1,TOTODILE,10,,,0,3,4,3
TRAINER_CAL_CAL2,BAYLEEF,30,,,0,3,4,1
TRAINER_CAL_CAL2,QUILAVA,30,,,0,3,4,2
TRAINER_CAL_CAL2,CROCONAW,30,,,0,3,4,3
TRAINER_CAL_CAL3,MEGANIUM,50,,,0,3,4,1
TRAINER_CAL_CAL3,TYPHLOSION,50,,,0,3,4,2
TRAINER_CAL_CAL3,FERALIGATR,50,,,0,3,4,3
TRAINER_BRUNO_BRUNO1,HITMONTOP,42,"PURSUIT,QUICK_ATTACK,DIG,DETECT",,0,3,4,1
TRAINER_BRUNO_BRUNO1,HITMONLEE,42,"SWAGGER,DOUBLE_KICK,HI_JUMP_KICK,FORESIGHT",,0,3,4,2
TRAINER_BRUNO_BRUNO1,HITMONCHAN,42,"THUNDERPUNCH,ICE_PUNCH,FIRE_PUNCH,MACH_PUNCH",,0,3,4,3
TRAINER_BRUNO_BRUNO1,ONIX,43,"BIND,EARTHQUAKE,SANDSTORM,ROCK_SLIDE",,0,3,4,4
TRAINER_BRUNO_BRUNO1,MACHAMP,46,"ROCK_SLIDE,FORESIGHT,VITAL_THROW,CROSS_CHOP",,0,3,4,5
TRAINER_KAREN_KAREN1,UMBREON,42,"SAND_ATTACK,CONFUSE_RAY,FAINT_ATTACK,MEAN_LOOK",,0,3,4,1
TRAINER_KAREN_KAREN1,VILEPLUME,42,"STUN_SPORE,ACID,MOONLIGHT,PETAL_DANCE",,0,3,4,2
TRAINER_KAREN_KAREN1,GENGAR,45,"LICK,SPITE,CURSE,DESTINY_BOND",,0,3,4,3
TRAINER_KAREN_KAREN1,MURKROW,44,"QUICK_ATTACK,WHIRLWIND,PURSUIT,FAINT_ATTACK",,0,3,4,4
TRAINER_KAREN_KAREN1,HOUNDOOM,47,"ROAR,PURSUIT,FLAMETHROWER,CRUNCH",,0,3,4,5
TRAINER_KOGA_KOGA1,ARIADOS,40,"DOUBLE_TEAM,SPIDER_WEB,BATON_PASS,GIGA_DRAIN",,0,3,4,1
TRAINER_KOGA_KOGA1,VENOMOTH,41,"SUPERSONIC,GUST,PSYCHIC_M,TOXIC",,0,3,4,2
TRAINER_KOGA_KOGA1,FORRETRESS,43,"PROTECT,SWIFT,EXPLOSION,SPIKES",,0,3,4,3
TRAINER_KOGA_KOGA1,MUK,42,"MINIMIZE,ACID_ARMOR,SLUDGE_BOMB,TOXIC",,0,3,4,4
TRAINER_KOGA_KOGA1,CROBAT,44,"DOUBLE_TEAM,QUICK_ATTACK,WING_ATTACK,TOXIC",,0,3,4,5
TRAINER_CHAMPION_LANCE,GYARADOS,44,"FLAIL,RAIN_DANCE,SURF,HYPER_BEAM",,0,3,4,1
TRAINER_CHAMPION_LANCE,DRAGONITE,47,"THUNDER_WAVE,TWISTER,THUNDER,HYPER_BEAM",,0,3,4,2
TRAINER_CHAMPION_LANCE,DRAGONITE,47,"THUNDER_WAVE,TWISTER,BLIZZARD,HYPER_BEAM",,0,3,4,3
TRAINER_CHAMPION_LANCE,AERODACTYL,46,"WING_ATTACK,ANCIENTPOWER,ROCK_SLIDE,HYPER_BEAM",,0,3,4,4
TRAINER_CHAMPION_LANCE,CHARIZARD,46,"FLAMETHROWER,WING_ATTACK,SLASH,HYPER_BEAM",,0,3,4,5
TRAINER_CHAMPION_LANCE,DRAGONITE,50,"FIRE_BLAST,SAFEGUARD,OUTRAGE,HYPER_BEAM",,0,3,4,6
TRAINER_BROCK_BROCK1,GRAVELER,41,"DEFENSE_CURL,ROCK_SLIDE,ROLLOUT,EARTHQUAKE",,0,3,4,1
TRAINER_BROCK_BROCK1,RHYHORN,41,"FURY_ATTACK,SCARY_FACE,EARTHQUAKE,HORN_DRILL",,0,3,4,2
TRAINER_BROCK_BROCK1,OMASTAR,42,"BITE,SURF,PROTECT,SPIKE_CANNON",,0,3,4,3
TRAINER_BROCK_BROCK1,ONIX,44,"BIND,ROCK_SLIDE,BIDE,SANDSTORM",,0,3,4,4
TRAINER_BROCK_BROCK1,KABUTOPS,42,"SLASH,SURF,ENDURE,GIGA_DRAIN",,0,3,4,5
TRAINER_MISTY_MISTY1,GOLDUCK,42,"SURF,DISABLE,PSYCH_UP,PSYCHIC_M",,0,3,4,1
TRAINER_MISTY_MISTY1,QUAGSIRE,42,"SURF,AMNESIA,EARTHQUAKE,RAIN_DANCE",,0,3,4,2
TRAINER_MISTY_MISTY1,LAPRAS,44,"SURF,PERISH_SONG,BLIZZARD,RAIN_DANCE",,0,3,4,3
TRAINER_MISTY_MISTY1,STARMIE,47,"SURF,CONFUSE_RAY,RECOVER,ICE_BEAM",,0,3,4,4
TRAINER_LT_SURGE_LT_SURGE1,RAICHU,44,"THUNDER_WAVE,QUICK_ATTACK,THUNDERBOLT,THUNDER",,0,3,4,1
TRAINER_LT_SURGE_LT_SURGE1,ELECTRODE,40,"SCREECH,DOUBLE_TEAM,SWIFT,EXPLOSION",,0,3,4,2
TRAINER_LT_SURGE_LT_SURGE1,MAGNETON,40,"LOCK_ON,DOUBLE_TEAM,SWIFT,ZAP_CANNON",,0,3,4,3
TRAINER_LT_SURGE_LT_SURGE1,ELECTRODE,40,"SCREECH,DOUBLE_TEAM,SWIFT,EXPLOSION",,0,3,4,4
TRAINER_LT_SURGE_LT_SURGE1,ELECTABUZZ,46,"QUICK_ATTACK,THUNDERPUNCH,LIGHT_SCREEN,THUNDER",,0,3,4,5
TRAINER_SCIENTIST_ROSS,KOFFING,22,,,0,3,4,1
TRAINER_SCIENTIST_ROSS,KOFFING,22,,,0,3,4,2
TRAINER_SCIENTIST_MITCH,DITTO,24,,,0,3,4,1
TRAINER_SCIENTIST_JED,MAGNEMITE,20,,,0,3,4,1
TRAINER_SCIENTIST_JED,MAGNEMITE,20,,,0,3,4,2
TRAINER_SCIENTIST_JED,MAGNEMITE,20,,,0,3,4,3
TRAINER_SCIENTIST_MARC,MAGNEMITE,27,,,0,3,4,1
TRAINER_SCIENTIST_MARC,MAGNEMITE,27,,,0,3,4,2
TRAINER_SCIENTIST_MARC,MAGNEMITE,27,,,0,3,4,3
TRAINER_SCIENTIST_RICH,PORYGON,30,"CONVERSION,CONVERSION2,RECOVER,TRI_ATTACK",,0,3,4,1
TRAINER_ERIKA_ERIKA1,TANGELA,42,"VINE_WHIP,BIND,GIGA_DRAIN,SLEEP_POWDER",,0,3,4,1
TRAINER_ERIKA_ERIKA1,JUMPLUFF,41,"MEGA_DRAIN,LEECH_SEED,COTTON_SPORE,GIGA_DRAIN",,0,3,4,2
TRAINER_ERIKA_ERIKA1,VICTREEBEL,46,"SUNNY_DAY,SYNTHESIS,ACID,RAZOR_LEAF",,0,3,4,3
TRAINER_ERIKA_ERIKA1,BELLOSSOM,46,"SUNNY_DAY,SYNTHESIS,PETAL_DANCE,SOLARBEAM",,0,3,4,4
TRAINER_YOUNGSTER_JOEY1,RATTATA,4,,,0,3,4,1
TRAINER_YOUNGSTER_MIKEY,PIDGEY,2,,,0,3,4,1
TRAINER_YOUNGSTER_MIKEY,RATTATA,4,,,0,3,4,2
TRAINER_YOUNGSTER_ALBERT,RATTATA,6,,,0,3,4,1
TRAINER_YOUNGSTER_ALBERT,ZUBAT,8,,,0,3,4,2
TRAINER_YOUNGSTER_GORDON,WOOPER,10,,,0,3,4,1
TRAINER_YOUNGSTER_SAMUEL,RATTATA,7,,,0,3,4,1
TRAINER_YOUNGSTER_SAMUEL,SANDSHREW,10,,,0,3,4,2
TRAINER_YOUNGSTER_SAMUEL,SPEAROW,8,,,0,3,4,3
TRAINER_YOUNGSTER_SAMUEL,SPEAROW,8,,,0,3,4,4
TRAINER_YOUNGSTER_IAN,MANKEY,10,,,0,3,4,1
TRAINER_YOUNGSTER_IAN,DIGLETT,12,,,0,3,4,2
TRAINER_YOUNGSTER_JOEY2,RATTATA,15,,,0,3,4,1
TRAINER_YOUNGSTER_JOEY3,RATICATE,21,"TAIL_WHIP,QUICK_ATTACK,HYPER_FANG,SCARY_FACE",,0,3,4,1
TRAINER_YOUNGSTER_WARREN,FEAROW,35,,,0,3,4,1
TRAINER_YOUNGSTER_JIMMY,RATICATE,33,,,0,3,4,1
TRAINER_YOUNGSTER_JIMMY,ARBOK,33,,,0,3,4,2
TRAINER_YOUNGSTER_OWEN,GROWLITHE,35,,,0,3,4,1
TRAINER_YOUNGSTER_JASON,SANDSLASH,33,,,0,3,4,1
TRAINER_YOUNGSTER_JASON,CROBAT,33,,,0,3,4,2
TRAINER_SCHOOLBOY_JACK1,ODDISH,12,,,0,3,4,1
TRAINER_SCHOOLBOY_JACK1,VOLTORB,15,,,0,3,4,2
TRAINER_SCHOOLBOY_KIPP,VOLTORB,27,,,0,3,4,1
TRAINER_SCHOOLBOY_KIPP,MAGNEMITE,27,,,0,3,4,2
TRAINER_SCHOOLBOY_KIPP,VOLTORB,31,,,0,3,4,3
TRAINER_SCHOOLBOY_KIPP,MAGNETON,31,,,0,3,4,4
TRAINER_SCHOOLBOY_ALAN1,TANGELA,16,,,0,3,4,1
TRAINER_SCHOOLBOY_JOHNNY,BELLSPROUT,29,,,0,3,4,1
TRAINER_SCHOOLBOY_JOHNNY,WEEPINBELL,31,,,0,3,4,2
TRAINER_SCHOOLBOY_JOHNNY,VICTREEBEL,33,,,0,3,4,3
TRAINER_SCHOOLBOY_DANNY,JYNX,31,,,0,3,4,1
TRAINER_SCHOOLBOY_DANNY,ELECTABUZZ,31,,,0,3,4,2
TRAINER_SCHOOLBOY_DANNY,MAGMAR,31,,,0,3,4,3
TRAINER_SCHOOLBOY_TOMMY,XATU,32,,,0,3,4,1
TRAINER_SCHOOLBOY_TOMMY,ALAKAZAM,34,,,0,3,4,2
TRAINER_SCHOOLBOY_DUDLEY,ODDISH,35,,,0,3,4,1
TRAINER_SCHOOLBOY_JOE,TANGELA,33,,,0,3,4,1
TRAINER_SCHOOLBOY_JOE,VAPOREON,33,,,0,3,4,2
TRAINER_SCHOOLBOY_BILLY,PARAS,27,,,0,3,4,1
TRAINER_SCHOOLBOY_BILLY,PARAS,27,,,0,3,4,2
TRAINER_SCHOOLBOY_BILLY,POLIWHIRL,27,,,0,3,4,3
TRAINER_SCHOOLBOY_BILLY,DITTO,35,,,0,3,4,4
TRAINER_SCHOOLBOY_CHAD1,MR__MIME,19,,,0,3,4,1
TRAINER_SCHOOLBOY_NATE,LEDIAN,32,,,0,3,4,1
TRAINER_SCHOOLBOY_NATE,EXEGGUTOR,32,,,0,3,4,2
TRAINER_SCHOOLBOY_RICKY,AIPOM,32,,,0,3,4,1
TRAINER_SCHOOLBOY_RICKY,DITTO,32,,,0,3,4,2
TRAINER_SCHOOLBOY_JACK2,ODDISH,14,,,0,3,4,1
TRAINER_SCHOOLBOY_JACK2,VOLTORB,17,,,0,3,4,2
TRAINER_SCHOOLBOY_JACK3,GLOOM,28,,,0,3,4,1
TRAINER_SCHOOLBOY_JACK3,ELECTRODE,31,,,0,3,4,2
TRAINER_SCHOOLBOY_ALAN2,TANGELA,17,,,0,3,4,1
TRAINER_SCHOOLBOY_ALAN2,YANMA,17,,,0,3,4,2
TRAINER_SCHOOLBOY_ALAN3,NATU,20,,,0,3,4,1
TRAINER_SCHOOLBOY_ALAN3,TANGELA,22,,,0,3,4,2
TRAINER_SCHOOLBOY_ALAN3,QUAGSIRE,20,,,0,3,4,3
TRAINER_SCHOOLBOY_ALAN3,YANMA,25,,,0,3,4,4
TRAINER_SCHOOLBOY_CHAD2,MR__MIME,19,,,0,3,4,1
TRAINER_SCHOOLBOY_CHAD2,MAGNEMITE,19,,,0,3,4,2
TRAINER_SCHOOLBOY_CHAD3,MR__MIME,27,,,0,3,4,1
TRAINER_SCHOOLBOY_CHAD3,MAGNETON,31,,,0,3,4,2
TRAINER_BIRD_KEEPER_ROD,PIDGEY,7,,,0,3,4,1
TRAINER_BIRD_KEEPER_ROD,PIDGEY,7,,,0,3,4,2
TRAINER_BIRD_KEEPER_ABE,SPEAROW,9,,,0,3,4,1
TRAINER_BIRD_KEEPER_BRYAN,PIDGEY,12,,,0,3,4,1
TRAINER_BIRD_KEEPER_BRYAN,PIDGEOTTO,14,,,0,3,4,2
TRAINER_BIRD_KEEPER_THEO,PIDGEY,17,,,0,3,4,1
TRAINER_BIRD_KEEPER_THEO,PIDGEY,15,,,0,3,4,2
TRAINER_BIRD_KEEPER_THEO,PIDGEY,19,,,0,3,4,3
TRAINER_BIRD_KEEPER_THEO,PIDGEY,15,,,0,3,4,4
TRAINER_BIRD_KEEPER_THEO,PIDGEY,15,,,0,3,4,5
TRAINER_BIRD_KEEPER_TOBY,DODUO,15,,,0,3,4,1
TRAINER_BIRD_KEEPER_TOBY,DODUO,16,,,0,3,4,2
TRAINER_BIRD_KEEPER_TOBY,DODUO,17,,,0,3,4,3
TRAINER_BIRD_KEEPER_DENIS,SPEAROW,18,,,0,3,4,1
TRAINER_BIRD_KEEPER_DENIS,FEAROW,20,,,0,3,4,2
TRAINER_BIRD_KEEPER_DENIS,SPEAROW,18,,,0,3,4,3
TRAINER_BIRD_KEEPER_VANCE1,PIDGEOTTO,25,,,0,3,4,1
TRAINER_BIRD_KEEPER_VANCE1,PIDGEOTTO,25,,,0,3,4,2
TRAINER_BIRD_KEEPER_HANK,PIDGEY,12,,,0,3,4,1
TRAINER_BIRD_KEEPER_HANK,PIDGEOT,34,,,0,3,4,2
TRAINER_BIRD_KEEPER_ROY,FEAROW,29,,,0,3,4,1
TRAINER_BIRD_KEEPER_ROY,FEAROW,35,,,0,3,4,2
TRAINER_BIRD_KEEPER_BORIS,DODUO,30,,,0,3,4,1
TRAINER_BIRD_KEEPER_BORIS,DODUO,28,,,0,3,4,2
TRAINER_BIRD_KEEPER_BORIS,DODRIO,32,,,0,3,4,3
TRAINER_BIRD_KEEPER_BOB,NOCTOWL,34,,,0,3,4,1
TRAINER_BIRD_KEEPER_JOSE1,FARFETCH_D,37,,,0,3,4,1
TRAINER_BIRD_KEEPER_PETER,PIDGEY,6,,,0,3,4,1
TRAINER_BIRD_KEEPER_PETER,PIDGEY,6,,,0,3,4,2
TRAINER_BIRD_KEEPER_PETER,SPEAROW,8,,,0,3,4,3
TRAINER_BIRD_KEEPER_JOSE2,FARFETCH_D,35,,,0,3,4,1
TRAINER_BIRD_KEEPER_PERRY,FARFETCH_D,34,,,0,3,4,1
TRAINER_BIRD_KEEPER_BRET,PIDGEOTTO,32,,,0,3,4,1
TRAINER_BIRD_KEEPER_BRET,FEAROW,32,,,0,3,4,2
TRAINER_BIRD_KEEPER_JOSE3,FARFETCH_D,41,,,0,3,4,1
TRAINER_BIRD_KEEPER_VANCE2,PIDGEOTTO,31,,,0,3,4,1
TRAINER_BIRD_KEEPER_VANCE2,PIDGEOTTO,33,,,0,3,4,2
TRAINER_BIRD_KEEPER_VANCE3,PIDGEOTTO,35,,,0,3,4,1
TRAINER_BIRD_KEEPER_VANCE3,PIDGEOT,37,,,0,3,4,2
TRAINER_LASS_CARRIE,SNUBBULL,18,"SCARY_FACE,CHARM,BITE,LICK",,0,3,4,1
TRAINER_LASS_BRIDGET,JIGGLYPUFF,15,,,0,3,4,1
TRAINER_LASS_BRIDGET,JIGGLYPUFF,15,,,0,3,4,2
TRAINER_LASS_BRIDGET,JIGGLYPUFF,15,,,0,3,4,3
TRAINER_LASS_ALICE,GLOOM,30,,,0,3,4,1
TRAINER_LASS_ALICE,ARBOK,34,,,0,3,4,2
TRAINER_LASS_ALICE,GLOOM,30,,,0,3,4,3
TRAINER_LASS_KRISE,ODDISH,12,,,0,3,4,1
TRAINER_LASS_KRISE,CUBONE,15,,,0,3,4,2
TRAINER_LASS_CONNIE1,MARILL,21,,,0,3,4,1
TRAINER_LASS_LINDA,BULBASAUR,30,,,0,3,4,1
TRAINER_LASS_LINDA,IVYSAUR,32,,,0,3,4,2
TRAINER_LASS_LINDA,VENUSAUR,34,,,0,3,4,3
TRAINER_LASS_LAURA,GLOOM,28,,,0,3,4,1
TRAINER_LASS_LAURA,PIDGEOTTO,31,,,0,3,4,2
TRAINER_LASS_LAURA,BELLOSSOM,31,,,0,3,4,3
TRAINER_LASS_SHANNON,PARAS,29,,,0,3,4,1
TRAINER_LASS_SHANNON,PARAS,29,,,0,3,4,2
TRAINER_LASS_SHANNON,PARASECT,32,,,0,3,4,3
TRAINER_LASS_MICHELLE,SKIPLOOM,32,,,0,3,4,1
TRAINER_LASS_MICHELLE,HOPPIP,33,,,0,3,4,2
TRAINER_LASS_MICHELLE,JUMPLUFF,34,,,0,3,4,3
TRAINER_LASS_DANA1,FLAAFFY,18,"TACKLE,GROWL,THUNDERSHOCK,THUNDER_WAVE",,0,3,4,1
TRAINER_LASS_DANA1,PSYDUCK,18,"SCRATCH,TAIL_WHIP,DISABLE,CONFUSION",,0,3,4,2
TRAINER_LASS_ELLEN,WIGGLYTUFF,30,,,0,3,4,1
TRAINER_LASS_ELLEN,GRANBULL,34,,,0,3,4,2
TRAINER_LASS_CONNIE2,MARILL,21,,,0,3,4,1
TRAINER_LASS_CONNIE3,MARILL,21,,,0,3,4,1
TRAINER_LASS_DANA2,FLAAFFY,21,"TACKLE,GROWL,THUNDERSHOCK,THUNDER_WAVE",,0,3,4,1
TRAINER_LASS_DANA2,PSYDUCK,21,"SCRATCH,TAIL_WHIP,DISABLE,CONFUSION",,0,3,4,2
TRAINER_LASS_DANA3,PSYDUCK,29,"SCRATCH,DISABLE,CONFUSION,SCREECH",,0,3,4,1
TRAINER_LASS_DANA3,AMPHAROS,29,"TACKLE,THUNDERSHOCK,THUNDER_WAVE,COTTON_SPORE",,0,3,4,2
TRAINER_JANINE_JANINE1,CROBAT,36,"SCREECH,SUPERSONIC,CONFUSE_RAY,WING_ATTACK",,0,3,4,1
TRAINER_JANINE_JANINE1,WEEZING,36,"SMOG,SLUDGE_BOMB,TOXIC,EXPLOSION",,0,3,4,2
TRAINER_JANINE_JANINE1,WEEZING,36,"SMOG,SLUDGE_BOMB,TOXIC,EXPLOSION",,0,3,4,3
TRAINER_JANINE_JANINE1,ARIADOS,33,"SCARY_FACE,GIGA_DRAIN,STRING_SHOT,NIGHT_SHADE",,0,3,4,4
TRAINER_JANINE_JANINE1,VENOMOTH,39,"FORESIGHT,DOUBLE_TEAM,GUST,PSYCHIC_M",,0,3,4,5
TRAINER_COOLTRAINERM_NICK,CHARMANDER,26,"EMBER,SMOKESCREEN,RAGE,SCARY_FACE",,0,3,4,1
TRAINER_COOLTRAINERM_NICK,SQUIRTLE,26,"WITHDRAW,WATER_GUN,BITE,CURSE",,0,3,4,2
TRAINER_COOLTRAINERM_NICK,BULBASAUR,26,"LEECH_SEED,POISONPOWDER,SLEEP_POWDER,RAZOR_LEAF",,0,3,4,3
TRAINER_COOLTRAINERM_AARON,IVYSAUR,24,,,0,3,4,1
TRAINER_COOLTRAINERM_AARON,CHARMELEON,24,,,0,3,4,2
TRAINER_COOLTRAINERM_AARON,WARTORTLE,24,,,0,3,4,3
TRAINER_COOLTRAINERM_PAUL,DRATINI,34,,,0,3,4,1
TRAINER_COOLTRAINERM_PAUL,DRATINI,34,,,0,3,4,2
TRAINER_COOLTRAINERM_PAUL,DRATINI,34,,,0,3,4,3
TRAINER_COOLTRAINERM_CODY,HORSEA,34,,,0,3,4,1
TRAINER_COOLTRAINERM_CODY,SEADRA,36,,,0,3,4,2
TRAINER_COOLTRAINERM_MIKE,DRAGONAIR,37,,,0,3,4,1
TRAINER_COOLTRAINERM_GAVEN1,VICTREEBEL,34,"WRAP,TOXIC,ACID,RAZOR_LEAF",,0,3,4,1
TRAINER_COOLTRAINERM_GAVEN1,KINGLER,34,"BUBBLEBEAM,STOMP,GUILLOTINE,PROTECT",,0,3,4,2
TRAINER_COOLTRAINERM_GAVEN1,FLAREON,34,"SAND_ATTACK,QUICK_ATTACK,BITE,FIRE_SPIN",,0,3,4,3
TRAINER_COOLTRAINERM_GAVEN2,VICTREEBEL,38,"WRAP,TOXIC,ACID,RAZOR_LEAF",,0,3,4,1
TRAINER_COOLTRAINERM_GAVEN2,KINGLER,38,"BUBBLEBEAM,STOMP,GUILLOTINE,PROTECT",,0,3,4,2
TRAINER_COOLTRAINERM_GAVEN2,FLAREON,38,"SAND_ATTACK,QUICK_ATTACK,BITE,FIRE_SPIN",,0,3,4,3
TRAINER_COOLTRAINERM_RYAN,PIDGEOT,25,"SAND_ATTACK,QUICK_ATTACK,WHIRLWIND,WING_ATTACK",,0,3,4,1
TRAINER_COOLTRAINERM_RYAN,ELECTABUZZ,27,"THUNDERPUNCH,LIGHT_SCREEN,SWIFT,SCREECH",,0,3,4,2
TRAINER_COOLTRAINERM_JAKE,PARASECT,33,"LEECH_LIFE,SPORE,SLASH,SWORDS_DANCE",,0,3,4,1
TRAINER_COOLTRAINERM_JAKE,GOLDUCK,35,"CONFUSION,SCREECH,PSYCH_UP,FURY_SWIPES",,0,3,4,2
TRAINER_COOLTRAINERM_GAVEN3,VICTREEBEL,32,"WRAP,TOXIC,ACID,RAZOR_LEAF",,0,3,4,1
TRAINER_COOLTRAINERM_GAVEN3,KINGLER,32,"BUBBLEBEAM,STOMP,GUILLOTINE,PROTECT",,0,3,4,2
TRAINER_COOLTRAINERM_GAVEN3,FLAREON,32,"SAND_ATTACK,QUICK_ATTACK,BITE,FIRE_SPIN",,0,3,4,3
TRAINER_COOLTRAINERM_BLAKE,MAGNETON,33,"THUNDERBOLT,SUPERSONIC,SWIFT,SCREECH",,0,3,4,1
TRAINER_COOLTRAINERM_BLAKE,QUAGSIRE,31,"WATER_GUN,SLAM,AMNESIA,EARTHQUAKE",,0,3,4,2
TRAINER_COOLTRAINERM_BLAKE,EXEGGCUTE,31,"LEECH_SEED,CONFUSION,SLEEP_POWDER,SOLARBEAM",,0,3,4,3
TRAINER_COOLTRAINERM_BRIAN,SANDSLASH,35,"SAND_ATTACK,POISON_STING,SLASH,SWIFT",,0,3,4,1
TRAINER_COOLTRAINERM_ERICK,BULBASAUR,10,,,0,3,4,1
TRAINER_COOLTRAINERM_ERICK,CHARMANDER,10,,,0,3,4,2
TRAINER_COOLTRAINERM_ERICK,SQUIRTLE,10,,,0,3,4,3
TRAINER_COOLTRAINERM_ANDY,BULBASAUR,10,,,0,3,4,1
TRAINER_COOLTRAINERM_ANDY,CHARMANDER,10,,,0,3,4,2
TRAINER_COOLTRAINERM_ANDY,SQUIRTLE,10,,,0,3,4,3
TRAINER_COOLTRAINERM_TYLER,BULBASAUR,10,,,0,3,4,1
TRAINER_COOLTRAINERM_TYLER,CHARMANDER,10,,,0,3,4,2
TRAINER_COOLTRAINERM_TYLER,SQUIRTLE,10,,,0,3,4,3
TRAINER_COOLTRAINERM_SEAN,FLAREON,35,,,0,3,4,1
TRAINER_COOLTRAINERM_SEAN,TANGELA,35,,,0,3,4,2
TRAINER_COOLTRAINERM_SEAN,TAUROS,35,,,0,3,4,3
TRAINER_COOLTRAINERM_KEVIN,RHYHORN,38,,,0,3,4,1
TRAINER_COOLTRAINERM_KEVIN,CHARMELEON,35,,,0,3,4,2
TRAINER_COOLTRAINERM_KEVIN,WARTORTLE,35,,,0,3,4,3
TRAINER_COOLTRAINERM_STEVE,BULBASAUR,14,,,0,3,4,1
TRAINER_COOLTRAINERM_STEVE,CHARMANDER,14,,,0,3,4,2
TRAINER_COOLTRAINERM_STEVE,SQUIRTLE,14,,,0,3,4,3
TRAINER_COOLTRAINERM_ALLEN,CHARMELEON,27,"EMBER,SMOKESCREEN,RAGE,SCARY_FACE",,0,3,4,1
TRAINER_COOLTRAINERF_GWEN,EEVEE,26,,,0,3,4,1
TRAINER_COOLTRAINERF_GWEN,FLAREON,22,,,0,3,4,2
TRAINER_COOLTRAINERF_GWEN,VAPOREON,22,,,0,3,4,3
TRAINER_COOLTRAINERF_GWEN,JOLTEON,22,,,0,3,4,4
TRAINER_COOLTRAINERF_LOIS,SKIPLOOM,25,"SYNTHESIS,POISONPOWDER,MEGA_DRAIN,LEECH_SEED",,0,3,4,1
TRAINER_COOLTRAINERF_LOIS,NINETALES,25,"EMBER,QUICK_ATTACK,CONFUSE_RAY,SAFEGUARD",,0,3,4,2
TRAINER_COOLTRAINERF_FRAN,SEADRA,37,,,0,3,4,1
TRAINER_COOLTRAINERF_LOLA,DRATINI,34,,,0,3,4,1
TRAINER_COOLTRAINERF_LOLA,DRAGONAIR,36,,,0,3,4,2
TRAINER_COOLTRAINERF_KATE,SHELLDER,26,,,0,3,4,1
TRAINER_COOLTRAINERF_KATE,CLOYSTER,28,,,0,3,4,2
TRAINER_COOLTRAINERF_IRENE,GOLDEEN,22,,,0,3,4,1
TRAINER_COOLTRAINERF_IRENE,SEAKING,24,,,0,3,4,2
TRAINER_COOLTRAINERF_KELLY,MARILL,27,,,0,3,4,1
TRAINER_COOLTRAINERF_KELLY,WARTORTLE,24,,,0,3,4,2
TRAINER_COOLTRAINERF_KELLY,WARTORTLE,24,,,0,3,4,3
TRAINER_COOLTRAINERF_JOYCE,PIKACHU,36,"QUICK_ATTACK,DOUBLE_TEAM,THUNDERBOLT,THUNDER",,0,3,4,1
TRAINER_COOLTRAINERF_JOYCE,BLASTOISE,32,"BITE,CURSE,SURF,RAIN_DANCE",,0,3,4,2
TRAINER_COOLTRAINERF_BETH1,RAPIDASH,36,"STOMP,FIRE_SPIN,FURY_ATTACK,AGILITY",,0,3,4,1
TRAINER_COOLTRAINERF_REENA1,STARMIE,31,,,0,3,4,1
TRAINER_COOLTRAINERF_REENA1,NIDOQUEEN,33,,,0,3,4,2
TRAINER_COOLTRAINERF_REENA1,STARMIE,31,,,0,3,4,3
TRAINER_COOLTRAINERF_MEGAN,BULBASAUR,32,"GROWL,LEECH_SEED,POISONPOWDER,RAZOR_LEAF",,0,3,4,1
TRAINER_COOLTRAINERF_MEGAN,IVYSAUR,32,"GROWL,LEECH_SEED,POISONPOWDER,RAZOR_LEAF",,0,3,4,2
TRAINER_COOLTRAINERF_MEGAN,VENUSAUR,32,"BODY_SLAM,SLEEP_POWDER,RAZOR_LEAF,SWEET_SCENT",,0,3,4,3
TRAINER_COOLTRAINERF_BETH2,RAPIDASH,38,"STOMP,FIRE_SPIN,FURY_ATTACK,AGILITY",,0,3,4,1
TRAINER_COOLTRAINERF_CAROL,ELECTRODE,35,,,0,3,4,1
TRAINER_COOLTRAINERF_CAROL,STARMIE,35,,,0,3,4,2
TRAINER_COOLTRAINERF_CAROL,NINETALES,35,,,0,3,4,3
TRAINER_COOLTRAINERF_QUINN,IVYSAUR,38,,,0,3,4,1
TRAINER_COOLTRAINERF_QUINN,STARMIE,38,,,0,3,4,2
TRAINER_COOLTRAINERF_EMMA,POLIWHIRL,28,,,0,3,4,1
TRAINER_COOLTRAINERF_CYBIL,BUTTERFREE,25,"CONFUSION,SLEEP_POWDER,WHIRLWIND,GUST",,0,3,4,1
TRAINER_COOLTRAINERF_CYBIL,BELLOSSOM,25,"ABSORB,STUN_SPORE,ACID,SOLARBEAM",,0,3,4,2
TRAINER_COOLTRAINERF_JENN,STARYU,24,,,0,3,4,1
TRAINER_COOLTRAINERF_JENN,STARMIE,26,,,0,3,4,2
TRAINER_COOLTRAINERF_BETH3,RAPIDASH,42,"STOMP,FIRE_SPIN,FURY_ATTACK,AGILITY",,0,3,4,1
TRAINER_COOLTRAINERF_REENA2,STARMIE,33,,,0,3,4,1
TRAINER_COOLTRAINERF_REENA2,NIDOQUEEN,35,,,0,3,4,2
TRAINER_COOLTRAINERF_REENA2,STARMIE,33,,,0,3,4,3
TRAINER_COOLTRAINERF_REENA3,STARMIE,37,,,0,3,4,1
TRAINER_COOLTRAINERF_REENA3,NIDOQUEEN,39,,,0,3,4,2
TRAINER_COOLTRAINERF_REENA3,STARMIE,37,,,0,3,4,3
TRAINER_BEAUTY_VICTORIA,SENTRET,9,,,0,3,4,1
TRAINER_BEAUTY_VICTORIA,SENTRET,13,,,0,3,4,2
TRAINER_BEAUTY_VICTORIA,SENTRET,17,,,0,3,4,3
TRAINER_BEAUTY_SAMANTHA,MEOWTH,16,"SCRATCH,GROWL,BITE,PAY_DAY",,0,3,4,1
TRAINER_BEAUTY_SAMANTHA,MEOWTH,16,"SCRATCH,GROWL,BITE,SLASH",,0,3,4,2
TRAINER_BEAUTY_JULIE,SENTRET,15,,,0,3,4,1
TRAINER_BEAUTY_JACLYN,SENTRET,15,,,0,3,4,1
TRAINER_BEAUTY_BRENDA,FURRET,16,,,0,3,4,1
TRAINER_BEAUTY_CASSIE,VILEPLUME,28,,,0,3,4,1
TRAINER_BEAUTY_CASSIE,BUTTERFREE,34,,,0,3,4,2
TRAINER_BEAUTY_CAROLINE,MARILL,30,,,0,3,4,1
TRAINER_BEAUTY_CAROLINE,SEEL,32,,,0,3,4,2
TRAINER_BEAUTY_CAROLINE,MARILL,30,,,0,3,4,3
TRAINER_BEAUTY_CARLENE,SENTRET,15,,,0,3,4,1
TRAINER_BEAUTY_JESSICA,SENTRET,15,,,0,3,4,1
TRAINER_BEAUTY_RACHAEL,SENTRET,15,,,0,3,4,1
TRAINER_BEAUTY_ANGELICA,SENTRET,15,,,0,3,4,1
TRAINER_BEAUTY_KENDRA,SENTRET,15,,,0,3,4,1
TRAINER_BEAUTY_VERONICA,SENTRET,15,,,0,3,4,1
TRAINER_BEAUTY_JULIA,PARAS,32,,,0,3,4,1
TRAINER_BEAUTY_JULIA,EXEGGCUTE,32,,,0,3,4,2
TRAINER_BEAUTY_JULIA,PARASECT,35,,,0,3,4,3
TRAINER_BEAUTY_THERESA,SENTRET,15,,,0,3,4,1
TRAINER_BEAUTY_VALERIE,HOPPIP,17,"SYNTHESIS,TAIL_WHIP,TACKLE,POISONPOWDER",,0,3,4,1
TRAINER_BEAUTY_VALERIE,SKIPLOOM,17,"SYNTHESIS,TAIL_WHIP,TACKLE,STUN_SPORE",,0,3,4,2
TRAINER_POKEMANIAC_LARRY,SLOWPOKE,10,,,0,3,4,1
TRAINER_POKEMANIAC_ANDREW,MAROWAK,24,,,0,3,4,1
TRAINER_POKEMANIAC_ANDREW,MAROWAK,24,,,0,3,4,2
TRAINER_POKEMANIAC_CALVIN,KANGASKHAN,26,,,0,3,4,1
TRAINER_POKEMANIAC_SHANE,NIDORINA,16,,,0,3,4,1
TRAINER_POKEMANIAC_SHANE,NIDORINO,16,,,0,3,4,2
TRAINER_POKEMANIAC_BEN,SLOWBRO,19,,,0,3,4,1
TRAINER_POKEMANIAC_BRENT1,LICKITUNG,19,,,0,3,4,1
TRAINER_POKEMANIAC_RON,NIDOKING,19,,,0,3,4,1
TRAINER_POKEMANIAC_ETHAN,RHYHORN,31,,,0,3,4,1
TRAINER_POKEMANIAC_ETHAN,RHYDON,31,,,0,3,4,2
TRAINER_POKEMANIAC_BRENT2,NIDORAN_F,19,,,0,3,4,1
TRAINER_POKEMANIAC_BRENT2,NIDOKING,23,,,0,3,4,2
TRAINER_POKEMANIAC_BRENT3,NIDORAN_M,28,,,0,3,4,1
TRAINER_POKEMANIAC_BRENT3,NIDORAN_F,28,,,0,3,4,2
TRAINER_POKEMANIAC_BRENT3,NIDORINA,30,,,0,3,4,3
TRAINER_POKEMANIAC_BRENT3,NIDOKING,32,,,0,3,4,4
TRAINER_POKEMANIAC_ISSAC,LICKITUNG,12,"LICK,SUPERSONIC,CUT",,0,3,4,1
TRAINER_POKEMANIAC_DONALD,SLOWPOKE,10,,,0,3,4,1
TRAINER_POKEMANIAC_DONALD,SLOWPOKE,10,,,0,3,4,2
TRAINER_POKEMANIAC_ZACH,RHYHORN,27,,,0,3,4,1
TRAINER_GRUNTM_GRUNTM_1,KOFFING,14,,,0,3,4,1
TRAINER_GRUNTM_GRUNTM_2,RATTATA,7,,,0,3,4,1
TRAINER_GRUNTM_GRUNTM_2,ZUBAT,9,,,0,3,4,2
TRAINER_GRUNTM_GRUNTM_2,ZUBAT,9,,,0,3,4,3
TRAINER_GRUNTM_GRUNTM_3,RATICATE,24,,,0,3,4,1
TRAINER_GRUNTM_GRUNTM_3,RATICATE,24,,,0,3,4,2
TRAINER_GRUNTM_GRUNTM_4,GRIMER,23,,,0,3,4,1
TRAINER_GRUNTM_GRUNTM_4,GRIMER,23,,,0,3,4,2
TRAINER_GRUNTM_GRUNTM_4,MUK,25,,,0,3,4,3
TRAINER_GRUNTM_GRUNTM_5,RATTATA,21,,,0,3,4,1
TRAINER_GRUNTM_GRUNTM_5,RATTATA,21,,,0,3,4,2
TRAINER_GRUNTM_GRUNTM_5,RATTATA,23,,,0,3,4,3
TRAINER_GRUNTM_GRUNTM_5,RATTATA,23,,,0,3,4,4
TRAINER_GRUNTM_GRUNTM_5,RATTATA,23,,,0,3,4,5
TRAINER_GRUNTM_GRUNTM_6,ZUBAT,26,,,0,3,4,1
TRAINER_GRUNTM_GRUNTM_6,ZUBAT,26,,,0,3,4,2
TRAINER_GRUNTM_GRUNTM_7,KOFFING,23,,,0,3,4,1
TRAINER_GRUNTM_GRUNTM_7,GRIMER,23,,,0,3,4,2
TRAINER_GRUNTM_GRUNTM_7,ZUBAT,23,,,0,3,4,3
TRAINER_GRUNTM_GRUNTM_7,RATTATA,23,,,0,3,4,4
TRAINER_GRUNTM_GRUNTM_8,WEEZING,26,,,0,3,4,1
TRAINER_GRUNTM_GRUNTM_9,RATICATE,24,,,0,3,4,1
TRAINER_GRUNTM_GRUNTM_9,KOFFING,26,,,0,3,4,2
TRAINER_GRUNTM_GRUNTM_10,ZUBAT,22,,,0,3,4,1
TRAINER_GRUNTM_GRUNTM_10,GOLBAT,24,,,0,3,4,2
TRAINER_GRUNTM_GRUNTM_10,GRIMER,22,,,0,3,4,3
TRAINER_GRUNTM_GRUNTM_11,MUK,23,,,0,3,4,1
TRAINER_GRUNTM_GRUNTM_11,KOFFING,23,,,0,3,4,2
TRAINER_GRUNTM_GRUNTM_11,RATTATA,25,,,0,3,4,3
TRAINER_GRUNTM_GRUNTM_12,HOUNDOUR,33,,,0,3,4,1
TRAINER_GRUNTM_GRUNTM_13,RATTATA,27,,,0,3,4,1
TRAINER_GRUNTM_GRUNTM_14,RATICATE,24,,,0,3,4,1
TRAINER_GRUNTM_GRUNTM_14,GOLBAT,24,,,0,3,4,2
TRAINER_GRUNTM_GRUNTM_15,GRIMER,26,,,0,3,4,1
TRAINER_GRUNTM_GRUNTM_15,WEEZING,23,,,0,3,4,2
TRAINER_GRUNTM_GRUNTM_16,RATTATA,16,,,0,3,4,1
TRAINER_GRUNTM_GRUNTM_16,RATTATA,16,,,0,3,4,2
TRAINER_GRUNTM_GRUNTM_16,RATTATA,16,,,0,3,4,3
TRAINER_GRUNTM_GRUNTM_16,RATTATA,16,,,0,3,4,4
TRAINER_GRUNTM_GRUNTM_17,GOLBAT,18,,,0,3,4,1
TRAINER_GRUNTM_GRUNTM_18,RATTATA,17,,,0,3,4,1
TRAINER_GRUNTM_GRUNTM_18,ZUBAT,17,,,0,3,4,2
TRAINER_GRUNTM_GRUNTM_18,RATTATA,17,,,0,3,4,3
TRAINER_GRUNTM_GRUNTM_19,VENONAT,18,,,0,3,4,1
TRAINER_GRUNTM_GRUNTM_19,VENONAT,18,,,0,3,4,2
TRAINER_GRUNTM_GRUNTM_20,DROWZEE,17,,,0,3,4,1
TRAINER_GRUNTM_GRUNTM_20,ZUBAT,19,,,0,3,4,2
TRAINER_GRUNTM_GRUNTM_21,ZUBAT,16,,,0,3,4,1
TRAINER_GRUNTM_GRUNTM_21,GRIMER,17,,,0,3,4,2
TRAINER_GRUNTM_GRUNTM_21,RATTATA,18,,,0,3,4,3
TRAINER_GRUNTM_GRUNTM_22,GOLBAT,36,,,0,3,4,1
TRAINER_GRUNTM_GRUNTM_23,KOFFING,30,,,0,3,4,1
TRAINER_GRUNTM_GRUNTM_24,KOFFING,25,,,0,3,4,1
TRAINER_GRUNTM_GRUNTM_24,KOFFING,25,,,0,3,4,2
TRAINER_GRUNTM_GRUNTM_25,KOFFING,24,,,0,3,4,1
TRAINER_GRUNTM_GRUNTM_25,MUK,24,,,0,3,4,2
TRAINER_GRUNTM_GRUNTM_26,RATTATA,15,,,0,3,4,1
TRAINER_GRUNTM_GRUNTM_26,RATTATA,15,,,0,3,4,2
TRAINER_GRUNTM_GRUNTM_27,ZUBAT,22,,,0,3,4,1
TRAINER_GRUNTM_GRUNTM_28,RATICATE,19,,,0,3,4,1
TRAINER_GRUNTM_GRUNTM_29,RATTATA,9,,,0,3,4,1
TRAINER_GRUNTM_GRUNTM_29,RATTATA,9,,,0,3,4,2
TRAINER_GRUNTM_GRUNTM_30,GOLBAT,25,,,0,3,4,1
TRAINER_GRUNTM_GRUNTM_30,GOLBAT,25,,,0,3,4,2
TRAINER_GRUNTM_GRUNTM_30,ARBOK,30,,,0,3,4,3
TRAINER_GRUNTM_GRUNTM_31,GOLBAT,30,,,0,3,4,1
TRAINER_GENTLEMAN_PRESTON,GROWLITHE,18,,,0,3,4,1
TRAINER_GENTLEMAN_PRESTON,GROWLITHE,18,,,0,3,4,2
TRAINER_GENTLEMAN_EDWARD,PERSIAN,33,,,0,3,4,1
TRAINER_GENTLEMAN_GREGORY,PIKACHU,37,,,0,3,4,1
TRAINER_GENTLEMAN_GREGORY,FLAAFFY,33,,,0,3,4,2
TRAINER_GENTLEMAN_VIRGIL,PONYTA,20,,,0,3,4,1
TRAINER_GENTLEMAN_ALFRED,NOCTOWL,20,,,0,3,4,1
TRAINER_SKIER_ROXANNE,JYNX,28,,,0,3,4,1
TRAINER_SKIER_CLARISSA,DEWGONG,28,,,0,3,4,1
TRAINER_TEACHER_COLETTE,CLEFAIRY,36,,,0,3,4,1
TRAINER_TEACHER_HILLARY,AIPOM,32,,,0,3,4,1
TRAINER_TEACHER_HILLARY,CUBONE,36,,,0,3,4,2
TRAINER_TEACHER_SHIRLEY,JIGGLYPUFF,35,,,0,3,4,1
TRAINER_SABRINA_SABRINA1,ESPEON,46,"SAND_ATTACK,QUICK_ATTACK,SWIFT,PSYCHIC_M",,0,3,4,1
TRAINER_SABRINA_SABRINA1,MR__MIME,46,"BARRIER,REFLECT,BATON_PASS,PSYCHIC_M",,0,3,4,2
TRAINER_SABRINA_SABRINA1,ALAKAZAM,48,"RECOVER,FUTURE_SIGHT,PSYCHIC_M,REFLECT",,0,3,4,3
TRAINER_BUG_CATCHER_DON,CATERPIE,3,,,0,3,4,1
TRAINER_BUG_CATCHER_DON,CATERPIE,3,,,0,3,4,2
TRAINER_BUG_CATCHER_ROB,BEEDRILL,32,,,0,3,4,1
TRAINER_BUG_CATCHER_ROB,BUTTERFREE,32,,,0,3,4,2
TRAINER_BUG_CATCHER_ED,BEEDRILL,30,,,0,3,4,1
TRAINER_BUG_CATCHER_ED,BEEDRILL,30,,,0,3,4,2
TRAINER_BUG_CATCHER_ED,BEEDRILL,30,,,0,3,4,3
TRAINER_BUG_CATCHER_WADE1,CATERPIE,2,,,0,3,4,1
TRAINER_BUG_CATCHER_WADE1,CATERPIE,2,,,0,3,4,2
TRAINER_BUG_CATCHER_WADE1,WEEDLE,3,,,0,3,4,3
TRAINER_BUG_CATCHER_WADE1,CATERPIE,2,,,0,3,4,4
TRAINER_BUG_CATCHER_BENNY,WEEDLE,7,,,0,3,4,1
TRAINER_BUG_CATCHER_BENNY,KAKUNA,9,,,0,3,4,2
TRAINER_BUG_CATCHER_BENNY,BEEDRILL,12,,,0,3,4,3
TRAINER_BUG_CATCHER_AL,CATERPIE,12,,,0,3,4,1
TRAINER_BUG_CATCHER_AL,WEEDLE,12,,,0,3,4,2
TRAINER_BUG_CATCHER_JOSH,PARAS,13,,,0,3,4,1
TRAINER_BUG_CATCHER_ARNIE1,VENONAT,15,,,0,3,4,1
TRAINER_BUG_CATCHER_KEN,ARIADOS,30,,,0,3,4,1
TRAINER_BUG_CATCHER_KEN,PINSIR,32,,,0,3,4,2
TRAINER_BUG_CATCHER_WADE2,METAPOD,9,,,0,3,4,1
TRAINER_BUG_CATCHER_WADE2,METAPOD,9,,,0,3,4,2
TRAINER_BUG_CATCHER_WADE2,KAKUNA,10,,,0,3,4,3
TRAINER_BUG_CATCHER_WADE2,METAPOD,9,,,0,3,4,4
TRAINER_BUG_CATCHER_WADE3,BUTTERFREE,14,,,0,3,4,1
TRAINER_BUG_CATCHER_WADE3,BUTTERFREE,14,,,0,3,4,2
TRAINER_BUG_CATCHER_WADE3,BEEDRILL,15,,,0,3,4,3
TRAINER_BUG_CATCHER_WADE3,BUTTERFREE,14,,,0,3,4,4
TRAINER_BUG_CATCHER_DOUG,ARIADOS,34,,,0,3,4,1
TRAINER_BUG_CATCHER_ARNIE2,VENONAT,19,,,0,3,4,1
TRAINER_BUG_CATCHER_ARNIE3,VENOMOTH,28,"DISABLE,SUPERSONIC,CONFUSION,LEECH_LIFE",,0,3,4,1
TRAINER_FISHER_JUSTIN,MAGIKARP,5,,,0,3,4,1
TRAINER_FISHER_JUSTIN,MAGIKARP,5,,,0,3,4,2
TRAINER_FISHER_JUSTIN,MAGIKARP,15,,,0,3,4,3
TRAINER_FISHER_JUSTIN,MAGIKARP,5,,,0,3,4,4
TRAINER_FISHER_RALPH1,GOLDEEN,10,,,0,3,4,1
TRAINER_FISHER_ARNOLD,TENTACRUEL,34,,,0,3,4,1
TRAINER_FISHER_KYLE,SEAKING,28,,,0,3,4,1
TRAINER_FISHER_KYLE,POLIWHIRL,31,,,0,3,4,2
TRAINER_FISHER_KYLE,SEAKING,31,,,0,3,4,3
TRAINER_FISHER_HENRY,POLIWAG,8,,,0,3,4,1
TRAINER_FISHER_HENRY,POLIWAG,8,,,0,3,4,2
TRAINER_FISHER_MARVIN,MAGIKARP,10,,,0,3,4,1
TRAINER_FISHER_MARVIN,GYARADOS,10,,,0,3,4,2
TRAINER_FISHER_MARVIN,MAGIKARP,15,,,0,3,4,3
TRAINER_FISHER_MARVIN,GYARADOS,15,,,0,3,4,4
TRAINER_FISHER_CHRIS1,QWILFISH,18,,,0,3,4,1
TRAINER_FISHER_ANDRE,GYARADOS,27,,,0,3,4,1
TRAINER_FISHER_RAYMOND,MAGIKARP,22,,,0,3,4,1
TRAINER_FISHER_RAYMOND,MAGIKARP,22,,,0,3,4,2
TRAINER_FISHER_RAYMOND,MAGIKARP,22,,,0,3,4,3
TRAINER_FISHER_RAYMOND,MAGIKARP,22,,,0,3,4,4
TRAINER_FISHER_WILTON1,GOLDEEN,23,,,0,3,4,1
TRAINER_FISHER_WILTON1,GOLDEEN,23,,,0,3,4,2
TRAINER_FISHER_WILTON1,SEAKING,25,,,0,3,4,3
TRAINER_FISHER_EDGAR,REMORAID,25,"LOCK_ON,PSYBEAM,AURORA_BEAM,BUBBLEBEAM",,0,3,4,1
TRAINER_FISHER_EDGAR,REMORAID,25,"LOCK_ON,PSYBEAM,AURORA_BEAM,BUBBLEBEAM",,0,3,4,2
TRAINER_FISHER_JONAH,SHELLDER,25,,,0,3,4,1
TRAINER_FISHER_JONAH,OCTILLERY,29,,,0,3,4,2
TRAINER_FISHER_JONAH,REMORAID,25,,,0,3,4,3
TRAINER_FISHER_JONAH,CLOYSTER,29,,,0,3,4,4
TRAINER_FISHER_MARTIN,REMORAID,32,,,0,3,4,1
TRAINER_FISHER_MARTIN,REMORAID,32,,,0,3,4,2
TRAINER_FISHER_STEPHEN,MAGIKARP,25,,,0,3,4,1
TRAINER_FISHER_STEPHEN,MAGIKARP,25,,,0,3,4,2
TRAINER_FISHER_STEPHEN,QWILFISH,31,,,0,3,4,3
TRAINER_FISHER_STEPHEN,TENTACRUEL,31,,,0,3,4,4
TRAINER_FISHER_BARNEY,GYARADOS,30,,,0,3,4,1
TRAINER_FISHER_BARNEY,GYARADOS,30,,,0,3,4,2
TRAINER_FISHER_BARNEY,GYARADOS,30,,,0,3,4,3
TRAINER_FISHER_RALPH2,GOLDEEN,17,,,0,3,4,1
TRAINER_FISHER_RALPH3,QWILFISH,17,,,0,3,4,1
TRAINER_FISHER_RALPH3,GOLDEEN,19,,,0,3,4,2
TRAINER_FISHER_CHRIS2,QWILFISH,23,,,0,3,4,1
TRAINER_FISHER_CHRIS3,GOLDEEN,32,,,0,3,4,1
TRAINER_FISHER_CHRIS3,GOLDEEN,32,,,0,3,4,2
TRAINER_FISHER_CHRIS3,QWILFISH,34,,,0,3,4,3
TRAINER_FISHER_WILTON2,GOLDEEN,29,,,0,3,4,1
TRAINER_FISHER_WILTON2,GOLDEEN,29,,,0,3,4,2
TRAINER_FISHER_WILTON2,SEAKING,32,,,0,3,4,3
TRAINER_FISHER_SCOTT,QWILFISH,30,,,0,3,4,1
TRAINER_FISHER_SCOTT,QWILFISH,30,,,0,3,4,2
TRAINER_FISHER_SCOTT,SEAKING,34,,,0,3,4,3
TRAINER_FISHER_WILTON3,GOLDEEN,31,,,0,3,4,1
TRAINER_FISHER_WILTON3,SEAKING,35,,,0,3,4,2
TRAINER_FISHER_WILTON3,SEAKING,35,,,0,3,4,3
TRAINER_SWIMMERM_HAROLD,REMORAID,32,,,0,3,4,1
TRAINER_SWIMMERM_HAROLD,SEADRA,30,,,0,3,4,2
TRAINER_SWIMMERM_SIMON,TENTACOOL,20,,,0,3,4,1
TRAINER_SWIMMERM_SIMON,TENTACOOL,20,,,0,3,4,2
TRAINER_SWIMMERM_RANDALL,SHELLDER,18,,,0,3,4,1
TRAINER_SWIMMERM_RANDALL,WARTORTLE,20,,,0,3,4,2
TRAINER_SWIMMERM_RANDALL,SHELLDER,18,,,0,3,4,3
TRAINER_SWIMMERM_CHARLIE,SHELLDER,21,,,0,3,4,1
TRAINER_SWIMMERM_CHARLIE,TENTACOOL,19,,,0,3,4,2
TRAINER_SWIMMERM_CHARLIE,TENTACRUEL,19,,,0,3,4,3
TRAINER_SWIMMERM_GEORGE,TENTACOOL,16,,,0,3,4,1
TRAINER_SWIMMERM_GEORGE,TENTACOOL,17,,,0,3,4,2
TRAINER_SWIMMERM_GEORGE,TENTACOOL,16,,,0,3,4,3
TRAINER_SWIMMERM_GEORGE,STARYU,19,,,0,3,4,4
TRAINER_SWIMMERM_GEORGE,TENTACOOL,17,,,0,3,4,5
TRAINER_SWIMMERM_GEORGE,REMORAID,19,,,0,3,4,6
TRAINER_SWIMMERM_BERKE,QWILFISH,23,,,0,3,4,1
TRAINER_SWIMMERM_KIRK,GYARADOS,20,,,0,3,4,1
TRAINER_SWIMMERM_KIRK,GYARADOS,20,,,0,3,4,2
TRAINER_SWIMMERM_MATHEW,KRABBY,23,,,0,3,4,1
TRAINER_SWIMMERM_HAL,SEEL,24,,,0,3,4,1
TRAINER_SWIMMERM_HAL,DEWGONG,25,,,0,3,4,2
TRAINER_SWIMMERM_HAL,SEEL,24,,,0,3,4,3
TRAINER_SWIMMERM_PATON,PILOSWINE,26,,,0,3,4,1
TRAINER_SWIMMERM_PATON,PILOSWINE,26,,,0,3,4,2
TRAINER_SWIMMERM_DARYL,SHELLDER,24,,,0,3,4,1
TRAINER_SWIMMERM_DARYL,CLOYSTER,25,,,0,3,4,2
TRAINER_SWIMMERM_DARYL,SHELLDER,24,,,0,3,4,3
TRAINER_SWIMMERM_WALTER,HORSEA,15,,,0,3,4,1
TRAINER_SWIMMERM_WALTER,HORSEA,15,,,0,3,4,2
TRAINER_SWIMMERM_WALTER,SEADRA,20,,,0,3,4,3
TRAINER_SWIMMERM_TONY,STARYU,13,,,0,3,4,1
TRAINER_SWIMMERM_TONY,STARMIE,18,,,0,3,4,2
TRAINER_SWIMMERM_TONY,HORSEA,16,,,0,3,4,3
TRAINER_SWIMMERM_JEROME,SEADRA,26,,,0,3,4,1
TRAINER_SWIMMERM_JEROME,TENTACOOL,28,,,0,3,4,2
TRAINER_SWIMMERM_JEROME,TENTACRUEL,30,,,0,3,4,3
TRAINER_SWIMMERM_JEROME,GOLDEEN,28,,,0,3,4,4
TRAINER_SWIMMERM_TUCKER,SHELLDER,30,,,0,3,4,1
TRAINER_SWIMMERM_TUCKER,CLOYSTER,34,,,0,3,4,2
TRAINER_SWIMMERM_RICK,STARYU,13,,,0,3,4,1
TRAINER_SWIMMERM_RICK,STARMIE,18,,,0,3,4,2
TRAINER_SWIMMERM_RICK,HORSEA,16,,,0,3,4,3
TRAINER_SWIMMERM_CAMERON,MARILL,34,,,0,3,4,1
TRAINER_SWIMMERM_SETH,QUAGSIRE,29,,,0,3,4,1
TRAINER_SWIMMERM_SETH,OCTILLERY,29,,,0,3,4,2
TRAINER_SWIMMERM_SETH,QUAGSIRE,32,,,0,3,4,3
TRAINER_SWIMMERM_JAMES,STARYU,13,,,0,3,4,1
TRAINER_SWIMMERM_JAMES,STARMIE,18,,,0,3,4,2
TRAINER_SWIMMERM_JAMES,HORSEA,16,,,0,3,4,3
TRAINER_SWIMMERM_LEWIS,STARYU,13,,,0,3,4,1
TRAINER_SWIMMERM_LEWIS,STARMIE,18,,,0,3,4,2
TRAINER_SWIMMERM_LEWIS,HORSEA,16,,,0,3,4,3
TRAINER_SWIMMERM_PARKER,HORSEA,32,,,0,3,4,1
TRAINER_SWIMMERM_PARKER,HORSEA,32,,,0,3,4,2
TRAINER_SWIMMERM_PARKER,SEADRA,35,,,0,3,4,3
TRAINER_SWIMMERF_ELAINE,STARYU,21,,,0,3,4,1
TRAINER_SWIMMERF_PAULA,STARYU,19,,,0,3,4,1
TRAINER_SWIMMERF_PAULA,SHELLDER,19,,,0,3,4,2
TRAINER_SWIMMERF_KAYLEE,GOLDEEN,18,,,0,3,4,1
TRAINER_SWIMMERF_KAYLEE,GOLDEEN,20,,,0,3,4,2
TRAINER_SWIMMERF_KAYLEE,SEAKING,20,,,0,3,4,3
TRAINER_SWIMMERF_SUSIE,PSYDUCK,20,"SCRATCH,TAIL_WHIP,DISABLE,CONFUSION",,0,3,4,1
TRAINER_SWIMMERF_SUSIE,GOLDEEN,22,"PECK,TAIL_WHIP,SUPERSONIC,HORN_ATTACK",,0,3,4,2
TRAINER_SWIMMERF_DENISE,SEEL,22,,,0,3,4,1
TRAINER_SWIMMERF_KARA,STARYU,20,,,0,3,4,1
TRAINER_SWIMMERF_KARA,STARMIE,20,,,0,3,4,2
TRAINER_SWIMMERF_WENDY,HORSEA,21,"BUBBLE,SMOKESCREEN,LEER,WATER_GUN",,0,3,4,1
TRAINER_SWIMMERF_WENDY,HORSEA,21,"DRAGON_RAGE,SMOKESCREEN,LEER,WATER_GUN",,0,3,4,2
TRAINER_SWIMMERF_LISA,JYNX,28,,,0,3,4,1
TRAINER_SWIMMERF_JILL,DEWGONG,28,,,0,3,4,1
TRAINER_SWIMMERF_MARY,SEAKING,20,,,0,3,4,1
TRAINER_SWIMMERF_KATIE,DEWGONG,33,,,0,3,4,1
TRAINER_SWIMMERF_DAWN,SEAKING,34,,,0,3,4,1
TRAINER_SWIMMERF_TARA,SEAKING,20,,,0,3,4,1
TRAINER_SWIMMERF_NICOLE,MARILL,29,,,0,3,4,1
TRAINER_SWIMMERF_NICOLE,MARILL,29,,,0,3,4,2
TRAINER_SWIMMERF_NICOLE,LAPRAS,32,,,0,3,4,3
TRAINER_SWIMMERF_LORI,STARMIE,32,,,0,3,4,1
TRAINER_SWIMMERF_LORI,STARMIE,32,,,0,3,4,2
TRAINER_SWIMMERF_JODY,SEAKING,20,,,0,3,4,1
TRAINER_SWIMMERF_NIKKI,SEEL,28,,,0,3,4,1
TRAINER_SWIMMERF_NIKKI,SEEL,28,,,0,3,4,2
TRAINER_SWIMMERF_NIKKI,SEEL,28,,,0,3,4,3
TRAINER_SWIMMERF_NIKKI,DEWGONG,28,,,0,3,4,4
TRAINER_SWIMMERF_DIANA,GOLDUCK,37,,,0,3,4,1
TRAINER_SWIMMERF_BRIANA,SEAKING,35,,,0,3,4,1
TRAINER_SWIMMERF_BRIANA,SEAKING,35,,,0,3,4,2
TRAINER_SAILOR_EUGENE,POLIWHIRL,17,,,0,3,4,1
TRAINER_SAILOR_EUGENE,RATICATE,17,,,0,3,4,2
TRAINER_SAILOR_EUGENE,KRABBY,19,,,0,3,4,3
TRAINER_SAILOR_HUEY1,POLIWAG,18,,,0,3,4,1
TRAINER_SAILOR_HUEY1,POLIWHIRL,18,,,0,3,4,2
TRAINER_SAILOR_TERRELL,POLIWHIRL,20,,,0,3,4,1
TRAINER_SAILOR_KENT,KRABBY,18,"BUBBLE,LEER,VICEGRIP,HARDEN",,0,3,4,1
TRAINER_SAILOR_KENT,KRABBY,20,"BUBBLEBEAM,LEER,VICEGRIP,HARDEN",,0,3,4,2
TRAINER_SAILOR_ERNEST,MACHOP,18,,,0,3,4,1
TRAINER_SAILOR_ERNEST,MACHOP,18,,,0,3,4,2
TRAINER_SAILOR_ERNEST,POLIWHIRL,18,,,0,3,4,3
TRAINER_SAILOR_JEFF,RATICATE,32,,,0,3,4,1
TRAINER_SAILOR_JEFF,RATICATE,32,,,0,3,4,2
TRAINER_SAILOR_GARRETT,KINGLER,34,,,0,3,4,1
TRAINER_SAILOR_KENNETH,MACHOP,28,,,0,3,4,1
TRAINER_SAILOR_KENNETH,MACHOP,28,,,0,3,4,2
TRAINER_SAILOR_KENNETH,POLIWRATH,28,,,0,3,4,3
TRAINER_SAILOR_KENNETH,MACHOP,28,,,0,3,4,4
TRAINER_SAILOR_STANLY,MACHOP,31,,,0,3,4,1
TRAINER_SAILOR_STANLY,MACHOKE,33,,,0,3,4,2
TRAINER_SAILOR_STANLY,PSYDUCK,26,,,0,3,4,3
TRAINER_SAILOR_HARRY,WOOPER,19,,,0,3,4,1
TRAINER_SAILOR_HUEY2,POLIWHIRL,28,,,0,3,4,1
TRAINER_SAILOR_HUEY2,POLIWHIRL,28,,,0,3,4,2
TRAINER_SAILOR_HUEY3,POLIWHIRL,34,,,0,3,4,1
TRAINER_SAILOR_HUEY3,POLIWRATH,34,,,0,3,4,2
TRAINER_SUPER_NERD_ERIC_UNUSED,GRIMER,20,,,0,3,4,1
TRAINER_SUPER_NERD_ERIC,GRIMER,11,,,0,3,4,1
TRAINER_SUPER_NERD_ERIC,GRIMER,11,,,0,3,4,2
TRAINER_SUPER_NERD_GREGG,MAGNEMITE,20,,,0,3,4,1
TRAINER_SUPER_NERD_GREGG,MAGNEMITE,20,,,0,3,4,2
TRAINER_SUPER_NERD_GREGG,MAGNEMITE,20,,,0,3,4,3
TRAINER_SUPER_NERD_JAY,KOFFING,22,,,0,3,4,1
TRAINER_SUPER_NERD_JAY,KOFFING,22,,,0,3,4,2
TRAINER_SUPER_NERD_DAVE,DITTO,24,,,0,3,4,1
TRAINER_SUPER_NERD_SAM,GRIMER,34,,,0,3,4,1
TRAINER_SUPER_NERD_SAM,MUK,34,,,0,3,4,2
TRAINER_SUPER_NERD_TOM,MAGNEMITE,32,,,0,3,4,1
TRAINER_SUPER_NERD_TOM,MAGNEMITE,32,,,0,3,4,2
TRAINER_SUPER_NERD_TOM,MAGNEMITE,32,,,0,3,4,3
TRAINER_SUPER_NERD_PAT,PORYGON,36,,,0,3,4,1
TRAINER_SUPER_NERD_SHAWN,MAGNEMITE,31,,,0,3,4,1
TRAINER_SUPER_NERD_SHAWN,MUK,33,,,0,3,4,2
TRAINER_SUPER_NERD_SHAWN,MAGNEMITE,31,,,0,3,4,3
TRAINER_SUPER_NERD_TERU,MAGNEMITE,7,,,0,3,4,1
TRAINER_SUPER_NERD_TERU,VOLTORB,11,,,0,3,4,2
TRAINER_SUPER_NERD_TERU,MAGNEMITE,7,,,0,3,4,3
TRAINER_SUPER_NERD_TERU,MAGNEMITE,9,,,0,3,4,4
TRAINER_SUPER_NERD_RUSS,MAGNEMITE,27,,,0,3,4,1
TRAINER_SUPER_NERD_RUSS,MAGNEMITE,27,,,0,3,4,2
TRAINER_SUPER_NERD_RUSS,MAGNEMITE,27,,,0,3,4,3
TRAINER_SUPER_NERD_NORTON,PORYGON,30,"CONVERSION,CONVERSION2,RECOVER,TRI_ATTACK",,0,3,4,1
TRAINER_RIVAL2_RIVAL2_1_CHIKORITA,SNEASEL,41,"QUICK_ATTACK,SCREECH,FAINT_ATTACK,FURY_CUTTER",,0,3,4,1
TRAINER_RIVAL2_RIVAL2_1_CHIKORITA,GOLBAT,42,"LEECH_LIFE,BITE,CONFUSE_RAY,WING_ATTACK",,0,3,4,2
TRAINER_RIVAL2_RIVAL2_1_CHIKORITA,MAGNETON,41,"THUNDERSHOCK,SONICBOOM,THUNDER_WAVE,SWIFT",,0,3,4,3
TRAINER_RIVAL2_RIVAL2_1_CHIKORITA,GENGAR,43,"MEAN_LOOK,CURSE,SHADOW_BALL,CONFUSE_RAY",,0,3,4,4
TRAINER_RIVAL2_RIVAL2_1_CHIKORITA,ALAKAZAM,43,"DISABLE,RECOVER,FUTURE_SIGHT,PSYCHIC_M",,0,3,4,5
TRAINER_RIVAL2_RIVAL2_1_CHIKORITA,MEGANIUM,45,"RAZOR_LEAF,POISONPOWDER,BODY_SLAM,LIGHT_SCREEN",,0,3,4,6
TRAINER_RIVAL2_RIVAL2_1_CYNDAQUIL,SNEASEL,41,"QUICK_ATTACK,SCREECH,FAINT_ATTACK,FURY_CUTTER",,0,3,4,1
TRAINER_RIVAL2_RIVAL2_1_CYNDAQUIL,GOLBAT,42,"LEECH_LIFE,BITE,CONFUSE_RAY,WING_ATTACK",,0,3,4,2
TRAINER_RIVAL2_RIVAL2_1_CYNDAQUIL,MAGNETON,41,"THUNDERSHOCK,SONICBOOM,THUNDER_WAVE,SWIFT",,0,3,4,3
TRAINER_RIVAL2_RIVAL2_1_CYNDAQUIL,GENGAR,43,"MEAN_LOOK,CURSE,SHADOW_BALL,CONFUSE_RAY",,0,3,4,4
TRAINER_RIVAL2_RIVAL2_1_CYNDAQUIL,ALAKAZAM,43,"DISABLE,RECOVER,FUTURE_SIGHT,PSYCHIC_M",,0,3,4,5
TRAINER_RIVAL2_RIVAL2_1_CYNDAQUIL,TYPHLOSION,45,"SMOKESCREEN,QUICK_ATTACK,FLAME_WHEEL,SWIFT",,0,3,4,6
TRAINER_RIVAL2_RIVAL2_1_TOTODILE,SNEASEL,41,"QUICK_ATTACK,SCREECH,FAINT_ATTACK,FURY_CUTTER",,0,3,4,1
TRAINER_RIVAL2_RIVAL2_1_TOTODILE,GOLBAT,42,"LEECH_LIFE,BITE,CONFUSE_RAY,WING_ATTACK",,0,3,4,2
TRAINER_RIVAL2_RIVAL2_1_TOTODILE,MAGNETON,41,"THUNDERSHOCK,SONICBOOM,THUNDER_WAVE,SWIFT",,0,3,4,3
TRAINER_RIVAL2_RIVAL2_1_TOTODILE,GENGAR,43,"MEAN_LOOK,CURSE,SHADOW_BALL,CONFUSE_RAY",,0,3,4,4
TRAINER_RIVAL2_RIVAL2_1_TOTODILE,ALAKAZAM,43,"DISABLE,RECOVER,FUTURE_SIGHT,PSYCHIC_M",,0,3,4,5
TRAINER_RIVAL2_RIVAL2_1_TOTODILE,FERALIGATR,45,"RAGE,WATER_GUN,SCARY_FACE,SLASH",,0,3,4,6
TRAINER_RIVAL2_RIVAL2_2_CHIKORITA,SNEASEL,45,"QUICK_ATTACK,SCREECH,FAINT_ATTACK,FURY_CUTTER",,0,3,4,1
TRAINER_RIVAL2_RIVAL2_2_CHIKORITA,CROBAT,48,"TOXIC,BITE,CONFUSE_RAY,WING_ATTACK",,0,3,4,2
TRAINER_RIVAL2_RIVAL2_2_CHIKORITA,MAGNETON,45,"THUNDER,SONICBOOM,THUNDER_WAVE,SWIFT",,0,3,4,3
TRAINER_RIVAL2_RIVAL2_2_CHIKORITA,GENGAR,46,"MEAN_LOOK,CURSE,SHADOW_BALL,CONFUSE_RAY",,0,3,4,4
TRAINER_RIVAL2_RIVAL2_2_CHIKORITA,ALAKAZAM,46,"RECOVER,FUTURE_SIGHT,PSYCHIC_M,REFLECT",,0,3,4,5
TRAINER_RIVAL2_RIVAL2_2_CHIKORITA,MEGANIUM,50,"GIGA_DRAIN,BODY_SLAM,LIGHT_SCREEN,SAFEGUARD",,0,3,4,6
TRAINER_RIVAL2_RIVAL2_2_CYNDAQUIL,SNEASEL,45,"QUICK_ATTACK,SCREECH,FAINT_ATTACK,FURY_CUTTER",,0,3,4,1
TRAINER_RIVAL2_RIVAL2_2_CYNDAQUIL,CROBAT,48,"TOXIC,BITE,CONFUSE_RAY,WING_ATTACK",,0,3,4,2
TRAINER_RIVAL2_RIVAL2_2_CYNDAQUIL,MAGNETON,45,"THUNDER,SONICBOOM,THUNDER_WAVE,SWIFT",,0,3,4,3
TRAINER_RIVAL2_RIVAL2_2_CYNDAQUIL,GENGAR,46,"MEAN_LOOK,CURSE,SHADOW_BALL,CONFUSE_RAY",,0,3,4,4
TRAINER_RIVAL2_RIVAL2_2_CYNDAQUIL,ALAKAZAM,46,"RECOVER,FUTURE_SIGHT,PSYCHIC_M,REFLECT",,0,3,4,5
TRAINER_RIVAL2_RIVAL2_2_CYNDAQUIL,TYPHLOSION,50,"SMOKESCREEN,QUICK_ATTACK,FIRE_BLAST,SWIFT",,0,3,4,6
TRAINER_RIVAL2_RIVAL2_2_TOTODILE,SNEASEL,45,"QUICK_ATTACK,SCREECH,FAINT_ATTACK,FURY_CUTTER",,0,3,4,1
TRAINER_RIVAL2_RIVAL2_2_TOTODILE,CROBAT,48,"TOXIC,BITE,CONFUSE_RAY,WING_ATTACK",,0,3,4,2
TRAINER_RIVAL2_RIVAL2_2_TOTODILE,MAGNETON,45,"THUNDER,SONICBOOM,THUNDER_WAVE,SWIFT",,0,3,4,3
TRAINER_RIVAL2_RIVAL2_2_TOTODILE,GENGAR,46,"MEAN_LOOK,CURSE,SHADOW_BALL,CONFUSE_RAY",,0,3,4,4
TRAINER_RIVAL2_RIVAL2_2_TOTODILE,ALAKAZAM,46,"RECOVER,FUTURE_SIGHT,PSYCHIC_M,REFLECT",,0,3,4,5
TRAINER_RIVAL2_RIVAL2_2_TOTODILE,FERALIGATR,50,"SURF,RAIN_DANCE,SLASH,SCREECH",,0,3,4,6
TRAINER_GUITARIST_CLYDE,ELECTABUZZ,34,,,0,3,4,1
TRAINER_GUITARIST_VINCENT,MAGNEMITE,27,,,0,3,4,1
TRAINER_GUITARIST_VINCENT,VOLTORB,33,,,0,3,4,2
TRAINER_GUITARIST_VINCENT,MAGNEMITE,32,,,0,3,4,3
TRAINER_GUITARIST_VINCENT,MAGNEMITE,32,,,0,3,4,4
TRAINER_HIKER_ANTHONY1,GEODUDE,16,,,0,3,4,1
TRAINER_HIKER_ANTHONY1,MACHAMP,18,,,0,3,4,2
TRAINER_HIKER_RUSSELL,GEODUDE,4,,,0,3,4,1
TRAINER_HIKER_RUSSELL,GEODUDE,6,,,0,3,4,2
TRAINER_HIKER_RUSSELL,GEODUDE,8,,,0,3,4,3
TRAINER_HIKER_PHILLIP,GEODUDE,23,,,0,3,4,1
TRAINER_HIKER_PHILLIP,GEODUDE,23,,,0,3,4,2
TRAINER_HIKER_PHILLIP,GRAVELER,23,,,0,3,4,3
TRAINER_HIKER_LEONARD,GEODUDE,23,,,0,3,4,1
TRAINER_HIKER_LEONARD,MACHOP,25,,,0,3,4,2
TRAINER_HIKER_ANTHONY2,GEODUDE,11,,,0,3,4,1
TRAINER_HIKER_ANTHONY2,MACHOP,11,,,0,3,4,2
TRAINER_HIKER_BENJAMIN,DIGLETT,14,,,0,3,4,1
TRAINER_HIKER_BENJAMIN,GEODUDE,14,,,0,3,4,2
TRAINER_HIKER_BENJAMIN,DUGTRIO,16,,,0,3,4,3
TRAINER_HIKER_ERIK,MACHOP,24,,,0,3,4,1
TRAINER_HIKER_ERIK,GRAVELER,27,,,0,3,4,2
TRAINER_HIKER_ERIK,MACHOP,27,,,0,3,4,3
TRAINER_HIKER_MICHAEL,GEODUDE,25,,,0,3,4,1
TRAINER_HIKER_MICHAEL,GRAVELER,25,,,0,3,4,2
TRAINER_HIKER_MICHAEL,GOLEM,25,,,0,3,4,3
TRAINER_HIKER_PARRY1,ONIX,34,,,0,3,4,1
TRAINER_HIKER_TIMOTHY,DIGLETT,27,"MAGNITUDE,DIG,SAND_ATTACK,SLASH",,0,3,4,1
TRAINER_HIKER_TIMOTHY,DUGTRIO,27,"MAGNITUDE,DIG,SAND_ATTACK,SLASH",,0,3,4,2
TRAINER_HIKER_BAILEY,GEODUDE,13,,,0,3,4,1
TRAINER_HIKER_BAILEY,GEODUDE,13,,,0,3,4,2
TRAINER_HIKER_BAILEY,GEODUDE,13,,,0,3,4,3
TRAINER_HIKER_BAILEY,GEODUDE,13,,,0,3,4,4
TRAINER_HIKER_BAILEY,GEODUDE,13,,,0,3,4,5
TRAINER_HIKER_ANTHONY3,GRAVELER,25,,,0,3,4,1
TRAINER_HIKER_ANTHONY3,GRAVELER,27,,,0,3,4,2
TRAINER_HIKER_ANTHONY3,MACHOKE,29,,,0,3,4,3
TRAINER_HIKER_TIM,GRAVELER,31,,,0,3,4,1
TRAINER_HIKER_TIM,GRAVELER,31,,,0,3,4,2
TRAINER_HIKER_TIM,GRAVELER,31,,,0,3,4,3
TRAINER_HIKER_NOLAND,SANDSLASH,31,,,0,3,4,1
TRAINER_HIKER_NOLAND,GOLEM,33,,,0,3,4,2
TRAINER_HIKER_SIDNEY,DUGTRIO,34,,,0,3,4,1
TRAINER_HIKER_SIDNEY,ONIX,32,,,0,3,4,2
TRAINER_HIKER_KENNY,SANDSLASH,27,,,0,3,4,1
TRAINER_HIKER_KENNY,GRAVELER,29,,,0,3,4,2
TRAINER_HIKER_KENNY,GOLEM,31,,,0,3,4,3
TRAINER_HIKER_KENNY,GRAVELER,29,,,0,3,4,4
TRAINER_HIKER_JIM,MACHAMP,35,,,0,3,4,1
TRAINER_HIKER_DANIEL,ONIX,11,,,0,3,4,1
TRAINER_HIKER_PARRY2,ONIX,38,,,0,3,4,1
TRAINER_HIKER_PARRY3,ONIX,29,,,0,3,4,1
TRAINER_BIKER_KAZU1,KOFFING,20,,,0,3,4,1
TRAINER_BIKER_KAZU1,KOFFING,20,,,0,3,4,2
TRAINER_BIKER_KAZU1,KOFFING,20,,,0,3,4,3
TRAINER_BIKER_KAZU2,KOFFING,20,,,0,3,4,1
TRAINER_BIKER_KAZU2,KOFFING,20,,,0,3,4,2
TRAINER_BIKER_KAZU2,KOFFING,20,,,0,3,4,3
TRAINER_BIKER_DWAYNE,KOFFING,27,,,0,3,4,1
TRAINER_BIKER_DWAYNE,KOFFING,28,,,0,3,4,2
TRAINER_BIKER_DWAYNE,KOFFING,29,,,0,3,4,3
TRAINER_BIKER_DWAYNE,KOFFING,30,,,0,3,4,4
TRAINER_BIKER_HARRIS,FLAREON,34,,,0,3,4,1
TRAINER_BIKER_ZEKE,KOFFING,32,,,0,3,4,1
TRAINER_BIKER_ZEKE,KOFFING,32,,,0,3,4,2
TRAINER_BIKER_CHARLES,KOFFING,30,,,0,3,4,1
TRAINER_BIKER_CHARLES,CHARMELEON,30,,,0,3,4,2
TRAINER_BIKER_CHARLES,WEEZING,30,,,0,3,4,3
TRAINER_BIKER_RILEY,WEEZING,34,,,0,3,4,1
TRAINER_BIKER_JOEL,MAGMAR,32,,,0,3,4,1
TRAINER_BIKER_JOEL,MAGMAR,32,,,0,3,4,2
TRAINER_BIKER_GLENN,KOFFING,28,,,0,3,4,1
TRAINER_BIKER_GLENN,MAGMAR,30,,,0,3,4,2
TRAINER_BIKER_GLENN,WEEZING,32,,,0,3,4,3
TRAINER_BLAINE_BLAINE1,MAGCARGO,45,"CURSE,SMOG,FLAMETHROWER,ROCK_SLIDE",,0,3,4,1
TRAINER_BLAINE_BLAINE1,MAGMAR,45,"THUNDERPUNCH,FIRE_PUNCH,SUNNY_DAY,CONFUSE_RAY",,0,3,4,2
TRAINER_BLAINE_BLAINE1,RAPIDASH,50,"QUICK_ATTACK,FIRE_SPIN,FURY_ATTACK,FIRE_BLAST",,0,3,4,3
TRAINER_BURGLAR_DUNCAN,KOFFING,23,,,0,3,4,1
TRAINER_BURGLAR_DUNCAN,MAGMAR,25,,,0,3,4,2
TRAINER_BURGLAR_DUNCAN,KOFFING,23,,,0,3,4,3
TRAINER_BURGLAR_EDDIE,GROWLITHE,26,"ROAR,EMBER,LEER,TAKE_DOWN",,0,3,4,1
TRAINER_BURGLAR_EDDIE,KOFFING,24,"TACKLE,SMOG,SLUDGE,SMOKESCREEN",,0,3,4,2
TRAINER_BURGLAR_COREY,KOFFING,25,,,0,3,4,1
TRAINER_BURGLAR_COREY,MAGMAR,28,,,0,3,4,2
TRAINER_BURGLAR_COREY,KOFFING,25,,,0,3,4,3
TRAINER_BURGLAR_COREY,KOFFING,30,,,0,3,4,4
TRAINER_FIREBREATHER_OTIS,MAGMAR,29,,,0,3,4,1
TRAINER_FIREBREATHER_OTIS,WEEZING,32,,,0,3,4,2
TRAINER_FIREBREATHER_OTIS,MAGMAR,29,,,0,3,4,3
TRAINER_FIREBREATHER_DICK,CHARMELEON,17,,,0,3,4,1
TRAINER_FIREBREATHER_NED,KOFFING,15,,,0,3,4,1
TRAINER_FIREBREATHER_NED,GROWLITHE,16,,,0,3,4,2
TRAINER_FIREBREATHER_NED,KOFFING,15,,,0,3,4,3
TRAINER_FIREBREATHER_BURT,KOFFING,32,,,0,3,4,1
TRAINER_FIREBREATHER_BURT,SLUGMA,32,,,0,3,4,2
TRAINER_FIREBREATHER_BILL,KOFFING,6,,,0,3,4,1
TRAINER_FIREBREATHER_BILL,KOFFING,6,,,0,3,4,2
TRAINER_FIREBREATHER_WALT,MAGMAR,11,,,0,3,4,1
TRAINER_FIREBREATHER_WALT,MAGMAR,13,,,0,3,4,2
TRAINER_FIREBREATHER_RAY,VULPIX,9,,,0,3,4,1
TRAINER_FIREBREATHER_LYLE,KOFFING,28,,,0,3,4,1
TRAINER_FIREBREATHER_LYLE,FLAREON,31,,,0,3,4,2
TRAINER_FIREBREATHER_LYLE,KOFFING,28,,,0,3,4,3
TRAINER_JUGGLER_IRWIN1,VOLTORB,2,,,0,3,4,1
TRAINER_JUGGLER_IRWIN1,VOLTORB,6,,,0,3,4,2
TRAINER_JUGGLER_IRWIN1,VOLTORB,10,,,0,3,4,3
TRAINER_JUGGLER_IRWIN1,VOLTORB,14,,,0,3,4,4
TRAINER_JUGGLER_FRITZ,MR__MIME,29,,,0,3,4,1
TRAINER_JUGGLER_FRITZ,MAGMAR,29,,,0,3,4,2
TRAINER_JUGGLER_FRITZ,MACHOKE,29,,,0,3,4,3
TRAINER_JUGGLER_HORTON,ELECTRODE,33,,,0,3,4,1
TRAINER_JUGGLER_HORTON,ELECTRODE,33,,,0,3,4,2
TRAINER_JUGGLER_HORTON,ELECTRODE,33,,,0,3,4,3
TRAINER_JUGGLER_HORTON,ELECTRODE,33,,,0,3,4,4
TRAINER_JUGGLER_IRWIN2,VOLTORB,6,,,0,3,4,1
TRAINER_JUGGLER_IRWIN2,VOLTORB,10,,,0,3,4,2
TRAINER_JUGGLER_IRWIN2,VOLTORB,14,,,0,3,4,3
TRAINER_JUGGLER_IRWIN2,VOLTORB,18,,,0,3,4,4
TRAINER_JUGGLER_IRWIN3,VOLTORB,18,,,0,3,4,1
TRAINER_JUGGLER_IRWIN3,VOLTORB,22,,,0,3,4,2
TRAINER_JUGGLER_IRWIN3,VOLTORB,26,,,0,3,4,3
TRAINER_JUGGLER_IRWIN3,ELECTRODE,30,,,0,3,4,4
TRAINER_BLACKBELT_T_KENJI1,ONIX,27,,,0,3,4,1
TRAINER_BLACKBELT_T_KENJI1,HITMONLEE,30,,,0,3,4,2
TRAINER_BLACKBELT_T_KENJI1,ONIX,27,,,0,3,4,3
TRAINER_BLACKBELT_T_KENJI1,MACHOKE,32,,,0,3,4,4
TRAINER_BLACKBELT_T_YOSHI,HITMONLEE,27,"DOUBLE_KICK,MEDITATE,JUMP_KICK,FOCUS_ENERGY",,0,3,4,1
TRAINER_BLACKBELT_T_KENJI2,ONIX,30,,,0,3,4,1
TRAINER_BLACKBELT_T_KENJI2,MACHAMP,37,,,0,3,4,2
TRAINER_BLACKBELT_T_KENJI2,ONIX,30,,,0,3,4,3
TRAINER_BLACKBELT_T_KENJI2,HITMONLEE,35,,,0,3,4,4
TRAINER_BLACKBELT_T_LAO,HITMONCHAN,27,"COMET_PUNCH,THUNDERPUNCH,ICE_PUNCH,FIRE_PUNCH",,0,3,4,1
TRAINER_BLACKBELT_T_NOB,MACHOP,25,"LEER,FOCUS_ENERGY,KARATE_CHOP,SEISMIC_TOSS",,0,3,4,1
TRAINER_BLACKBELT_T_NOB,MACHOKE,25,"LEER,KARATE_CHOP,SEISMIC_TOSS,ROCK_SLIDE",,0,3,4,2
TRAINER_BLACKBELT_T_KIYO,HITMONLEE,34,,,0,3,4,1
TRAINER_BLACKBELT_T_KIYO,HITMONCHAN,34,,,0,3,4,2
TRAINER_BLACKBELT_T_LUNG,MANKEY,23,,,0,3,4,1
TRAINER_BLACKBELT_T_LUNG,MANKEY,23,,,0,3,4,2
TRAINER_BLACKBELT_T_LUNG,PRIMEAPE,25,,,0,3,4,3
TRAINER_BLACKBELT_T_KENJI3,MACHOKE,28,,,0,3,4,1
TRAINER_BLACKBELT_T_WAI,MACHOKE,30,,,0,3,4,1
TRAINER_BLACKBELT_T_WAI,MACHOKE,32,,,0,3,4,2
TRAINER_BLACKBELT_T_WAI,MACHOKE,34,,,0,3,4,3
TRAINER_EXECUTIVEM_EXECUTIVEM_1,HOUNDOUR,33,"EMBER,ROAR,BITE,FAINT_ATTACK",,0,3,4,1
TRAINER_EXECUTIVEM_EXECUTIVEM_1,KOFFING,33,"TACKLE,SLUDGE,SMOKESCREEN,HAZE",,0,3,4,2
TRAINER_EXECUTIVEM_EXECUTIVEM_1,HOUNDOOM,35,"EMBER,SMOG,BITE,FAINT_ATTACK",,0,3,4,3
TRAINER_EXECUTIVEM_EXECUTIVEM_2,GOLBAT,36,"LEECH_LIFE,BITE,CONFUSE_RAY,WING_ATTACK",,0,3,4,1
TRAINER_EXECUTIVEM_EXECUTIVEM_3,KOFFING,30,"TACKLE,SELFDESTRUCT,SLUDGE,SMOKESCREEN",,0,3,4,1
TRAINER_EXECUTIVEM_EXECUTIVEM_3,KOFFING,30,"TACKLE,SELFDESTRUCT,SLUDGE,SMOKESCREEN",,0,3,4,2
TRAINER_EXECUTIVEM_EXECUTIVEM_3,KOFFING,30,"TACKLE,SELFDESTRUCT,SLUDGE,SMOKESCREEN",,0,3,4,3
TRAINER_EXECUTIVEM_EXECUTIVEM_3,WEEZING,32,"TACKLE,EXPLOSION,SLUDGE,SMOKESCREEN",,0,3,4,4
TRAINER_EXECUTIVEM_EXECUTIVEM_3,KOFFING,30,"TACKLE,SELFDESTRUCT,SLUDGE,SMOKESCREEN",,0,3,4,5
TRAINER_EXECUTIVEM_EXECUTIVEM_3,KOFFING,30,"TACKLE,SMOG,SLUDGE,SMOKESCREEN",,0,3,4,6
TRAINER_EXECUTIVEM_EXECUTIVEM_4,ZUBAT,22,,,0,3,4,1
TRAINER_EXECUTIVEM_EXECUTIVEM_4,RATICATE,24,,,0,3,4,2
TRAINER_EXECUTIVEM_EXECUTIVEM_4,KOFFING,22,,,0,3,4,3
TRAINER_PSYCHIC_T_NATHAN,GIRAFARIG,26,,,0,3,4,1
TRAINER_PSYCHIC_T_FRANKLIN,KADABRA,37,,,0,3,4,1
TRAINER_PSYCHIC_T_HERMAN,EXEGGCUTE,30,,,0,3,4,1
TRAINER_PSYCHIC_T_HERMAN,EXEGGCUTE,30,,,0,3,4,2
TRAINER_PSYCHIC_T_HERMAN,EXEGGUTOR,30,,,0,3,4,3
TRAINER_PSYCHIC_T_FIDEL,XATU,34,,,0,3,4,1
TRAINER_PSYCHIC_T_GREG,DROWZEE,17,"HYPNOSIS,DISABLE,DREAM_EATER",,0,3,4,1
TRAINER_PSYCHIC_T_NORMAN,SLOWPOKE,17,"TACKLE,GROWL,WATER_GUN",,0,3,4,1
TRAINER_PSYCHIC_T_NORMAN,SLOWPOKE,20,"CURSE,BODY_SLAM,WATER_GUN,CONFUSION",,0,3,4,2
TRAINER_PSYCHIC_T_MARK,ABRA,13,"TELEPORT,FLASH",,0,3,4,1
TRAINER_PSYCHIC_T_MARK,ABRA,13,"TELEPORT,FLASH",,0,3,4,2
TRAINER_PSYCHIC_T_MARK,KADABRA,15,"TELEPORT,KINESIS,CONFUSION",,0,3,4,3
TRAINER_PSYCHIC_T_PHIL,NATU,24,"LEER,NIGHT_SHADE,FUTURE_SIGHT,CONFUSE_RAY",,0,3,4,1
TRAINER_PSYCHIC_T_PHIL,KADABRA,26,"DISABLE,PSYBEAM,RECOVER,FUTURE_SIGHT",,0,3,4,2
TRAINER_PSYCHIC_T_RICHARD,ESPEON,36,,,0,3,4,1
TRAINER_PSYCHIC_T_GILBERT,STARMIE,30,,,0,3,4,1
TRAINER_PSYCHIC_T_GILBERT,EXEGGCUTE,30,,,0,3,4,2
TRAINER_PSYCHIC_T_GILBERT,GIRAFARIG,34,,,0,3,4,3
TRAINER_PSYCHIC_T_JARED,MR__MIME,32,,,0,3,4,1
TRAINER_PSYCHIC_T_JARED,EXEGGCUTE,32,,,0,3,4,2
TRAINER_PSYCHIC_T_JARED,EXEGGCUTE,35,,,0,3,4,3
TRAINER_PSYCHIC_T_RODNEY,DROWZEE,29,,,0,3,4,1
TRAINER_PSYCHIC_T_RODNEY,HYPNO,33,,,0,3,4,2
TRAINER_PICNICKER_LIZ1,NIDORAN_F,9,,,0,3,4,1
TRAINER_PICNICKER_GINA1,HOPPIP,9,,,0,3,4,1
TRAINER_PICNICKER_GINA1,HOPPIP,9,,,0,3,4,2
TRAINER_PICNICKER_GINA1,BULBASAUR,12,,,0,3,4,3
TRAINER_PICNICKER_BROOKE,PIKACHU,16,"THUNDERSHOCK,GROWL,QUICK_ATTACK,DOUBLE_TEAM",,0,3,4,1
TRAINER_PICNICKER_KIM,VULPIX,15,,,0,3,4,1
TRAINER_PICNICKER_CINDY,NIDOQUEEN,36,,,0,3,4,1
TRAINER_PICNICKER_HOPE,FLAAFFY,34,,,0,3,4,1
TRAINER_PICNICKER_SHARON,FURRET,31,,,0,3,4,1
TRAINER_PICNICKER_SHARON,RAPIDASH,33,,,0,3,4,2
TRAINER_PICNICKER_DEBRA,SEAKING,33,,,0,3,4,1
TRAINER_PICNICKER_GINA2,HOPPIP,14,,,0,3,4,1
TRAINER_PICNICKER_GINA2,HOPPIP,14,,,0,3,4,2
TRAINER_PICNICKER_GINA2,IVYSAUR,17,,,0,3,4,3
TRAINER_PICNICKER_ERIN1,PONYTA,16,,,0,3,4,1
TRAINER_PICNICKER_ERIN1,PONYTA,16,,,0,3,4,2
TRAINER_PICNICKER_LIZ2,WEEPINBELL,15,,,0,3,4,1
TRAINER_PICNICKER_LIZ2,NIDORINA,15,,,0,3,4,2
TRAINER_PICNICKER_LIZ3,WEEPINBELL,19,,,0,3,4,1
TRAINER_PICNICKER_LIZ3,NIDORINO,19,,,0,3,4,2
TRAINER_PICNICKER_LIZ3,NIDOQUEEN,21,,,0,3,4,3
TRAINER_PICNICKER_HEIDI,SKIPLOOM,32,,,0,3,4,1
TRAINER_PICNICKER_HEIDI,SKIPLOOM,32,,,0,3,4,2
TRAINER_PICNICKER_EDNA,NIDORINA,30,,,0,3,4,1
TRAINER_PICNICKER_EDNA,RAICHU,34,,,0,3,4,2
TRAINER_PICNICKER_GINA3,SKIPLOOM,26,,,0,3,4,1
TRAINER_PICNICKER_GINA3,SKIPLOOM,26,,,0,3,4,2
TRAINER_PICNICKER_GINA3,IVYSAUR,29,,,0,3,4,3
TRAINER_PICNICKER_TIFFANY1,CLEFAIRY,31,"ENCORE,SING,DOUBLESLAP,MINIMIZE",,0,3,4,1
TRAINER_PICNICKER_TIFFANY2,CLEFAIRY,37,"ENCORE,DOUBLESLAP,MINIMIZE,METRONOME",,0,3,4,1
TRAINER_PICNICKER_ERIN2,PONYTA,32,,,0,3,4,1
TRAINER_PICNICKER_ERIN2,PONYTA,32,,,0,3,4,2
TRAINER_PICNICKER_TANYA,EXEGGUTOR,37,,,0,3,4,1
TRAINER_PICNICKER_TIFFANY3,CLEFAIRY,20,"ENCORE,SING,DOUBLESLAP,MINIMIZE",,0,3,4,1
TRAINER_PICNICKER_ERIN3,PONYTA,36,,,0,3,4,1
TRAINER_PICNICKER_ERIN3,PONYTA,36,,,0,3,4,2
TRAINER_CAMPER_ROLAND,NIDORAN_M,9,,,0,3,4,1
TRAINER_CAMPER_TODD1,PSYDUCK,14,,,0,3,4,1
TRAINER_CAMPER_IVAN,DIGLETT,10,,,0,3,4,1
TRAINER_CAMPER_IVAN,ZUBAT,10,,,0,3,4,2
TRAINER_CAMPER_IVAN,DIGLETT,14,,,0,3,4,3
TRAINER_CAMPER_ELLIOT,SANDSHREW,13,,,0,3,4,1
TRAINER_CAMPER_ELLIOT,MARILL,15,,,0,3,4,2
TRAINER_CAMPER_BARRY,NIDOKING,36,,,0,3,4,1
TRAINER_CAMPER_LLOYD,NIDOKING,34,,,0,3,4,1
TRAINER_CAMPER_DEAN,GOLDUCK,33,,,0,3,4,1
TRAINER_CAMPER_DEAN,SANDSLASH,31,,,0,3,4,2
TRAINER_CAMPER_SID,DUGTRIO,32,,,0,3,4,1
TRAINER_CAMPER_SID,PRIMEAPE,29,,,0,3,4,2
TRAINER_CAMPER_SID,POLIWRATH,29,,,0,3,4,3
TRAINER_CAMPER_HARVEY,NIDORINO,15,,,0,3,4,1
TRAINER_CAMPER_DALE,NIDORINO,15,,,0,3,4,1
TRAINER_CAMPER_TED,MANKEY,17,,,0,3,4,1
TRAINER_CAMPER_TODD2,GEODUDE,17,,,0,3,4,1
TRAINER_CAMPER_TODD2,GEODUDE,17,,,0,3,4,2
TRAINER_CAMPER_TODD2,PSYDUCK,23,,,0,3,4,3
TRAINER_CAMPER_TODD3,GEODUDE,23,,,0,3,4,1
TRAINER_CAMPER_TODD3,GEODUDE,23,,,0,3,4,2
TRAINER_CAMPER_TODD3,PSYDUCK,26,,,0,3,4,3
TRAINER_CAMPER_THOMAS,GRAVELER,33,,,0,3,4,1
TRAINER_CAMPER_THOMAS,GRAVELER,36,,,0,3,4,2
TRAINER_CAMPER_THOMAS,GOLBAT,40,,,0,3,4,3
TRAINER_CAMPER_THOMAS,GOLDUCK,42,,,0,3,4,4
TRAINER_CAMPER_LEROY,GRAVELER,33,,,0,3,4,1
TRAINER_CAMPER_LEROY,GRAVELER,36,,,0,3,4,2
TRAINER_CAMPER_LEROY,GOLBAT,40,,,0,3,4,3
TRAINER_CAMPER_LEROY,GOLDUCK,42,,,0,3,4,4
TRAINER_CAMPER_DAVID,GRAVELER,33,,,0,3,4,1
TRAINER_CAMPER_DAVID,GRAVELER,36,,,0,3,4,2
TRAINER_CAMPER_DAVID,GOLBAT,40,,,0,3,4,3
TRAINER_CAMPER_DAVID,GOLDUCK,42,,,0,3,4,4
TRAINER_CAMPER_JOHN,GRAVELER,33,,,0,3,4,1
TRAINER_CAMPER_JOHN,GRAVELER,36,,,0,3,4,2
TRAINER_CAMPER_JOHN,GOLBAT,40,,,0,3,4,3
TRAINER_CAMPER_JOHN,GOLDUCK,42,,,0,3,4,4
TRAINER_CAMPER_JERRY,SANDSLASH,37,,,0,3,4,1
TRAINER_CAMPER_SPENCER,SANDSHREW,17,,,0,3,4,1
TRAINER_CAMPER_SPENCER,SANDSLASH,17,,,0,3,4,2
TRAINER_CAMPER_SPENCER,ZUBAT,19,,,0,3,4,3
TRAINER_EXECUTIVEF_EXECUTIVEF_1,ARBOK,32,"WRAP,POISON_STING,BITE,GLARE",,0,3,4,1
TRAINER_EXECUTIVEF_EXECUTIVEF_1,VILEPLUME,32,"ABSORB,SWEET_SCENT,SLEEP_POWDER,ACID",,0,3,4,2
TRAINER_EXECUTIVEF_EXECUTIVEF_1,MURKROW,32,"PECK,PURSUIT,HAZE,NIGHT_SHADE",,0,3,4,3
TRAINER_EXECUTIVEF_EXECUTIVEF_2,ARBOK,23,"WRAP,LEER,POISON_STING,BITE",,0,3,4,1
TRAINER_EXECUTIVEF_EXECUTIVEF_2,GLOOM,23,"ABSORB,SWEET_SCENT,SLEEP_POWDER,ACID",,0,3,4,2
TRAINER_EXECUTIVEF_EXECUTIVEF_2,MURKROW,25,"PECK,PURSUIT,HAZE",,0,3,4,3
TRAINER_SAGE_CHOW,BELLSPROUT,3,,,0,3,4,1
TRAINER_SAGE_CHOW,BELLSPROUT,3,,,0,3,4,2
TRAINER_SAGE_CHOW,BELLSPROUT,3,,,0,3,4,3
TRAINER_SAGE_NICO,BELLSPROUT,3,,,0,3,4,1
TRAINER_SAGE_NICO,BELLSPROUT,3,,,0,3,4,2
TRAINER_SAGE_NICO,BELLSPROUT,3,,,0,3,4,3
TRAINER_SAGE_JIN,BELLSPROUT,6,,,0,3,4,1
TRAINER_SAGE_TROY,BELLSPROUT,7,,,0,3,4,1
TRAINER_SAGE_TROY,HOOTHOOT,7,,,0,3,4,2
TRAINER_SAGE_JEFFREY,HAUNTER,22,,,0,3,4,1
TRAINER_SAGE_PING,GASTLY,16,,,0,3,4,1
TRAINER_SAGE_PING,GASTLY,16,,,0,3,4,2
TRAINER_SAGE_PING,GASTLY,16,,,0,3,4,3
TRAINER_SAGE_PING,GASTLY,16,,,0,3,4,4
TRAINER_SAGE_PING,GASTLY,16,,,0,3,4,5
TRAINER_SAGE_EDMOND,BELLSPROUT,3,,,0,3,4,1
TRAINER_SAGE_EDMOND,BELLSPROUT,3,,,0,3,4,2
TRAINER_SAGE_EDMOND,BELLSPROUT,3,,,0,3,4,3
TRAINER_SAGE_NEAL,BELLSPROUT,6,,,0,3,4,1
TRAINER_SAGE_LI,BELLSPROUT,7,,,0,3,4,1
TRAINER_SAGE_LI,BELLSPROUT,7,,,0,3,4,2
TRAINER_SAGE_LI,HOOTHOOT,10,,,0,3,4,3
TRAINER_MEDIUM_MARTHA,GASTLY,18,,,0,3,4,1
TRAINER_MEDIUM_MARTHA,HAUNTER,20,,,0,3,4,2
TRAINER_MEDIUM_MARTHA,GASTLY,20,,,0,3,4,3
TRAINER_MEDIUM_GRACE,HAUNTER,20,,,0,3,4,1
TRAINER_MEDIUM_GRACE,HAUNTER,20,,,0,3,4,2
TRAINER_MEDIUM_BETHANY,HAUNTER,25,,,0,3,4,1
TRAINER_MEDIUM_MARGRET,HAUNTER,25,,,0,3,4,1
TRAINER_MEDIUM_ETHEL,HAUNTER,25,,,0,3,4,1
TRAINER_MEDIUM_REBECCA,DROWZEE,35,,,0,3,4,1
TRAINER_MEDIUM_REBECCA,HYPNO,35,,,0,3,4,2
TRAINER_MEDIUM_DORIS,SLOWPOKE,34,,,0,3,4,1
TRAINER_MEDIUM_DORIS,SLOWBRO,36,,,0,3,4,2
TRAINER_BOARDER_RONALD,SEEL,24,,,0,3,4,1
TRAINER_BOARDER_RONALD,DEWGONG,25,,,0,3,4,2
TRAINER_BOARDER_RONALD,SEEL,24,,,0,3,4,3
TRAINER_BOARDER_BRAD,SWINUB,26,,,0,3,4,1
TRAINER_BOARDER_BRAD,SWINUB,26,,,0,3,4,2
TRAINER_BOARDER_DOUGLAS,SHELLDER,24,,,0,3,4,1
TRAINER_BOARDER_DOUGLAS,CLOYSTER,25,,,0,3,4,2
TRAINER_BOARDER_DOUGLAS,SHELLDER,24,,,0,3,4,3
TRAINER_POKEFANM_WILLIAM,RAICHU,14,,BERRY,0,3,4,1
TRAINER_POKEFANM_DEREK1,PIKACHU,17,,BERRY,0,3,4,1
TRAINER_POKEFANM_ROBERT,QUAGSIRE,33,,BERRY,0,3,4,1
TRAINER_POKEFANM_JOSHUA,PIKACHU,23,,BERRY,0,3,4,1
TRAINER_POKEFANM_JOSHUA,PIKACHU,23,,BERRY,0,3,4,2
TRAINER_POKEFANM_JOSHUA,PIKACHU,23,,BERRY,0,3,4,3
TRAINER_POKEFANM_JOSHUA,PIKACHU,23,,BERRY,0,3,4,4
TRAINER_POKEFANM_JOSHUA,PIKACHU,23,,BERRY,0,3,4,5
TRAINER_POKEFANM_JOSHUA,PIKACHU,23,,BERRY,0,3,4,6
TRAINER_POKEFANM_CARTER,BULBASAUR,29,,BERRY,0,3,4,1
TRAINER_POKEFANM_CARTER,CHARMANDER,29,,BERRY,0,3,4,2
TRAINER_POKEFANM_CARTER,SQUIRTLE,29,,BERRY,0,3,4,3
TRAINER_POKEFANM_TREVOR,PSYDUCK,33,,BERRY,0,3,4,1
TRAINER_POKEFANM_BRANDON,SNUBBULL,13,,BERRY,0,3,4,1
TRAINER_POKEFANM_JEREMY,MEOWTH,28,,BERRY,0,3,4,1
TRAINER_POKEFANM_JEREMY,MEOWTH,28,,BERRY,0,3,4,2
TRAINER_POKEFANM_JEREMY,MEOWTH,28,,BERRY,0,3,4,3
TRAINER_POKEFANM_COLIN,DELIBIRD,32,,BERRY,0,3,4,1
TRAINER_POKEFANM_DEREK2,PIKACHU,19,,BERRY,0,3,4,1
TRAINER_POKEFANM_DEREK3,PIKACHU,36,,BERRY,0,3,4,1
TRAINER_POKEFANM_ALEX,NIDOKING,29,,BERRY,0,3,4,1
TRAINER_POKEFANM_ALEX,SLOWKING,29,,BERRY,0,3,4,2
TRAINER_POKEFANM_ALEX,SEAKING,29,,BERRY,0,3,4,3
TRAINER_KIMONO_GIRL_KYOKO,SKIPLOOM,20,,,0,3,4,1
TRAINER_KIMONO_GIRL_KYOKO,VULPIX,20,,,0,3,4,2
TRAINER_KIMONO_GIRL_KYOKO,SKIPLOOM,18,,,0,3,4,3
TRAINER_KIMONO_GIRL_NAOKO,FLAREON,17,,,0,3,4,1
TRAINER_KIMONO_GIRL_SAYO,ESPEON,17,,,0,3,4,1
TRAINER_KIMONO_GIRL_ZUKI,UMBREON,17,,,0,3,4,1
TRAINER_KIMONO_GIRL_KUNI,VAPOREON,17,,,0,3,4,1
TRAINER_KIMONO_GIRL_MIKI,JOLTEON,17,,,0,3,4,1
TRAINER_TWINS_AMYANDMAY1,SPINARAK,10,,,0,3,4,1
TRAINER_TWINS_AMYANDMAY1,LEDYBA,10,,,0,3,4,2
TRAINER_TWINS_ANNANDANNE1,CLEFAIRY,16,"GROWL,ENCORE,DOUBLESLAP,METRONOME",,0,3,4,1
TRAINER_TWINS_ANNANDANNE1,JIGGLYPUFF,16,"SING,DEFENSE_CURL,POUND,DISABLE",,0,3,4,2
TRAINER_TWINS_ANNANDANNE2,JIGGLYPUFF,16,"SING,DEFENSE_CURL,POUND,DISABLE",,0,3,4,1
TRAINER_TWINS_ANNANDANNE2,CLEFAIRY,16,"GROWL,ENCORE,DOUBLESLAP,METRONOME",,0,3,4,2
TRAINER_TWINS_AMYANDMAY2,LEDYBA,10,,,0,3,4,1
TRAINER_TWINS_AMYANDMAY2,SPINARAK,10,,,0,3,4,2
TRAINER_TWINS_JOANDZOE1,VICTREEBEL,35,,,0,3,4,1
TRAINER_TWINS_JOANDZOE1,VILEPLUME,35,,,0,3,4,2
TRAINER_TWINS_JOANDZOE2,VILEPLUME,35,,,0,3,4,1
TRAINER_TWINS_JOANDZOE2,VICTREEBEL,35,,,0,3,4,2
TRAINER_TWINS_MEGANDPEG1,TEDDIURSA,31,,,0,3,4,1
TRAINER_TWINS_MEGANDPEG1,PHANPY,31,,,0,3,4,2
TRAINER_TWINS_MEGANDPEG2,PHANPY,31,,,0,3,4,1
TRAINER_TWINS_MEGANDPEG2,TEDDIURSA,31,,,0,3,4,2
TRAINER_POKEFANF_BEVERLY1,SNUBBULL,14,,BERRY,0,3,4,1
TRAINER_POKEFANF_RUTH,PIKACHU,17,,BERRY,0,3,4,1
TRAINER_POKEFANF_BEVERLY2,SNUBBULL,18,,BERRY,0,3,4,1
TRAINER_POKEFANF_BEVERLY3,GRANBULL,30,,BERRY,0,3,4,1
TRAINER_POKEFANF_GEORGIA,SENTRET,23,,BERRY,0,3,4,1
TRAINER_POKEFANF_GEORGIA,SENTRET,23,,BERRY,0,3,4,2
TRAINER_POKEFANF_GEORGIA,SENTRET,23,,BERRY,0,3,4,3
TRAINER_POKEFANF_GEORGIA,FURRET,28,,BERRY,0,3,4,4
TRAINER_POKEFANF_GEORGIA,SENTRET,23,,BERRY,0,3,4,5
TRAINER_RED_RED1,PIKACHU,81,"CHARM,QUICK_ATTACK,THUNDERBOLT,THUNDER",,0,3,4,1
TRAINER_RED_RED1,ESPEON,73,"MUD_SLAP,REFLECT,SWIFT,PSYCHIC_M",,0,3,4,2
TRAINER_RED_RED1,SNORLAX,75,"AMNESIA,SNORE,REST,BODY_SLAM",,0,3,4,3
TRAINER_RED_RED1,VENUSAUR,77,"SUNNY_DAY,GIGA_DRAIN,SYNTHESIS,SOLARBEAM",,0,3,4,4
TRAINER_RED_RED1,CHARIZARD,77,"FLAMETHROWER,WING_ATTACK,SLASH,FIRE_SPIN",,0,3,4,5
TRAINER_RED_RED1,BLASTOISE,77,"RAIN_DANCE,SURF,BLIZZARD,WHIRLPOOL",,0,3,4,6
TRAINER_BLUE_BLUE1,PIDGEOT,56,"QUICK_ATTACK,WHIRLWIND,WING_ATTACK,MIRROR_MOVE",,0,3,4,1
TRAINER_BLUE_BLUE1,ALAKAZAM,54,"DISABLE,RECOVER,PSYCHIC_M,REFLECT",,0,3,4,2
TRAINER_BLUE_BLUE1,RHYDON,56,"FURY_ATTACK,SANDSTORM,ROCK_SLIDE,EARTHQUAKE",,0,3,4,3
TRAINER_BLUE_BLUE1,GYARADOS,58,"TWISTER,HYDRO_PUMP,RAIN_DANCE,HYPER_BEAM",,0,3,4,4
TRAINER_BLUE_BLUE1,EXEGGUTOR,58,"SUNNY_DAY,LEECH_SEED,EGG_BOMB,SOLARBEAM",,0,3,4,5
TRAINER_BLUE_BLUE1,ARCANINE,58,"ROAR,SWIFT,FLAMETHROWER,EXTREMESPEED",,0,3,4,6
TRAINER_OFFICER_KEITH,GROWLITHE,17,,,0,3,4,1
TRAINER_OFFICER_DIRK,GROWLITHE,14,,,0,3,4,1
TRAINER_OFFICER_DIRK,GROWLITHE,14,,,0,3,4,2
TRAINER_GRUNTF_GRUNTF_1,ZUBAT,9,,,0,3,4,1
TRAINER_GRUNTF_GRUNTF_1,EKANS,11,,,0,3,4,2
TRAINER_GRUNTF_GRUNTF_2,ARBOK,26,,,0,3,4,1
TRAINER_GRUNTF_GRUNTF_3,GLOOM,25,,,0,3,4,1
TRAINER_GRUNTF_GRUNTF_3,GLOOM,25,,,0,3,4,2
TRAINER_GRUNTF_GRUNTF_4,EKANS,21,,,0,3,4,1
TRAINER_GRUNTF_GRUNTF_4,ODDISH,23,,,0,3,4,2
TRAINER_GRUNTF_GRUNTF_4,EKANS,21,,,0,3,4,3
TRAINER_GRUNTF_GRUNTF_4,GLOOM,24,,,0,3,4,4
TRAINER_GRUNTF_GRUNTF_5,EKANS,18,"WRAP,LEER,POISON_STING,BITE",,0,3,4,1
TRAINER_GRUNTF_GRUNTF_5,GLOOM,18,"ABSORB,SWEET_SCENT,STUN_SPORE,SLEEP_POWDER",,0,3,4,2
