encounter_name,trainer_name,trainer_class,canonical_location_id,canonical_location_name,is_rematch,is_event,trainer_items,trainer_pic,trainer_double,details,version_group_id,load_build,game_id,gen1_class,gen1_index,map,source,map_line,x,y,location_method
TRAINER_YOUNGSTER_1,,TRAINER_CLASS_YOUNGSTER,8,Route 3,,,,TRAINER_PIC_YOUNGSTER,,"redblue_map=Route3; source=object_event; map_line=23; object_xy=14,4; script_label=TEXT_ROUTE3_YOUNGSTER2",1,4,,YOUNGSTER,1,Route3,object_event,23,14,4,route
TRAINER_YOUNGSTER_2,,TRAINER_CLASS_YOUNGSTER,8,Route 3,,,,TRAINER_PIC_YOUNGSTER,,"redblue_map=Route3; source=object_event; map_line=27; object_xy=22,9; script_label=TEXT_ROUTE3_YOUNGSTER4",1,4,,YOUNGSTER,2,Route3,object_event,27,22,9,route
TRAINER_YOUNGSTER_3,,TRAINER_CLASS_YOUNGSTER,10,Mt. Moon,,,,TRAINER_PIC_YOUNGSTER,,"redblue_map=MtMoon1F; source=object_event; map_line=31; object_xy=12,16; script_label=TEXT_MTMOON1F_YOUNGSTER1",1,4,,YOUNGSTER,3,MtMoon1F,object_event,31,12,16,manual
TRAINER_YOUNGSTER_4,,TRAINER_CLASS_YOUNGSTER,12,Route 24,,,,TRAINER_PIC_YOUNGSTER,,"redblue_map=Route24; source=object_event; map_line=23; object_xy=11,25; script_label=TEXT_ROUTE24_YOUNGSTER1",1,4,,YOUNGSTER,4,Route24,object_event,23,11,25,route
TRAINER_YOUNGSTER_5,,TRAINER_CLASS_YOUNGSTER,13,Route 25,,,,TRAINER_PIC_YOUNGSTER,,"redblue_map=Route25; source=object_event; map_line=23; object_xy=14,2; script_label=TEXT_ROUTE25_YOUNGSTER1",1,4,,YOUNGSTER,5,Route25,object_event,23,14,2,route
TRAINER_YOUNGSTER_6,,TRAINER_CLASS_YOUNGSTER,13,Route 25,,,,TRAINER_PIC_YOUNGSTER,,"redblue_map=Route25; source=object_event; map_line=24; object_xy=18,5; script_label=TEXT_ROUTE25_YOUNGSTER2",1,4,,YOUNGSTER,6,Route25,object_event,24,18,5,route
TRAINER_YOUNGSTER_7,,TRAINER_CLASS_YOUNGSTER,13,Route 25,,,,TRAINER_PIC_YOUNGSTER,,"redblue_map=Route25; source=object_event; map_line=27; object_xy=32,3; script_label=TEXT_ROUTE25_YOUNGSTER3",1,4,,YOUNGSTER,7,Route25,object_event,27,32,3,route
TRAINER_YOUNGSTER_8,,TRAINER_CLASS_YOUNGSTER,16,Vermilion City,,,,TRAINER_PIC_YOUNGSTER,,"redblue_map=SSAnne1FRooms; source=object_event; map_line=30; object_xy=11,14; script_label=TEXT_SSANNE1FROOMS_YOUNGSTER",1,4,,YOUNGSTER,8,SSAnne1FRooms,object_event,30,11,14,manual
TRAINER_YOUNGSTER_9,,TRAINER_CLASS_YOUNGSTER,17,Route 11,,,,TRAINER_PIC_YOUNGSTER,,"redblue_map=Route11; source=object_event; map_line=29; object_xy=13,5; script_label=TEXT_ROUTE11_YOUNGSTER1",1,4,,YOUNGSTER,9,Route11,object_event,29,13,5,route
TRAINER_YOUNGSTER_10,,TRAINER_CLASS_YOUNGSTER,17,Route 11,,,,TRAINER_PIC_YOUNGSTER,,"redblue_map=Route11; source=object_event; map_line=31; object_xy=22,4; script_label=TEXT_ROUTE11_YOUNGSTER2",1,4,,YOUNGSTER,10,Route11,object_event,31,22,4,route
TRAINER_YOUNGSTER_11,,TRAINER_CLASS_YOUNGSTER,17,Route 11,,,,TRAINER_PIC_YOUNGSTER,,"redblue_map=Route11; source=object_event; map_line=34; object_xy=43,5; script_label=TEXT_ROUTE11_YOUNGSTER3",1,4,,YOUNGSTER,11,Route11,object_event,34,43,5,route
TRAINER_YOUNGSTER_12,,TRAINER_CLASS_YOUNGSTER,17,Route 11,,,,TRAINER_PIC_YOUNGSTER,,"redblue_map=Route11; source=object_event; map_line=36; object_xy=22,12; script_label=TEXT_ROUTE11_YOUNGSTER4",1,4,,YOUNGSTER,12,Route11,object_event,36,22,12,route
TRAINER_YOUNGSTER_13,,TRAINER_CLASS_YOUNGSTER,,,,,,TRAINER_PIC_YOUNGSTER,,party exists in decomp but no map object/script trainer reference was found,1,4,,YOUNGSTER,13,,,,,,unreferenced
TRAINER_BUG_CATCHER_1,,TRAINER_CLASS_BUG_CATCHER,7,Viridian  Forest,,,,TRAINER_PIC_BUG_CATCHER,,"redblue_map=ViridianForest; source=object_event; map_line=32; object_xy=30,33; script_label=TEXT_VIRIDIANFOREST_YOUNGSTER2",1,4,,BUG_CATCHER,1,ViridianForest,object_event,32,30,33,manual
TRAINER_BUG_CATCHER_2,,TRAINER_CLASS_BUG_CATCHER,7,Viridian  Forest,,,,TRAINER_PIC_BUG_CATCHER,,"redblue_map=ViridianForest; source=object_event; map_line=33; object_xy=30,19; script_label=TEXT_VIRIDIANFOREST_YOUNGSTER3",1,4,,BUG_CATCHER,2,ViridianForest,object_event,33,30,19,manual
TRAINER_BUG_CATCHER_3,,TRAINER_CLASS_BUG_CATCHER,7,Viridian  Forest,,,,TRAINER_PIC_BUG_CATCHER,,"redblue_map=ViridianForest; source=object_event; map_line=34; object_xy=2,18; script_label=TEXT_VIRIDIANFOREST_YOUNGSTER4",1,4,,BUG_CATCHER,3,ViridianForest,object_event,34,2,18,manual
TRAINER_BUG_CATCHER_4,,TRAINER_CLASS_BUG_CATCHER,8,Route 3,,,,TRAINER_PIC_BUG_CATCHER,,"redblue_map=Route3; source=object_event; map_line=22; object_xy=10,6; script_label=TEXT_ROUTE3_YOUNGSTER1",1,4,,BUG_CATCHER,4,Route3,object_event,22,10,6,route
TRAINER_BUG_CATCHER_5,,TRAINER_CLASS_BUG_CATCHER,8,Route 3,,,,TRAINER_PIC_BUG_CATCHER,,"redblue_map=Route3; source=object_event; map_line=25; object_xy=19,5; script_label=TEXT_ROUTE3_YOUNGSTER3",1,4,,BUG_CATCHER,5,Route3,object_event,25,19,5,route
TRAINER_BUG_CATCHER_6,,TRAINER_CLASS_BUG_CATCHER,8,Route 3,,,,TRAINER_PIC_BUG_CATCHER,,"redblue_map=Route3; source=object_event; map_line=28; object_xy=24,6; script_label=TEXT_ROUTE3_YOUNGSTER5",1,4,,BUG_CATCHER,6,Route3,object_event,28,24,6,route
TRAINER_BUG_CATCHER_7,,TRAINER_CLASS_BUG_CATCHER,10,Mt. Moon,,,,TRAINER_PIC_BUG_CATCHER,,"redblue_map=MtMoon1F; source=object_event; map_line=35; object_xy=7,22; script_label=TEXT_MTMOON1F_YOUNGSTER2",1,4,,BUG_CATCHER,7,MtMoon1F,object_event,35,7,22,manual
TRAINER_BUG_CATCHER_8,,TRAINER_CLASS_BUG_CATCHER,10,Mt. Moon,,,,TRAINER_PIC_BUG_CATCHER,,"redblue_map=MtMoon1F; source=object_event; map_line=36; object_xy=30,27; script_label=TEXT_MTMOON1F_YOUNGSTER3",1,4,,BUG_CATCHER,8,MtMoon1F,object_event,36,30,27,manual
TRAINER_BUG_CATCHER_9,,TRAINER_CLASS_BUG_CATCHER,12,Route 24,,,,TRAINER_PIC_BUG_CATCHER,,"redblue_map=Route24; source=object_event; map_line=25; object_xy=11,31; script_label=TEXT_ROUTE24_YOUNGSTER2",1,4,,BUG_CATCHER,9,Route24,object_event,25,11,31,route
TRAINER_BUG_CATCHER_10,,TRAINER_CLASS_BUG_CATCHER,15,Route 6,,,,TRAINER_PIC_BUG_CATCHER,,"redblue_map=Route6; source=object_event; map_line=24; object_xy=0,15; script_label=TEXT_ROUTE6_YOUNGSTER1",1,4,,BUG_CATCHER,10,Route6,object_event,24,0,15,route
TRAINER_BUG_CATCHER_11,,TRAINER_CLASS_BUG_CATCHER,15,Route 6,,,,TRAINER_PIC_BUG_CATCHER,,"redblue_map=Route6; source=object_event; map_line=27; object_xy=19,26; script_label=TEXT_ROUTE6_YOUNGSTER2",1,4,,BUG_CATCHER,11,Route6,object_event,27,19,26,route
TRAINER_BUG_CATCHER_12,,TRAINER_CLASS_BUG_CATCHER,,,,,,TRAINER_PIC_BUG_CATCHER,,party exists in decomp but no map object/script trainer reference was found,1,4,,BUG_CATCHER,12,,,,,,unreferenced
TRAINER_BUG_CATCHER_13,,TRAINER_CLASS_BUG_CATCHER,19,Route 9,,,,TRAINER_PIC_BUG_CATCHER,,"redblue_map=Route9; source=object_event; map_line=28; object_xy=22,2; script_label=TEXT_ROUTE9_YOUNGSTER1",1,4,,BUG_CATCHER,13,Route9,object_event,28,22,2,route
TRAINER_BUG_CATCHER_14,,TRAINER_CLASS_BUG_CATCHER,19,Route 9,,,,TRAINER_PIC_BUG_CATCHER,,"redblue_map=Route9; source=object_event; map_line=30; object_xy=40,8; script_label=TEXT_ROUTE9_YOUNGSTER2",1,4,,BUG_CATCHER,14,Route9,object_event,30,40,8,route
TRAINER_LASS_1,,TRAINER_CLASS_LASS,8,Route 3,,,,TRAINER_PIC_LASS,,"redblue_map=Route3; source=object_event; map_line=24; object_xy=16,9; script_label=TEXT_ROUTE3_COOLTRAINER_F1",1,4,,LASS,1,Route3,object_event,24,16,9,route
TRAINER_LASS_2,,TRAINER_CLASS_LASS,8,Route 3,,,,TRAINER_PIC_LASS,,"redblue_map=Route3; source=object_event; map_line=26; object_xy=23,4; script_label=TEXT_ROUTE3_COOLTRAINER_F2",1,4,,LASS,2,Route3,object_event,26,23,4,route
TRAINER_LASS_3,,TRAINER_CLASS_LASS,8,Route 3,,,,TRAINER_PIC_LASS,,"redblue_map=Route3; source=object_event; map_line=29; object_xy=33,10; script_label=TEXT_ROUTE3_COOLTRAINER_F3",1,4,,LASS,3,Route3,object_event,29,33,10,route
TRAINER_LASS_4,,TRAINER_CLASS_LASS,9,Route 4,,,,TRAINER_PIC_LASS,,"redblue_map=Route4; source=object_event; map_line=21; object_xy=63,3; script_label=TEXT_ROUTE4_COOLTRAINER_F2",1,4,,LASS,4,Route4,object_event,21,63,3,route
TRAINER_LASS_5,,TRAINER_CLASS_LASS,10,Mt. Moon,,,,TRAINER_PIC_LASS,,"redblue_map=MtMoon1F; source=object_event; map_line=32; object_xy=30,4; script_label=TEXT_MTMOON1F_COOLTRAINER_F1",1,4,,LASS,5,MtMoon1F,object_event,32,30,4,manual
TRAINER_LASS_6,,TRAINER_CLASS_LASS,10,Mt. Moon,,,,TRAINER_PIC_LASS,,"redblue_map=MtMoon1F; source=object_event; map_line=34; object_xy=16,23; script_label=TEXT_MTMOON1F_COOLTRAINER_F2",1,4,,LASS,6,MtMoon1F,object_event,34,16,23,manual
TRAINER_LASS_7,,TRAINER_CLASS_LASS,12,Route 24,,,,TRAINER_PIC_LASS,,"redblue_map=Route24; source=object_event; map_line=22; object_xy=10,22; script_label=TEXT_ROUTE24_COOLTRAINER_F1",1,4,,LASS,7,Route24,object_event,22,10,22,route
TRAINER_LASS_8,,TRAINER_CLASS_LASS,12,Route 24,,,,TRAINER_PIC_LASS,,"redblue_map=Route24; source=object_event; map_line=24; object_xy=10,28; script_label=TEXT_ROUTE24_COOLTRAINER_F2",1,4,,LASS,8,Route24,object_event,24,10,28,route
TRAINER_LASS_9,,TRAINER_CLASS_LASS,13,Route 25,,,,TRAINER_PIC_LASS,,"redblue_map=Route25; source=object_event; map_line=26; object_xy=18,8; script_label=TEXT_ROUTE25_COOLTRAINER_F1",1,4,,LASS,9,Route25,object_event,26,18,8,route
TRAINER_LASS_10,,TRAINER_CLASS_LASS,13,Route 25,,,,TRAINER_PIC_LASS,,"redblue_map=Route25; source=object_event; map_line=28; object_xy=37,4; script_label=TEXT_ROUTE25_COOLTRAINER_F2",1,4,,LASS,10,Route25,object_event,28,37,4,route
TRAINER_LASS_11,,TRAINER_CLASS_LASS,16,Vermilion City,,,,TRAINER_PIC_LASS,,"redblue_map=SSAnne1FRooms; source=object_event; map_line=31; object_xy=13,11; script_label=TEXT_SSANNE1FROOMS_COOLTRAINER_F",1,4,,LASS,11,SSAnne1FRooms,object_event,31,13,11,manual
TRAINER_LASS_12,,TRAINER_CLASS_LASS,16,Vermilion City,,,,TRAINER_PIC_LASS,,"redblue_map=SSAnne2FRooms; source=object_event; map_line=39; object_xy=2,11; script_label=TEXT_SSANNE2FROOMS_COOLTRAINER_F",1,4,,LASS,12,SSAnne2FRooms,object_event,39,2,11,manual
TRAINER_LASS_13,,TRAINER_CLASS_LASS,24,Route 8,,,,TRAINER_PIC_LASS,,"redblue_map=Route8; source=object_event; map_line=29; object_xy=26,3; script_label=TEXT_ROUTE8_COOLTRAINER_F1",1,4,,LASS,13,Route8,object_event,29,26,3,route
TRAINER_LASS_14,,TRAINER_CLASS_LASS,24,Route 8,,,,TRAINER_PIC_LASS,,"redblue_map=Route8; source=object_event; map_line=31; object_xy=26,5; script_label=TEXT_ROUTE8_COOLTRAINER_F2",1,4,,LASS,14,Route8,object_event,31,26,5,route
TRAINER_LASS_15,,TRAINER_CLASS_LASS,24,Route 8,,,,TRAINER_PIC_LASS,,"redblue_map=Route8; source=object_event; map_line=32; object_xy=26,6; script_label=TEXT_ROUTE8_COOLTRAINER_F3",1,4,,LASS,15,Route8,object_event,32,26,6,route
TRAINER_LASS_16,,TRAINER_CLASS_LASS,24,Route 8,,,,TRAINER_PIC_LASS,,"redblue_map=Route8; source=object_event; map_line=34; object_xy=51,12; script_label=TEXT_ROUTE8_COOLTRAINER_F4",1,4,,LASS,16,Route8,object_event,34,51,12,route
TRAINER_LASS_17,,TRAINER_CLASS_LASS,26,Celadon City,,,,TRAINER_PIC_LASS,,"redblue_map=CeladonGym; source=object_event; map_line=22; object_xy=2,11; script_label=TEXT_CELADONGYM_COOLTRAINER_F1",1,4,,LASS,17,CeladonGym,object_event,22,2,11,manual
TRAINER_LASS_18,,TRAINER_CLASS_LASS,26,Celadon City,,,,TRAINER_PIC_LASS,,"redblue_map=CeladonGym; source=object_event; map_line=26; object_xy=6,3; script_label=TEXT_CELADONGYM_COOLTRAINER_F3",1,4,,LASS,18,CeladonGym,object_event,26,6,3,manual
TRAINER_SAILOR_1,,TRAINER_CLASS_SAILOR,16,Vermilion City,,,,TRAINER_PIC_SAILOR,,"redblue_map=SSAnneBow; source=object_event; map_line=21; object_xy=4,4; script_label=TEXT_SSANNEBOW_SAILOR2",1,4,,SAILOR,1,SSAnneBow,object_event,21,4,4,manual
TRAINER_SAILOR_2,,TRAINER_CLASS_SAILOR,16,Vermilion City,,,,TRAINER_PIC_SAILOR,,"redblue_map=SSAnneBow; source=object_event; map_line=22; object_xy=10,8; script_label=TEXT_SSANNEBOW_SAILOR3",1,4,,SAILOR,2,SSAnneBow,object_event,22,10,8,manual
TRAINER_SAILOR_3,,TRAINER_CLASS_SAILOR,16,Vermilion City,,,,TRAINER_PIC_SAILOR,,"redblue_map=SSAnneB1FRooms; source=object_event; map_line=32; object_xy=0,13; script_label=TEXT_SSANNEB1FROOMS_SAILOR1",1,4,,SAILOR,3,SSAnneB1FRooms,object_event,32,0,13,manual
TRAINER_SAILOR_4,,TRAINER_CLASS_SAILOR,16,Vermilion City,,,,TRAINER_PIC_SAILOR,,"redblue_map=SSAnneB1FRooms; source=object_event; map_line=33; object_xy=2,11; script_label=TEXT_SSANNEB1FROOMS_SAILOR2",1,4,,SAILOR,4,SSAnneB1FRooms,object_event,33,2,11,manual
TRAINER_SAILOR_5,,TRAINER_CLASS_SAILOR,16,Vermilion City,,,,TRAINER_PIC_SAILOR,,"redblue_map=SSAnneB1FRooms; source=object_event; map_line=34; object_xy=12,3; script_label=TEXT_SSANNEB1FROOMS_SAILOR3",1,4,,SAILOR,5,SSAnneB1FRooms,object_event,34,12,3,manual
TRAINER_SAILOR_6,,TRAINER_CLASS_SAILOR,16,Vermilion City,,,,TRAINER_PIC_SAILOR,,"redblue_map=SSAnneB1FRooms; source=object_event; map_line=35; object_xy=22,2; script_label=TEXT_SSANNEB1FROOMS_SAILOR4",1,4,,SAILOR,6,SSAnneB1FRooms,object_event,35,22,2,manual
TRAINER_SAILOR_7,,TRAINER_CLASS_SAILOR,16,Vermilion City,,,,TRAINER_PIC_SAILOR,,"redblue_map=SSAnneB1FRooms; source=object_event; map_line=36; object_xy=0,2; script_label=TEXT_SSANNEB1FROOMS_SAILOR5",1,4,,SAILOR,7,SSAnneB1FRooms,object_event,36,0,2,manual
TRAINER_SAILOR_8,,TRAINER_CLASS_SAILOR,16,Vermilion City,,,,TRAINER_PIC_SAILOR,,"redblue_map=VermilionGym; source=object_event; map_line=21; object_xy=0,10; script_label=TEXT_VERMILIONGYM_SAILOR",1,4,,SAILOR,8,VermilionGym,object_event,21,0,10,manual
TRAINER_JR_TRAINER_M_1,,TRAINER_CLASS_JR_TRAINER_M,,,,,,TRAINER_PIC_JR_TRAINER_M,,"redblue_map=PewterGym; source=object_event; map_line=17; object_xy=3,6; script_label=TEXT_PEWTERGYM_COOLTRAINER_M; canonical candidate 54 Pewter City is not in Gen I event_locations",1,4,,JR_TRAINER_M,1,PewterGym,object_event,17,3,6,canon_not_in_event
TRAINER_JR_TRAINER_M_2,,TRAINER_CLASS_JR_TRAINER_M,12,Route 24,,,,TRAINER_PIC_JR_TRAINER_M,,"redblue_map=Route24; source=object_event; map_line=20; object_xy=5,20; script_label=TEXT_ROUTE24_COOLTRAINER_M2",1,4,,JR_TRAINER_M,2,Route24,object_event,20,5,20,route
TRAINER_JR_TRAINER_M_3,,TRAINER_CLASS_JR_TRAINER_M,12,Route 24,,,,TRAINER_PIC_JR_TRAINER_M,,"redblue_map=Route24; source=object_event; map_line=21; object_xy=11,19; script_label=TEXT_ROUTE24_COOLTRAINER_M3",1,4,,JR_TRAINER_M,3,Route24,object_event,21,11,19,route
TRAINER_JR_TRAINER_M_4,,TRAINER_CLASS_JR_TRAINER_M,15,Route 6,,,,TRAINER_PIC_JR_TRAINER_M,,"redblue_map=Route6; source=object_event; map_line=22; object_xy=10,21; script_label=TEXT_ROUTE6_COOLTRAINER_M1",1,4,,JR_TRAINER_M,4,Route6,object_event,22,10,21,route
TRAINER_JR_TRAINER_M_5,,TRAINER_CLASS_JR_TRAINER_M,15,Route 6,,,,TRAINER_PIC_JR_TRAINER_M,,"redblue_map=Route6; source=object_event; map_line=25; object_xy=11,31; script_label=TEXT_ROUTE6_COOLTRAINER_M2",1,4,,JR_TRAINER_M,5,Route6,object_event,25,11,31,route
TRAINER_JR_TRAINER_M_6,,TRAINER_CLASS_JR_TRAINER_M,,,,,,TRAINER_PIC_JR_TRAINER_M,,party exists in decomp but no map object/script trainer reference was found,1,4,,JR_TRAINER_M,6,,,,,,unreferenced
TRAINER_JR_TRAINER_M_7,,TRAINER_CLASS_JR_TRAINER_M,19,Route 9,,,,TRAINER_PIC_JR_TRAINER_M,,"redblue_map=Route9; source=object_event; map_line=23; object_xy=24,7; script_label=TEXT_ROUTE9_COOLTRAINER_M1",1,4,,JR_TRAINER_M,7,Route9,object_event,23,24,7,route
TRAINER_JR_TRAINER_M_8,,TRAINER_CLASS_JR_TRAINER_M,19,Route 9,,,,TRAINER_PIC_JR_TRAINER_M,,"redblue_map=Route9; source=object_event; map_line=24; object_xy=31,7; script_label=TEXT_ROUTE9_COOLTRAINER_M2",1,4,,JR_TRAINER_M,8,Route9,object_event,24,31,7,route
TRAINER_JR_TRAINER_M_9,,TRAINER_CLASS_JR_TRAINER_M,23,Route 12,,,,TRAINER_PIC_JR_TRAINER_M,,"redblue_map=Route12; source=object_event; map_line=30; object_xy=11,92; script_label=TEXT_ROUTE12_COOLTRAINER_M",1,4,,JR_TRAINER_M,9,Route12,object_event,30,11,92,route
TRAINER_JR_TRAINER_F_1,,TRAINER_CLASS_JR_TRAINER_F,11,Cerulean City,,,,TRAINER_PIC_JR_TRAINER_F,,"redblue_map=CeruleanGym; source=object_event; map_line=18; object_xy=2,3; script_label=TEXT_CERULEANGYM_COOLTRAINER_F",1,4,,JR_TRAINER_F,1,CeruleanGym,object_event,18,2,3,manual
TRAINER_JR_TRAINER_F_2,,TRAINER_CLASS_JR_TRAINER_F,15,Route 6,,,,TRAINER_PIC_JR_TRAINER_F,,"redblue_map=Route6; source=object_event; map_line=23; object_xy=11,21; script_label=TEXT_ROUTE6_COOLTRAINER_F1",1,4,,JR_TRAINER_F,2,Route6,object_event,23,11,21,route
TRAINER_JR_TRAINER_F_3,,TRAINER_CLASS_JR_TRAINER_F,15,Route 6,,,,TRAINER_PIC_JR_TRAINER_F,,"redblue_map=Route6; source=object_event; map_line=26; object_xy=11,30; script_label=TEXT_ROUTE6_COOLTRAINER_F2",1,4,,JR_TRAINER_F,3,Route6,object_event,26,11,30,route
TRAINER_JR_TRAINER_F_4,,TRAINER_CLASS_JR_TRAINER_F,,,,,,TRAINER_PIC_JR_TRAINER_F,,party exists in decomp but no map object/script trainer reference was found,1,4,,JR_TRAINER_F,4,,,,,,unreferenced
TRAINER_JR_TRAINER_F_5,,TRAINER_CLASS_JR_TRAINER_F,19,Route 9,,,,TRAINER_PIC_JR_TRAINER_F,,"redblue_map=Route9; source=object_event; map_line=22; object_xy=13,10; script_label=TEXT_ROUTE9_COOLTRAINER_F1",1,4,,JR_TRAINER_F,5,Route9,object_event,22,13,10,route
TRAINER_JR_TRAINER_F_6,,TRAINER_CLASS_JR_TRAINER_F,19,Route 9,,,,TRAINER_PIC_JR_TRAINER_F,,"redblue_map=Route9; source=object_event; map_line=25; object_xy=48,8; script_label=TEXT_ROUTE9_COOLTRAINER_F2",1,4,,JR_TRAINER_F,6,Route9,object_event,25,48,8,route
TRAINER_JR_TRAINER_F_7,,TRAINER_CLASS_JR_TRAINER_F,20,Route 10,,,,TRAINER_PIC_JR_TRAINER_F,,"redblue_map=Route10; source=object_event; map_line=28; object_xy=7,25; script_label=TEXT_ROUTE10_COOLTRAINER_F1",1,4,,JR_TRAINER_F,7,Route10,object_event,28,7,25,route
TRAINER_JR_TRAINER_F_8,,TRAINER_CLASS_JR_TRAINER_F,20,Route 10,,,,TRAINER_PIC_JR_TRAINER_F,,"redblue_map=Route10; source=object_event; map_line=30; object_xy=7,54; script_label=TEXT_ROUTE10_COOLTRAINER_F2",1,4,,JR_TRAINER_F,8,Route10,object_event,30,7,54,route
TRAINER_JR_TRAINER_F_9,,TRAINER_CLASS_JR_TRAINER_F,21,Rock Tunnel,,,,TRAINER_PIC_JR_TRAINER_F,,"redblue_map=RockTunnelB1F; source=object_event; map_line=23; object_xy=11,13; script_label=TEXT_ROCKTUNNELB1F_COOLTRAINER_F1",1,4,,JR_TRAINER_F,9,RockTunnelB1F,object_event,23,11,13,manual
TRAINER_JR_TRAINER_F_10,,TRAINER_CLASS_JR_TRAINER_F,21,Rock Tunnel,,,,TRAINER_PIC_JR_TRAINER_F,,"redblue_map=RockTunnelB1F; source=object_event; map_line=28; object_xy=14,28; script_label=TEXT_ROCKTUNNELB1F_COOLTRAINER_F2",1,4,,JR_TRAINER_F,10,RockTunnelB1F,object_event,28,14,28,manual
TRAINER_JR_TRAINER_F_11,,TRAINER_CLASS_JR_TRAINER_F,26,Celadon City,,,,TRAINER_PIC_JR_TRAINER_F,,"redblue_map=CeladonGym; source=object_event; map_line=24; object_xy=9,5; script_label=TEXT_CELADONGYM_COOLTRAINER_F2",1,4,,JR_TRAINER_F,11,CeladonGym,object_event,24,9,5,manual
TRAINER_JR_TRAINER_F_12,,TRAINER_CLASS_JR_TRAINER_F,36,Route 13,,,,TRAINER_PIC_JR_TRAINER_F,,"redblue_map=Route13; source=object_event; map_line=25; object_xy=48,10; script_label=TEXT_ROUTE13_COOLTRAINER_F1",1,4,,JR_TRAINER_F,12,Route13,object_event,25,48,10,route
TRAINER_JR_TRAINER_F_13,,TRAINER_CLASS_JR_TRAINER_F,36,Route 13,,,,TRAINER_PIC_JR_TRAINER_F,,"redblue_map=Route13; source=object_event; map_line=26; object_xy=27,9; script_label=TEXT_ROUTE13_COOLTRAINER_F2",1,4,,JR_TRAINER_F,13,Route13,object_event,26,27,9,route
TRAINER_JR_TRAINER_F_14,,TRAINER_CLASS_JR_TRAINER_F,36,Route 13,,,,TRAINER_PIC_JR_TRAINER_F,,"redblue_map=Route13; source=object_event; map_line=27; object_xy=23,10; script_label=TEXT_ROUTE13_COOLTRAINER_F3",1,4,,JR_TRAINER_F,14,Route13,object_event,27,23,10,route
TRAINER_JR_TRAINER_F_15,,TRAINER_CLASS_JR_TRAINER_F,36,Route 13,,,,TRAINER_PIC_JR_TRAINER_F,,"redblue_map=Route13; source=object_event; map_line=28; object_xy=50,5; script_label=TEXT_ROUTE13_COOLTRAINER_F4",1,4,,JR_TRAINER_F,15,Route13,object_event,28,50,5,route
TRAINER_JR_TRAINER_F_16,,TRAINER_CLASS_JR_TRAINER_F,39,Route 20,,,,TRAINER_PIC_JR_TRAINER_F,,"redblue_map=Route20; source=object_event; map_line=33; object_xy=24,12; script_label=TEXT_ROUTE20_SWIMMER8",1,4,,JR_TRAINER_F,16,Route20,object_event,33,24,12,route
TRAINER_JR_TRAINER_F_17,,TRAINER_CLASS_JR_TRAINER_F,21,Rock Tunnel,,,,TRAINER_PIC_JR_TRAINER_F,,"redblue_map=RockTunnel1F; source=object_event; map_line=31; object_xy=37,21; script_label=TEXT_ROCKTUNNEL1F_COOLTRAINER_F1",1,4,,JR_TRAINER_F,17,RockTunnel1F,object_event,31,37,21,manual
TRAINER_JR_TRAINER_F_18,,TRAINER_CLASS_JR_TRAINER_F,21,Rock Tunnel,,,,TRAINER_PIC_JR_TRAINER_F,,"redblue_map=RockTunnel1F; source=object_event; map_line=32; object_xy=22,24; script_label=TEXT_ROCKTUNNEL1F_COOLTRAINER_F2",1,4,,JR_TRAINER_F,18,RockTunnel1F,object_event,32,22,24,manual
TRAINER_JR_TRAINER_F_19,,TRAINER_CLASS_JR_TRAINER_F,21,Rock Tunnel,,,,TRAINER_PIC_JR_TRAINER_F,,"redblue_map=RockTunnel1F; source=object_event; map_line=33; object_xy=32,24; script_label=TEXT_ROCKTUNNEL1F_COOLTRAINER_F3",1,4,,JR_TRAINER_F,19,RockTunnel1F,object_event,33,32,24,manual
TRAINER_JR_TRAINER_F_20,,TRAINER_CLASS_JR_TRAINER_F,34,Route 15,,,,TRAINER_PIC_JR_TRAINER_F,,"redblue_map=Route15; source=object_event; map_line=27; object_xy=41,11; script_label=TEXT_ROUTE15_COOLTRAINER_F1",1,4,,JR_TRAINER_F,20,Route15,object_event,27,41,11,route
TRAINER_JR_TRAINER_F_21,,TRAINER_CLASS_JR_TRAINER_F,34,Route 15,,,,TRAINER_PIC_JR_TRAINER_F,,"redblue_map=Route15; source=object_event; map_line=28; object_xy=53,10; script_label=TEXT_ROUTE15_COOLTRAINER_F2",1,4,,JR_TRAINER_F,21,Route15,object_event,28,53,10,route
TRAINER_JR_TRAINER_F_22,,TRAINER_CLASS_JR_TRAINER_F,34,Route 15,,,,TRAINER_PIC_JR_TRAINER_F,,"redblue_map=Route15; source=object_event; map_line=35; object_xy=37,5; script_label=TEXT_ROUTE15_COOLTRAINER_F3",1,4,,JR_TRAINER_F,22,Route15,object_event,35,37,5,route
TRAINER_JR_TRAINER_F_23,,TRAINER_CLASS_JR_TRAINER_F,34,Route 15,,,,TRAINER_PIC_JR_TRAINER_F,,"redblue_map=Route15; source=object_event; map_line=36; object_xy=18,13; script_label=TEXT_ROUTE15_COOLTRAINER_F4",1,4,,JR_TRAINER_F,23,Route15,object_event,36,18,13,route
TRAINER_JR_TRAINER_F_24,,TRAINER_CLASS_JR_TRAINER_F,39,Route 20,,,,TRAINER_PIC_JR_TRAINER_F,,"redblue_map=Route20; source=object_event; map_line=28; object_xy=55,14; script_label=TEXT_ROUTE20_SWIMMER4",1,4,,JR_TRAINER_F,24,Route20,object_event,28,55,14,route
TRAINER_POKEMANIAC_1,,TRAINER_CLASS_POKEMANIAC,20,Route 10,,,,TRAINER_PIC_POKEMANIAC,,"redblue_map=Route10; source=object_event; map_line=25; object_xy=10,44; script_label=TEXT_ROUTE10_SUPER_NERD1",1,4,,POKEMANIAC,1,Route10,object_event,25,10,44,route
TRAINER_POKEMANIAC_2,,TRAINER_CLASS_POKEMANIAC,20,Route 10,,,,TRAINER_PIC_POKEMANIAC,,"redblue_map=Route10; source=object_event; map_line=27; object_xy=14,64; script_label=TEXT_ROUTE10_SUPER_NERD2",1,4,,POKEMANIAC,2,Route10,object_event,27,14,64,route
TRAINER_POKEMANIAC_3,,TRAINER_CLASS_POKEMANIAC,21,Rock Tunnel,,,,TRAINER_PIC_POKEMANIAC,,"redblue_map=RockTunnelB1F; source=object_event; map_line=25; object_xy=3,5; script_label=TEXT_ROCKTUNNELB1F_SUPER_NERD1",1,4,,POKEMANIAC,3,RockTunnelB1F,object_event,25,3,5,manual
TRAINER_POKEMANIAC_4,,TRAINER_CLASS_POKEMANIAC,21,Rock Tunnel,,,,TRAINER_PIC_POKEMANIAC,,"redblue_map=RockTunnelB1F; source=object_event; map_line=26; object_xy=20,21; script_label=TEXT_ROCKTUNNELB1F_SUPER_NERD2",1,4,,POKEMANIAC,4,RockTunnelB1F,object_event,26,20,21,manual
TRAINER_POKEMANIAC_5,,TRAINER_CLASS_POKEMANIAC,21,Rock Tunnel,,,,TRAINER_PIC_POKEMANIAC,,"redblue_map=RockTunnelB1F; source=object_event; map_line=30; object_xy=26,30; script_label=TEXT_ROCKTUNNELB1F_SUPER_NERD3",1,4,,POKEMANIAC,5,RockTunnelB1F,object_event,30,26,30,manual
TRAINER_POKEMANIAC_6,,TRAINER_CLASS_POKEMANIAC,48,Victory Road,,,,TRAINER_PIC_POKEMANIAC,,"redblue_map=VictoryRoad2F; source=object_event; map_line=34; object_xy=4,2; script_label=TEXT_VICTORYROAD2F_SUPER_NERD2",1,4,,POKEMANIAC,6,VictoryRoad2F,object_event,34,4,2,manual
TRAINER_POKEMANIAC_7,,TRAINER_CLASS_POKEMANIAC,21,Rock Tunnel,,,,TRAINER_PIC_POKEMANIAC,,"redblue_map=RockTunnel1F; source=object_event; map_line=30; object_xy=23,8; script_label=TEXT_ROCKTUNNEL1F_SUPER_NERD",1,4,,POKEMANIAC,7,RockTunnel1F,object_event,30,23,8,manual
TRAINER_SUPER_NERD_1,,TRAINER_CLASS_SUPER_NERD,10,Mt. Moon,,,,TRAINER_PIC_SUPER_NERD,,"redblue_map=MtMoon1F; source=object_event; map_line=33; object_xy=24,31; script_label=TEXT_MTMOON1F_SUPER_NERD",1,4,,SUPER_NERD,1,MtMoon1F,object_event,33,24,31,manual
TRAINER_SUPER_NERD_2,,TRAINER_CLASS_SUPER_NERD,10,Mt. Moon,,,,TRAINER_PIC_SUPER_NERD,,"redblue_map=MtMoonB2F; source=object_event; map_line=24; object_xy=12,8; script_label=TEXT_MTMOONB2F_SUPER_NERD",1,4,,SUPER_NERD,2,MtMoonB2F,object_event,24,12,8,manual
TRAINER_SUPER_NERD_3,,TRAINER_CLASS_SUPER_NERD,24,Route 8,,,,TRAINER_PIC_SUPER_NERD,,"redblue_map=Route8; source=object_event; map_line=26; object_xy=8,5; script_label=TEXT_ROUTE8_SUPER_NERD1",1,4,,SUPER_NERD,3,Route8,object_event,26,8,5,route
TRAINER_SUPER_NERD_4,,TRAINER_CLASS_SUPER_NERD,24,Route 8,,,,TRAINER_PIC_SUPER_NERD,,"redblue_map=Route8; source=object_event; map_line=28; object_xy=42,6; script_label=TEXT_ROUTE8_SUPER_NERD2",1,4,,SUPER_NERD,4,Route8,object_event,28,42,6,route
TRAINER_SUPER_NERD_5,,TRAINER_CLASS_SUPER_NERD,24,Route 8,,,,TRAINER_PIC_SUPER_NERD,,"redblue_map=Route8; source=object_event; map_line=30; object_xy=26,4; script_label=TEXT_ROUTE8_SUPER_NERD3",1,4,,SUPER_NERD,5,Route8,object_event,30,26,4,route
TRAINER_SUPER_NERD_6,,TRAINER_CLASS_SUPER_NERD,,,,,,TRAINER_PIC_SUPER_NERD,,party exists in decomp but no map object/script trainer reference was found,1,4,,SUPER_NERD,6,,,,,,unreferenced
TRAINER_SUPER_NERD_7,,TRAINER_CLASS_SUPER_NERD,,,,,,TRAINER_PIC_SUPER_NERD,,party exists in decomp but no map object/script trainer reference was found,1,4,,SUPER_NERD,7,,,,,,unreferenced
TRAINER_SUPER_NERD_8,,TRAINER_CLASS_SUPER_NERD,,,,,,TRAINER_PIC_SUPER_NERD,,party exists in decomp but no map object/script trainer reference was found,1,4,,SUPER_NERD,8,,,,,,unreferenced
TRAINER_SUPER_NERD_9,,TRAINER_CLASS_SUPER_NERD,41,Cinnabar Island,,,,TRAINER_PIC_SUPER_NERD,,"redblue_map=CinnabarGym; source=object_event; map_line=23; object_xy=17,2; script_label=TEXT_CINNABARGYM_SUPER_NERD1",1,4,,SUPER_NERD,9,CinnabarGym,object_event,23,17,2,manual
TRAINER_SUPER_NERD_10,,TRAINER_CLASS_SUPER_NERD,41,Cinnabar Island,,,,TRAINER_PIC_SUPER_NERD,,"redblue_map=CinnabarGym; source=object_event; map_line=25; object_xy=11,4; script_label=TEXT_CINNABARGYM_SUPER_NERD3",1,4,,SUPER_NERD,10,CinnabarGym,object_event,25,11,4,manual
TRAINER_SUPER_NERD_11,,TRAINER_CLASS_SUPER_NERD,41,Cinnabar Island,,,,TRAINER_PIC_SUPER_NERD,,"redblue_map=CinnabarGym; source=object_event; map_line=27; object_xy=11,14; script_label=TEXT_CINNABARGYM_SUPER_NERD5",1,4,,SUPER_NERD,11,CinnabarGym,object_event,27,11,14,manual
TRAINER_SUPER_NERD_12,,TRAINER_CLASS_SUPER_NERD,41,Cinnabar Island,,,,TRAINER_PIC_SUPER_NERD,,"redblue_map=CinnabarGym; source=object_event; map_line=29; object_xy=3,8; script_label=TEXT_CINNABARGYM_SUPER_NERD7",1,4,,SUPER_NERD,12,CinnabarGym,object_event,29,3,8,manual
TRAINER_HIKER_1,,TRAINER_CLASS_HIKER,10,Mt. Moon,,,,TRAINER_PIC_HIKER,,"redblue_map=MtMoon1F; source=object_event; map_line=30; object_xy=5,6; script_label=TEXT_MTMOON1F_HIKER",1,4,,HIKER,1,MtMoon1F,object_event,30,5,6,manual
TRAINER_HIKER_2,,TRAINER_CLASS_HIKER,13,Route 25,,,,TRAINER_PIC_HIKER,,"redblue_map=Route25; source=object_event; map_line=29; object_xy=8,4; script_label=TEXT_ROUTE25_HIKER1",1,4,,HIKER,2,Route25,object_event,29,8,4,route
TRAINER_HIKER_3,,TRAINER_CLASS_HIKER,13,Route 25,,,,TRAINER_PIC_HIKER,,"redblue_map=Route25; source=object_event; map_line=30; object_xy=23,9; script_label=TEXT_ROUTE25_HIKER2",1,4,,HIKER,3,Route25,object_event,30,23,9,route
TRAINER_HIKER_4,,TRAINER_CLASS_HIKER,13,Route 25,,,,TRAINER_PIC_HIKER,,"redblue_map=Route25; source=object_event; map_line=31; object_xy=13,7; script_label=TEXT_ROUTE25_HIKER3",1,4,,HIKER,4,Route25,object_event,31,13,7,route
TRAINER_HIKER_5,,TRAINER_CLASS_HIKER,19,Route 9,,,,TRAINER_PIC_HIKER,,"redblue_map=Route9; source=object_event; map_line=29; object_xy=45,15; script_label=TEXT_ROUTE9_HIKER3",1,4,,HIKER,5,Route9,object_event,29,45,15,route
TRAINER_HIKER_6,,TRAINER_CLASS_HIKER,19,Route 9,,,,TRAINER_PIC_HIKER,,"redblue_map=Route9; source=object_event; map_line=27; object_xy=43,3; script_label=TEXT_ROUTE9_HIKER2",1,4,,HIKER,6,Route9,object_event,27,43,3,route
TRAINER_HIKER_7,,TRAINER_CLASS_HIKER,20,Route 10,,,,TRAINER_PIC_HIKER,,"redblue_map=Route10; source=object_event; map_line=26; object_xy=3,57; script_label=TEXT_ROUTE10_HIKER1",1,4,,HIKER,7,Route10,object_event,26,3,57,route
TRAINER_HIKER_8,,TRAINER_CLASS_HIKER,20,Route 10,,,,TRAINER_PIC_HIKER,,"redblue_map=Route10; source=object_event; map_line=29; object_xy=3,61; script_label=TEXT_ROUTE10_HIKER2",1,4,,HIKER,8,Route10,object_event,29,3,61,route
TRAINER_HIKER_9,,TRAINER_CLASS_HIKER,21,Rock Tunnel,,,,TRAINER_PIC_HIKER,,"redblue_map=RockTunnelB1F; source=object_event; map_line=24; object_xy=6,10; script_label=TEXT_ROCKTUNNELB1F_HIKER1",1,4,,HIKER,9,RockTunnelB1F,object_event,24,6,10,manual
TRAINER_HIKER_10,,TRAINER_CLASS_HIKER,21,Rock Tunnel,,,,TRAINER_PIC_HIKER,,"redblue_map=RockTunnelB1F; source=object_event; map_line=27; object_xy=30,10; script_label=TEXT_ROCKTUNNELB1F_HIKER2",1,4,,HIKER,10,RockTunnelB1F,object_event,27,30,10,manual
TRAINER_HIKER_11,,TRAINER_CLASS_HIKER,21,Rock Tunnel,,,,TRAINER_PIC_HIKER,,"redblue_map=RockTunnelB1F; source=object_event; map_line=29; object_xy=33,5; script_label=TEXT_ROCKTUNNELB1F_HIKER3",1,4,,HIKER,11,RockTunnelB1F,object_event,29,33,5,manual
TRAINER_HIKER_12,,TRAINER_CLASS_HIKER,21,Rock Tunnel,,,,TRAINER_PIC_HIKER,,"redblue_map=RockTunnel1F; source=object_event; map_line=27; object_xy=7,5; script_label=TEXT_ROCKTUNNEL1F_HIKER1",1,4,,HIKER,12,RockTunnel1F,object_event,27,7,5,manual
TRAINER_HIKER_13,,TRAINER_CLASS_HIKER,21,Rock Tunnel,,,,TRAINER_PIC_HIKER,,"redblue_map=RockTunnel1F; source=object_event; map_line=28; object_xy=5,16; script_label=TEXT_ROCKTUNNEL1F_HIKER2",1,4,,HIKER,13,RockTunnel1F,object_event,28,5,16,manual
TRAINER_HIKER_14,,TRAINER_CLASS_HIKER,21,Rock Tunnel,,,,TRAINER_PIC_HIKER,,"redblue_map=RockTunnel1F; source=object_event; map_line=29; object_xy=17,15; script_label=TEXT_ROCKTUNNEL1F_HIKER3",1,4,,HIKER,14,RockTunnel1F,object_event,29,17,15,manual
TRAINER_BIKER_1,,TRAINER_CLASS_BIKER,36,Route 13,,,,TRAINER_PIC_BIKER,,"redblue_map=Route13; source=object_event; map_line=32; object_xy=10,7; script_label=TEXT_ROUTE13_BIKER",1,4,,BIKER,1,Route13,object_event,32,10,7,route
TRAINER_BIKER_2,,TRAINER_CLASS_BIKER,35,Route 14,,,,TRAINER_PIC_BIKER,,"redblue_map=Route14; source=object_event; map_line=31; object_xy=4,31; script_label=TEXT_ROUTE14_BIKER4",1,4,,BIKER,2,Route14,object_event,31,4,31,route
TRAINER_BIKER_3,,TRAINER_CLASS_BIKER,34,Route 15,,,,TRAINER_PIC_BIKER,,"redblue_map=Route15; source=object_event; map_line=33; object_xy=48,10; script_label=TEXT_ROUTE15_BIKER1",1,4,,BIKER,3,Route15,object_event,33,48,10,route
TRAINER_BIKER_4,,TRAINER_CLASS_BIKER,34,Route 15,,,,TRAINER_PIC_BIKER,,"redblue_map=Route15; source=object_event; map_line=34; object_xy=46,10; script_label=TEXT_ROUTE15_BIKER2",1,4,,BIKER,4,Route15,object_event,34,46,10,route
TRAINER_BIKER_5,,TRAINER_CLASS_BIKER,29,Route 16,,,,TRAINER_PIC_BIKER,,"redblue_map=Route16; source=object_event; map_line=29; object_xy=17,12; script_label=TEXT_ROUTE16_BIKER1",1,4,,BIKER,5,Route16,object_event,29,17,12,route
TRAINER_BIKER_6,,TRAINER_CLASS_BIKER,29,Route 16,,,,TRAINER_PIC_BIKER,,"redblue_map=Route16; source=object_event; map_line=32; object_xy=9,11; script_label=TEXT_ROUTE16_BIKER4",1,4,,BIKER,6,Route16,object_event,32,9,11,route
TRAINER_BIKER_7,,TRAINER_CLASS_BIKER,29,Route 16,,,,TRAINER_PIC_BIKER,,"redblue_map=Route16; source=object_event; map_line=34; object_xy=3,12; script_label=TEXT_ROUTE16_BIKER6",1,4,,BIKER,7,Route16,object_event,34,3,12,route
TRAINER_BIKER_8,,TRAINER_CLASS_BIKER,30,Route 17,,,,TRAINER_PIC_BIKER,,"redblue_map=Route17; source=object_event; map_line=29; object_xy=4,18; script_label=TEXT_ROUTE17_BIKER3",1,4,,BIKER,8,Route17,object_event,29,4,18,route
TRAINER_BIKER_9,,TRAINER_CLASS_BIKER,30,Route 17,,,,TRAINER_PIC_BIKER,,"redblue_map=Route17; source=object_event; map_line=30; object_xy=7,32; script_label=TEXT_ROUTE17_BIKER4",1,4,,BIKER,9,Route17,object_event,30,7,32,route
TRAINER_BIKER_10,,TRAINER_CLASS_BIKER,30,Route 17,,,,TRAINER_PIC_BIKER,,"redblue_map=Route17; source=object_event; map_line=31; object_xy=14,34; script_label=TEXT_ROUTE17_BIKER5",1,4,,BIKER,10,Route17,object_event,31,14,34,route
TRAINER_BIKER_11,,TRAINER_CLASS_BIKER,30,Route 17,,,,TRAINER_PIC_BIKER,,"redblue_map=Route17; source=object_event; map_line=35; object_xy=5,98; script_label=TEXT_ROUTE17_BIKER9",1,4,,BIKER,11,Route17,object_event,35,5,98,route
TRAINER_BIKER_12,,TRAINER_CLASS_BIKER,30,Route 17,,,,TRAINER_PIC_BIKER,,"redblue_map=Route17; source=object_event; map_line=36; object_xy=10,118; script_label=TEXT_ROUTE17_BIKER10",1,4,,BIKER,12,Route17,object_event,36,10,118,route
TRAINER_BIKER_13,,TRAINER_CLASS_BIKER,35,Route 14,,,,TRAINER_PIC_BIKER,,"redblue_map=Route14; source=object_event; map_line=28; object_xy=5,39; script_label=TEXT_ROUTE14_BIKER1",1,4,,BIKER,13,Route14,object_event,28,5,39,route
TRAINER_BIKER_14,,TRAINER_CLASS_BIKER,35,Route 14,,,,TRAINER_PIC_BIKER,,"redblue_map=Route14; source=object_event; map_line=29; object_xy=4,30; script_label=TEXT_ROUTE14_BIKER2",1,4,,BIKER,14,Route14,object_event,29,4,30,route
TRAINER_BIKER_15,,TRAINER_CLASS_BIKER,35,Route 14,,,,TRAINER_PIC_BIKER,,"redblue_map=Route14; source=object_event; map_line=30; object_xy=15,30; script_label=TEXT_ROUTE14_BIKER3",1,4,,BIKER,15,Route14,object_event,30,15,30,route
TRAINER_BURGLAR_1,,TRAINER_CLASS_BURGLAR,,,,,,TRAINER_PIC_BURGLAR,,party exists in decomp but no map object/script trainer reference was found,1,4,,BURGLAR,1,,,,,,unreferenced
TRAINER_BURGLAR_2,,TRAINER_CLASS_BURGLAR,,,,,,TRAINER_PIC_BURGLAR,,party exists in decomp but no map object/script trainer reference was found,1,4,,BURGLAR,2,,,,,,unreferenced
TRAINER_BURGLAR_3,,TRAINER_CLASS_BURGLAR,,,,,,TRAINER_PIC_BURGLAR,,party exists in decomp but no map object/script trainer reference was found,1,4,,BURGLAR,3,,,,,,unreferenced
TRAINER_BURGLAR_4,,TRAINER_CLASS_BURGLAR,41,Cinnabar Island,,,,TRAINER_PIC_BURGLAR,,"redblue_map=CinnabarGym; source=object_event; map_line=24; object_xy=17,8; script_label=TEXT_CINNABARGYM_SUPER_NERD2",1,4,,BURGLAR,4,CinnabarGym,object_event,24,17,8,manual
TRAINER_BURGLAR_5,,TRAINER_CLASS_BURGLAR,41,Cinnabar Island,,,,TRAINER_PIC_BURGLAR,,"redblue_map=CinnabarGym; source=object_event; map_line=26; object_xy=11,8; script_label=TEXT_CINNABARGYM_SUPER_NERD4",1,4,,BURGLAR,5,CinnabarGym,object_event,26,11,8,manual
TRAINER_BURGLAR_6,,TRAINER_CLASS_BURGLAR,41,Cinnabar Island,,,,TRAINER_PIC_BURGLAR,,"redblue_map=CinnabarGym; source=object_event; map_line=28; object_xy=3,14; script_label=TEXT_CINNABARGYM_SUPER_NERD6",1,4,,BURGLAR,6,CinnabarGym,object_event,28,3,14,manual
TRAINER_BURGLAR_7,,TRAINER_CLASS_BURGLAR,42,Pokemon Mansion,,,,TRAINER_PIC_BURGLAR,,"redblue_map=PokemonMansion2F; source=object_event; map_line=19; object_xy=3,17; script_label=TEXT_POKEMONMANSION2F_SUPER_NERD",1,4,,BURGLAR,7,PokemonMansion2F,object_event,19,3,17,manual
TRAINER_BURGLAR_8,,TRAINER_CLASS_BURGLAR,42,Pokemon Mansion,,,,TRAINER_PIC_BURGLAR,,"redblue_map=PokemonMansion3F; source=object_event; map_line=19; object_xy=5,11; script_label=TEXT_POKEMONMANSION3F_SUPER_NERD",1,4,,BURGLAR,8,PokemonMansion3F,object_event,19,5,11,manual
TRAINER_BURGLAR_9,,TRAINER_CLASS_BURGLAR,42,Pokemon Mansion,,,,TRAINER_PIC_BURGLAR,,"redblue_map=PokemonMansionB1F; source=object_event; map_line=20; object_xy=16,23; script_label=TEXT_POKEMONMANSIONB1F_BURGLAR",1,4,,BURGLAR,9,PokemonMansionB1F,object_event,20,16,23,manual
TRAINER_ENGINEER_1,,TRAINER_CLASS_ENGINEER,,,,,,TRAINER_PIC_ENGINEER,,party exists in decomp but no map object/script trainer reference was found,1,4,,ENGINEER,1,,,,,,unreferenced
TRAINER_ENGINEER_2,,TRAINER_CLASS_ENGINEER,17,Route 11,,,,TRAINER_PIC_ENGINEER,,"redblue_map=Route11; source=object_event; map_line=30; object_xy=36,11; script_label=TEXT_ROUTE11_SUPER_NERD1",1,4,,ENGINEER,2,Route11,object_event,30,36,11,route
TRAINER_ENGINEER_3,,TRAINER_CLASS_ENGINEER,17,Route 11,,,,TRAINER_PIC_ENGINEER,,"redblue_map=Route11; source=object_event; map_line=35; object_xy=45,16; script_label=TEXT_ROUTE11_SUPER_NERD2",1,4,,ENGINEER,3,Route11,object_event,35,45,16,route
TRAINER_FISHER_1,,TRAINER_CLASS_FISHER,16,Vermilion City,,,,TRAINER_PIC_FISHER,,"redblue_map=SSAnne2FRooms; source=object_event; map_line=37; object_xy=13,4; script_label=TEXT_SSANNE2FROOMS_FISHER",1,4,,FISHER,1,SSAnne2FRooms,object_event,37,13,4,manual
TRAINER_FISHER_2,,TRAINER_CLASS_FISHER,16,Vermilion City,,,,TRAINER_PIC_FISHER,,"redblue_map=SSAnneB1FRooms; source=object_event; map_line=37; object_xy=0,4; script_label=TEXT_SSANNEB1FROOMS_FISHER",1,4,,FISHER,2,SSAnneB1FRooms,object_event,37,0,4,manual
TRAINER_FISHER_3,,TRAINER_CLASS_FISHER,23,Route 12,,,,TRAINER_PIC_FISHER,,"redblue_map=Route12; source=object_event; map_line=28; object_xy=14,31; script_label=TEXT_ROUTE12_FISHER1",1,4,,FISHER,3,Route12,object_event,28,14,31,route
TRAINER_FISHER_4,,TRAINER_CLASS_FISHER,23,Route 12,,,,TRAINER_PIC_FISHER,,"redblue_map=Route12; source=object_event; map_line=29; object_xy=5,39; script_label=TEXT_ROUTE12_FISHER2",1,4,,FISHER,4,Route12,object_event,29,5,39,route
TRAINER_FISHER_5,,TRAINER_CLASS_FISHER,23,Route 12,,,,TRAINER_PIC_FISHER,,"redblue_map=Route12; source=object_event; map_line=32; object_xy=12,40; script_label=TEXT_ROUTE12_FISHER3",1,4,,FISHER,5,Route12,object_event,32,12,40,route
TRAINER_FISHER_6,,TRAINER_CLASS_FISHER,23,Route 12,,,,TRAINER_PIC_FISHER,,"redblue_map=Route12; source=object_event; map_line=33; object_xy=9,52; script_label=TEXT_ROUTE12_FISHER4",1,4,,FISHER,6,Route12,object_event,33,9,52,route
TRAINER_FISHER_7,,TRAINER_CLASS_FISHER,46,Route 21,,,,TRAINER_PIC_FISHER,,"redblue_map=Route21; source=object_event; map_line=20; object_xy=4,24; script_label=TEXT_ROUTE21_FISHER1",1,4,,FISHER,7,Route21,object_event,20,4,24,route
TRAINER_FISHER_8,,TRAINER_CLASS_FISHER,46,Route 21,,,,TRAINER_PIC_FISHER,,"redblue_map=Route21; source=object_event; map_line=27; object_xy=14,56; script_label=TEXT_ROUTE21_FISHER3",1,4,,FISHER,8,Route21,object_event,27,14,56,route
TRAINER_FISHER_9,,TRAINER_CLASS_FISHER,46,Route 21,,,,TRAINER_PIC_FISHER,,"redblue_map=Route21; source=object_event; map_line=21; object_xy=6,25; script_label=TEXT_ROUTE21_FISHER2",1,4,,FISHER,9,Route21,object_event,21,6,25,route
TRAINER_FISHER_10,,TRAINER_CLASS_FISHER,46,Route 21,,,,TRAINER_PIC_FISHER,,"redblue_map=Route21; source=object_event; map_line=28; object_xy=17,57; script_label=TEXT_ROUTE21_FISHER4",1,4,,FISHER,10,Route21,object_event,28,17,57,route
TRAINER_FISHER_11,,TRAINER_CLASS_FISHER,23,Route 12,,,,TRAINER_PIC_FISHER,,"redblue_map=Route12; source=object_event; map_line=34; object_xy=6,87; script_label=TEXT_ROUTE12_FISHER5",1,4,,FISHER,11,Route12,object_event,34,6,87,route
TRAINER_SWIMMER_1,,TRAINER_CLASS_SWIMMER,11,Cerulean City,,,,TRAINER_PIC_SWIMMER,,"redblue_map=CeruleanGym; source=object_event; map_line=19; object_xy=8,7; script_label=TEXT_CERULEANGYM_SWIMMER",1,4,,SWIMMER,1,CeruleanGym,object_event,19,8,7,manual
TRAINER_SWIMMER_2,,TRAINER_CLASS_SWIMMER,38,Route 19,,,,TRAINER_PIC_SWIMMER,,"redblue_map=Route19; source=object_event; map_line=22; object_xy=8,7; script_label=TEXT_ROUTE19_COOLTRAINER_M1",1,4,,SWIMMER,2,Route19,object_event,22,8,7,route
TRAINER_SWIMMER_3,,TRAINER_CLASS_SWIMMER,38,Route 19,,,,TRAINER_PIC_SWIMMER,,"redblue_map=Route19; source=object_event; map_line=23; object_xy=13,7; script_label=TEXT_ROUTE19_COOLTRAINER_M2",1,4,,SWIMMER,3,Route19,object_event,23,13,7,route
TRAINER_SWIMMER_4,,TRAINER_CLASS_SWIMMER,38,Route 19,,,,TRAINER_PIC_SWIMMER,,"redblue_map=Route19; source=object_event; map_line=24; object_xy=13,25; script_label=TEXT_ROUTE19_SWIMMER1",1,4,,SWIMMER,4,Route19,object_event,24,13,25,route
TRAINER_SWIMMER_5,,TRAINER_CLASS_SWIMMER,38,Route 19,,,,TRAINER_PIC_SWIMMER,,"redblue_map=Route19; source=object_event; map_line=25; object_xy=4,27; script_label=TEXT_ROUTE19_SWIMMER2",1,4,,SWIMMER,5,Route19,object_event,25,4,27,route
TRAINER_SWIMMER_6,,TRAINER_CLASS_SWIMMER,38,Route 19,,,,TRAINER_PIC_SWIMMER,,"redblue_map=Route19; source=object_event; map_line=26; object_xy=16,31; script_label=TEXT_ROUTE19_SWIMMER3",1,4,,SWIMMER,6,Route19,object_event,26,16,31,route
TRAINER_SWIMMER_7,,TRAINER_CLASS_SWIMMER,38,Route 19,,,,TRAINER_PIC_SWIMMER,,"redblue_map=Route19; source=object_event; map_line=27; object_xy=9,11; script_label=TEXT_ROUTE19_SWIMMER4",1,4,,SWIMMER,7,Route19,object_event,27,9,11,route
TRAINER_SWIMMER_8,,TRAINER_CLASS_SWIMMER,38,Route 19,,,,TRAINER_PIC_SWIMMER,,"redblue_map=Route19; source=object_event; map_line=30; object_xy=9,42; script_label=TEXT_ROUTE19_SWIMMER7",1,4,,SWIMMER,8,Route19,object_event,30,9,42,route
TRAINER_SWIMMER_9,,TRAINER_CLASS_SWIMMER,39,Route 20,,,,TRAINER_PIC_SWIMMER,,"redblue_map=Route20; source=object_event; map_line=25; object_xy=87,8; script_label=TEXT_ROUTE20_SWIMMER1",1,4,,SWIMMER,9,Route20,object_event,25,87,8,route
TRAINER_SWIMMER_10,,TRAINER_CLASS_SWIMMER,39,Route 20,,,,TRAINER_PIC_SWIMMER,,"redblue_map=Route20; source=object_event; map_line=29; object_xy=38,13; script_label=TEXT_ROUTE20_SWIMMER5",1,4,,SWIMMER,10,Route20,object_event,29,38,13,route
TRAINER_SWIMMER_11,,TRAINER_CLASS_SWIMMER,39,Route 20,,,,TRAINER_PIC_SWIMMER,,"redblue_map=Route20; source=object_event; map_line=30; object_xy=87,13; script_label=TEXT_ROUTE20_SWIMMER6",1,4,,SWIMMER,11,Route20,object_event,30,87,13,route
TRAINER_SWIMMER_12,,TRAINER_CLASS_SWIMMER,46,Route 21,,,,TRAINER_PIC_SWIMMER,,"redblue_map=Route21; source=object_event; map_line=22; object_xy=10,31; script_label=TEXT_ROUTE21_SWIMMER1",1,4,,SWIMMER,12,Route21,object_event,22,10,31,route
TRAINER_SWIMMER_13,,TRAINER_CLASS_SWIMMER,46,Route 21,,,,TRAINER_PIC_SWIMMER,,"redblue_map=Route21; source=object_event; map_line=24; object_xy=16,63; script_label=TEXT_ROUTE21_SWIMMER3",1,4,,SWIMMER,13,Route21,object_event,24,16,63,route
TRAINER_SWIMMER_14,,TRAINER_CLASS_SWIMMER,46,Route 21,,,,TRAINER_PIC_SWIMMER,,"redblue_map=Route21; source=object_event; map_line=25; object_xy=5,71; script_label=TEXT_ROUTE21_SWIMMER4",1,4,,SWIMMER,14,Route21,object_event,25,5,71,route
TRAINER_SWIMMER_15,,TRAINER_CLASS_SWIMMER,46,Route 21,,,,TRAINER_PIC_SWIMMER,,"redblue_map=Route21; source=object_event; map_line=26; object_xy=15,71; script_label=TEXT_ROUTE21_SWIMMER5",1,4,,SWIMMER,15,Route21,object_event,26,15,71,route
TRAINER_CUE_BALL_1,,TRAINER_CLASS_CUE_BALL,29,Route 16,,,,TRAINER_PIC_CUE_BALL,,"redblue_map=Route16; source=object_event; map_line=30; object_xy=14,13; script_label=TEXT_ROUTE16_BIKER2",1,4,,CUE_BALL,1,Route16,object_event,30,14,13,route
TRAINER_CUE_BALL_2,,TRAINER_CLASS_CUE_BALL,29,Route 16,,,,TRAINER_PIC_CUE_BALL,,"redblue_map=Route16; source=object_event; map_line=31; object_xy=11,12; script_label=TEXT_ROUTE16_BIKER3",1,4,,CUE_BALL,2,Route16,object_event,31,11,12,route
TRAINER_CUE_BALL_3,,TRAINER_CLASS_CUE_BALL,29,Route 16,,,,TRAINER_PIC_CUE_BALL,,"redblue_map=Route16; source=object_event; map_line=33; object_xy=6,10; script_label=TEXT_ROUTE16_BIKER5",1,4,,CUE_BALL,3,Route16,object_event,33,6,10,route
TRAINER_CUE_BALL_4,,TRAINER_CLASS_CUE_BALL,30,Route 17,,,,TRAINER_PIC_CUE_BALL,,"redblue_map=Route17; source=object_event; map_line=27; object_xy=12,19; script_label=TEXT_ROUTE17_BIKER1",1,4,,CUE_BALL,4,Route17,object_event,27,12,19,route
TRAINER_CUE_BALL_5,,TRAINER_CLASS_CUE_BALL,30,Route 17,,,,TRAINER_PIC_CUE_BALL,,"redblue_map=Route17; source=object_event; map_line=28; object_xy=11,16; script_label=TEXT_ROUTE17_BIKER2",1,4,,CUE_BALL,5,Route17,object_event,28,11,16,route
TRAINER_CUE_BALL_6,,TRAINER_CLASS_CUE_BALL,30,Route 17,,,,TRAINER_PIC_CUE_BALL,,"redblue_map=Route17; source=object_event; map_line=32; object_xy=17,58; script_label=TEXT_ROUTE17_BIKER6",1,4,,CUE_BALL,6,Route17,object_event,32,17,58,route
TRAINER_CUE_BALL_7,,TRAINER_CLASS_CUE_BALL,30,Route 17,,,,TRAINER_PIC_CUE_BALL,,"redblue_map=Route17; source=object_event; map_line=33; object_xy=2,68; script_label=TEXT_ROUTE17_BIKER7",1,4,,CUE_BALL,7,Route17,object_event,33,2,68,route
TRAINER_CUE_BALL_8,,TRAINER_CLASS_CUE_BALL,30,Route 17,,,,TRAINER_PIC_CUE_BALL,,"redblue_map=Route17; source=object_event; map_line=34; object_xy=14,98; script_label=TEXT_ROUTE17_BIKER8",1,4,,CUE_BALL,8,Route17,object_event,34,14,98,route
TRAINER_CUE_BALL_9,,TRAINER_CLASS_CUE_BALL,46,Route 21,,,,TRAINER_PIC_CUE_BALL,,"redblue_map=Route21; source=object_event; map_line=23; object_xy=12,30; script_label=TEXT_ROUTE21_SWIMMER2",1,4,,CUE_BALL,9,Route21,object_event,23,12,30,route
TRAINER_GAMBLER_1,,TRAINER_CLASS_GAMBLER,17,Route 11,,,,TRAINER_PIC_GAMBLER,,"redblue_map=Route11; source=object_event; map_line=27; object_xy=10,14; script_label=TEXT_ROUTE11_GAMBLER1",1,4,,GAMBLER,1,Route11,object_event,27,10,14,route
TRAINER_GAMBLER_2,,TRAINER_CLASS_GAMBLER,17,Route 11,,,,TRAINER_PIC_GAMBLER,,"redblue_map=Route11; source=object_event; map_line=28; object_xy=26,9; script_label=TEXT_ROUTE11_GAMBLER2",1,4,,GAMBLER,2,Route11,object_event,28,26,9,route
TRAINER_GAMBLER_3,,TRAINER_CLASS_GAMBLER,17,Route 11,,,,TRAINER_PIC_GAMBLER,,"redblue_map=Route11; source=object_event; map_line=32; object_xy=45,7; script_label=TEXT_ROUTE11_GAMBLER3",1,4,,GAMBLER,3,Route11,object_event,32,45,7,route
TRAINER_GAMBLER_4,,TRAINER_CLASS_GAMBLER,17,Route 11,,,,TRAINER_PIC_GAMBLER,,"redblue_map=Route11; source=object_event; map_line=33; object_xy=33,3; script_label=TEXT_ROUTE11_GAMBLER4",1,4,,GAMBLER,4,Route11,object_event,33,33,3,route
TRAINER_GAMBLER_5,,TRAINER_CLASS_GAMBLER,24,Route 8,,,,TRAINER_PIC_GAMBLER,,"redblue_map=Route8; source=object_event; map_line=27; object_xy=13,9; script_label=TEXT_ROUTE8_GAMBLER1",1,4,,GAMBLER,5,Route8,object_event,27,13,9,route
TRAINER_GAMBLER_6,,TRAINER_CLASS_GAMBLER,,,,,,TRAINER_PIC_GAMBLER,,party exists in decomp but no map object/script trainer reference was found,1,4,,GAMBLER,6,,,,,,unreferenced
TRAINER_GAMBLER_7,,TRAINER_CLASS_GAMBLER,24,Route 8,,,,TRAINER_PIC_GAMBLER,,"redblue_map=Route8; source=object_event; map_line=33; object_xy=46,13; script_label=TEXT_ROUTE8_GAMBLER2",1,4,,GAMBLER,7,Route8,object_event,33,46,13,route
TRAINER_BEAUTY_1,,TRAINER_CLASS_BEAUTY,26,Celadon City,,,,TRAINER_PIC_BEAUTY,,"redblue_map=CeladonGym; source=object_event; map_line=23; object_xy=7,10; script_label=TEXT_CELADONGYM_BEAUTY1",1,4,,BEAUTY,1,CeladonGym,object_event,23,7,10,manual
TRAINER_BEAUTY_2,,TRAINER_CLASS_BEAUTY,26,Celadon City,,,,TRAINER_PIC_BEAUTY,,"redblue_map=CeladonGym; source=object_event; map_line=25; object_xy=1,5; script_label=TEXT_CELADONGYM_BEAUTY2",1,4,,BEAUTY,2,CeladonGym,object_event,25,1,5,manual
TRAINER_BEAUTY_3,,TRAINER_CLASS_BEAUTY,26,Celadon City,,,,TRAINER_PIC_BEAUTY,,"redblue_map=CeladonGym; source=object_event; map_line=27; object_xy=3,3; script_label=TEXT_CELADONGYM_BEAUTY3",1,4,,BEAUTY,3,CeladonGym,object_event,27,3,3,manual
TRAINER_BEAUTY_4,,TRAINER_CLASS_BEAUTY,36,Route 13,,,,TRAINER_PIC_BEAUTY,,"redblue_map=Route13; source=object_event; map_line=30; object_xy=33,6; script_label=TEXT_ROUTE13_BEAUTY1",1,4,,BEAUTY,4,Route13,object_event,30,33,6,route
TRAINER_BEAUTY_5,,TRAINER_CLASS_BEAUTY,36,Route 13,,,,TRAINER_PIC_BEAUTY,,"redblue_map=Route13; source=object_event; map_line=31; object_xy=32,6; script_label=TEXT_ROUTE13_BEAUTY2",1,4,,BEAUTY,5,Route13,object_event,31,32,6,route
TRAINER_BEAUTY_6,,TRAINER_CLASS_BEAUTY,39,Route 20,,,,TRAINER_PIC_BEAUTY,,"redblue_map=Route20; source=object_event; map_line=27; object_xy=45,10; script_label=TEXT_ROUTE20_SWIMMER3",1,4,,BEAUTY,6,Route20,object_event,27,45,10,route
TRAINER_BEAUTY_7,,TRAINER_CLASS_BEAUTY,39,Route 20,,,,TRAINER_PIC_BEAUTY,,"redblue_map=Route20; source=object_event; map_line=32; object_xy=25,7; script_label=TEXT_ROUTE20_SWIMMER7",1,4,,BEAUTY,7,Route20,object_event,32,25,7,route
TRAINER_BEAUTY_8,,TRAINER_CLASS_BEAUTY,39,Route 20,,,,TRAINER_PIC_BEAUTY,,"redblue_map=Route20; source=object_event; map_line=34; object_xy=15,8; script_label=TEXT_ROUTE20_SWIMMER9",1,4,,BEAUTY,8,Route20,object_event,34,15,8,route
TRAINER_BEAUTY_9,,TRAINER_CLASS_BEAUTY,34,Route 15,,,,TRAINER_PIC_BEAUTY,,"redblue_map=Route15; source=object_event; map_line=31; object_xy=53,11; script_label=TEXT_ROUTE15_BEAUTY1",1,4,,BEAUTY,9,Route15,object_event,31,53,11,route
TRAINER_BEAUTY_10,,TRAINER_CLASS_BEAUTY,34,Route 15,,,,TRAINER_PIC_BEAUTY,,"redblue_map=Route15; source=object_event; map_line=32; object_xy=41,10; script_label=TEXT_ROUTE15_BEAUTY2",1,4,,BEAUTY,10,Route15,object_event,32,41,10,route
TRAINER_BEAUTY_11,,TRAINER_CLASS_BEAUTY,,,,,,TRAINER_PIC_BEAUTY,,party exists in decomp but no map object/script trainer reference was found,1,4,,BEAUTY,11,,,,,,unreferenced
TRAINER_BEAUTY_12,,TRAINER_CLASS_BEAUTY,38,Route 19,,,,TRAINER_PIC_BEAUTY,,"redblue_map=Route19; source=object_event; map_line=28; object_xy=8,43; script_label=TEXT_ROUTE19_SWIMMER5",1,4,,BEAUTY,12,Route19,object_event,28,8,43,route
TRAINER_BEAUTY_13,,TRAINER_CLASS_BEAUTY,38,Route 19,,,,TRAINER_PIC_BEAUTY,,"redblue_map=Route19; source=object_event; map_line=29; object_xy=11,43; script_label=TEXT_ROUTE19_SWIMMER6",1,4,,BEAUTY,13,Route19,object_event,29,11,43,route
TRAINER_BEAUTY_14,,TRAINER_CLASS_BEAUTY,38,Route 19,,,,TRAINER_PIC_BEAUTY,,"redblue_map=Route19; source=object_event; map_line=31; object_xy=10,44; script_label=TEXT_ROUTE19_SWIMMER8",1,4,,BEAUTY,14,Route19,object_event,31,10,44,route
TRAINER_BEAUTY_15,,TRAINER_CLASS_BEAUTY,39,Route 20,,,,TRAINER_PIC_BEAUTY,,"redblue_map=Route20; source=object_event; map_line=26; object_xy=68,11; script_label=TEXT_ROUTE20_SWIMMER2",1,4,,BEAUTY,15,Route20,object_event,26,68,11,route
TRAINER_PSYCHIC_TR_1,,TRAINER_CLASS_PSYCHIC_TR,27,Saffron City,,,,TRAINER_PIC_PSYCHIC,,"redblue_map=SaffronGym; source=object_event; map_line=54; object_xy=17,1; script_label=TEXT_SAFFRONGYM_YOUNGSTER1",1,4,,PSYCHIC_TR,1,SaffronGym,object_event,54,17,1,manual
TRAINER_PSYCHIC_TR_2,,TRAINER_CLASS_PSYCHIC_TR,27,Saffron City,,,,TRAINER_PIC_PSYCHIC,,"redblue_map=SaffronGym; source=object_event; map_line=56; object_xy=17,7; script_label=TEXT_SAFFRONGYM_YOUNGSTER2",1,4,,PSYCHIC_TR,2,SaffronGym,object_event,56,17,7,manual
TRAINER_PSYCHIC_TR_3,,TRAINER_CLASS_PSYCHIC_TR,27,Saffron City,,,,TRAINER_PIC_PSYCHIC,,"redblue_map=SaffronGym; source=object_event; map_line=58; object_xy=17,13; script_label=TEXT_SAFFRONGYM_YOUNGSTER3",1,4,,PSYCHIC_TR,3,SaffronGym,object_event,58,17,13,manual
TRAINER_PSYCHIC_TR_4,,TRAINER_CLASS_PSYCHIC_TR,27,Saffron City,,,,TRAINER_PIC_PSYCHIC,,"redblue_map=SaffronGym; source=object_event; map_line=59; object_xy=3,1; script_label=TEXT_SAFFRONGYM_YOUNGSTER4",1,4,,PSYCHIC_TR,4,SaffronGym,object_event,59,3,1,manual
TRAINER_ROCKER_1,,TRAINER_CLASS_ROCKER,16,Vermilion City,,,,TRAINER_PIC_ROCKER,,"redblue_map=VermilionGym; source=object_event; map_line=20; object_xy=3,8; script_label=TEXT_VERMILIONGYM_SUPER_NERD",1,4,,ROCKER,1,VermilionGym,object_event,20,3,8,manual
TRAINER_ROCKER_2,,TRAINER_CLASS_ROCKER,23,Route 12,,,,TRAINER_PIC_ROCKER,,"redblue_map=Route12; source=object_event; map_line=31; object_xy=14,76; script_label=TEXT_ROUTE12_SUPER_NERD",1,4,,ROCKER,2,Route12,object_event,31,14,76,route
TRAINER_JUGGLER_1,,TRAINER_CLASS_JUGGLER,27,Saffron City,,,,TRAINER_PIC_JUGGLER,,"redblue_map=SilphCo5F; source=object_event; map_line=32; object_xy=18,10; script_label=TEXT_SILPHCO5F_ROCKER",1,4,,JUGGLER,1,SilphCo5F,object_event,32,18,10,manual
TRAINER_JUGGLER_2,,TRAINER_CLASS_JUGGLER,48,Victory Road,,,,TRAINER_PIC_JUGGLER,,"redblue_map=VictoryRoad2F; source=object_event; map_line=32; object_xy=21,13; script_label=TEXT_VICTORYROAD2F_SUPER_NERD1",1,4,,JUGGLER,2,VictoryRoad2F,object_event,32,21,13,manual
TRAINER_JUGGLER_3,,TRAINER_CLASS_JUGGLER,32,Fuschia City,,,,TRAINER_PIC_JUGGLER,,"redblue_map=FuchsiaGym; source=object_event; map_line=23; object_xy=7,8; script_label=TEXT_FUCHSIAGYM_ROCKER2",1,4,,JUGGLER,3,FuchsiaGym,object_event,23,7,8,manual
TRAINER_JUGGLER_4,,TRAINER_CLASS_JUGGLER,32,Fuschia City,,,,TRAINER_PIC_JUGGLER,,"redblue_map=FuchsiaGym; source=object_event; map_line=27; object_xy=2,7; script_label=TEXT_FUCHSIAGYM_ROCKER6",1,4,,JUGGLER,4,FuchsiaGym,object_event,27,2,7,manual
TRAINER_JUGGLER_5,,TRAINER_CLASS_JUGGLER,48,Victory Road,,,,TRAINER_PIC_JUGGLER,,"redblue_map=VictoryRoad2F; source=object_event; map_line=35; object_xy=26,3; script_label=TEXT_VICTORYROAD2F_SUPER_NERD3",1,4,,JUGGLER,5,VictoryRoad2F,object_event,35,26,3,manual
TRAINER_JUGGLER_6,,TRAINER_CLASS_JUGGLER,,,,,,TRAINER_PIC_JUGGLER,,party exists in decomp but no map object/script trainer reference was found,1,4,,JUGGLER,6,,,,,,unreferenced
TRAINER_JUGGLER_7,,TRAINER_CLASS_JUGGLER,32,Fuschia City,,,,TRAINER_PIC_JUGGLER,,"redblue_map=FuchsiaGym; source=object_event; map_line=22; object_xy=8,13; script_label=TEXT_FUCHSIAGYM_ROCKER1",1,4,,JUGGLER,7,FuchsiaGym,object_event,22,8,13,manual
TRAINER_JUGGLER_8,,TRAINER_CLASS_JUGGLER,32,Fuschia City,,,,TRAINER_PIC_JUGGLER,,"redblue_map=FuchsiaGym; source=object_event; map_line=24; object_xy=1,12; script_label=TEXT_FUCHSIAGYM_ROCKER3",1,4,,JUGGLER,8,FuchsiaGym,object_event,24,1,12,manual
TRAINER_TAMER_1,,TRAINER_CLASS_TAMER,32,Fuschia City,,,,TRAINER_PIC_TAMER,,"redblue_map=FuchsiaGym; source=object_event; map_line=25; object_xy=3,5; script_label=TEXT_FUCHSIAGYM_ROCKER4",1,4,,TAMER,1,FuchsiaGym,object_event,25,3,5,manual
TRAINER_TAMER_2,,TRAINER_CLASS_TAMER,32,Fuschia City,,,,TRAINER_PIC_TAMER,,"redblue_map=FuchsiaGym; source=object_event; map_line=26; object_xy=8,2; script_label=TEXT_FUCHSIAGYM_ROCKER5",1,4,,TAMER,2,FuchsiaGym,object_event,26,8,2,manual
TRAINER_TAMER_3,,TRAINER_CLASS_TAMER,4,Viridian City,,,,TRAINER_PIC_TAMER,,"redblue_map=ViridianGym; source=object_event; map_line=27; object_xy=10,7; script_label=TEXT_VIRIDIANGYM_ROCKER1",1,4,,TAMER,3,ViridianGym,object_event,27,10,7,manual
TRAINER_TAMER_4,,TRAINER_CLASS_TAMER,4,Viridian City,,,,TRAINER_PIC_TAMER,,"redblue_map=ViridianGym; source=object_event; map_line=31; object_xy=2,16; script_label=TEXT_VIRIDIANGYM_ROCKER2",1,4,,TAMER,4,ViridianGym,object_event,31,2,16,manual
TRAINER_TAMER_5,,TRAINER_CLASS_TAMER,48,Victory Road,,,,TRAINER_PIC_TAMER,,"redblue_map=VictoryRoad2F; source=object_event; map_line=33; object_xy=19,8; script_label=TEXT_VICTORYROAD2F_COOLTRAINER_M",1,4,,TAMER,5,VictoryRoad2F,object_event,33,19,8,manual
TRAINER_TAMER_6,,TRAINER_CLASS_TAMER,,,,,,TRAINER_PIC_TAMER,,party exists in decomp but no map object/script trainer reference was found,1,4,,TAMER,6,,,,,,unreferenced
TRAINER_BIRD_KEEPER_1,,TRAINER_CLASS_BIRD_KEEPER,36,Route 13,,,,TRAINER_PIC_BIRD_KEEPER,,"redblue_map=Route13; source=object_event; map_line=24; object_xy=49,10; script_label=TEXT_ROUTE13_COOLTRAINER_M1",1,4,,BIRD_KEEPER,1,Route13,object_event,24,49,10,route
TRAINER_BIRD_KEEPER_2,,TRAINER_CLASS_BIRD_KEEPER,36,Route 13,,,,TRAINER_PIC_BIRD_KEEPER,,"redblue_map=Route13; source=object_event; map_line=29; object_xy=12,4; script_label=TEXT_ROUTE13_COOLTRAINER_M2",1,4,,BIRD_KEEPER,2,Route13,object_event,29,12,4,route
TRAINER_BIRD_KEEPER_3,,TRAINER_CLASS_BIRD_KEEPER,36,Route 13,,,,TRAINER_PIC_BIRD_KEEPER,,"redblue_map=Route13; source=object_event; map_line=33; object_xy=7,13; script_label=TEXT_ROUTE13_COOLTRAINER_M3",1,4,,BIRD_KEEPER,3,Route13,object_event,33,7,13,route
TRAINER_BIRD_KEEPER_4,,TRAINER_CLASS_BIRD_KEEPER,35,Route 14,,,,TRAINER_PIC_BIRD_KEEPER,,"redblue_map=Route14; source=object_event; map_line=26; object_xy=15,31; script_label=TEXT_ROUTE14_COOLTRAINER_M5",1,4,,BIRD_KEEPER,4,Route14,object_event,26,15,31,route
TRAINER_BIRD_KEEPER_5,,TRAINER_CLASS_BIRD_KEEPER,35,Route 14,,,,TRAINER_PIC_BIRD_KEEPER,,"redblue_map=Route14; source=object_event; map_line=27; object_xy=6,49; script_label=TEXT_ROUTE14_COOLTRAINER_M6",1,4,,BIRD_KEEPER,5,Route14,object_event,27,6,49,route
TRAINER_BIRD_KEEPER_6,,TRAINER_CLASS_BIRD_KEEPER,34,Route 15,,,,TRAINER_PIC_BIRD_KEEPER,,"redblue_map=Route15; source=object_event; map_line=29; object_xy=31,13; script_label=TEXT_ROUTE15_COOLTRAINER_M1",1,4,,BIRD_KEEPER,6,Route15,object_event,29,31,13,route
TRAINER_BIRD_KEEPER_7,,TRAINER_CLASS_BIRD_KEEPER,34,Route 15,,,,TRAINER_PIC_BIRD_KEEPER,,"redblue_map=Route15; source=object_event; map_line=30; object_xy=35,13; script_label=TEXT_ROUTE15_COOLTRAINER_M2",1,4,,BIRD_KEEPER,7,Route15,object_event,30,35,13,route
TRAINER_BIRD_KEEPER_8,,TRAINER_CLASS_BIRD_KEEPER,31,Route 18,,,,TRAINER_PIC_BIRD_KEEPER,,"redblue_map=Route18; source=object_event; map_line=20; object_xy=36,11; script_label=TEXT_ROUTE18_COOLTRAINER_M1",1,4,,BIRD_KEEPER,8,Route18,object_event,20,36,11,route
TRAINER_BIRD_KEEPER_9,,TRAINER_CLASS_BIRD_KEEPER,31,Route 18,,,,TRAINER_PIC_BIRD_KEEPER,,"redblue_map=Route18; source=object_event; map_line=21; object_xy=40,15; script_label=TEXT_ROUTE18_COOLTRAINER_M2",1,4,,BIRD_KEEPER,9,Route18,object_event,21,40,15,route
TRAINER_BIRD_KEEPER_10,,TRAINER_CLASS_BIRD_KEEPER,31,Route 18,,,,TRAINER_PIC_BIRD_KEEPER,,"redblue_map=Route18; source=object_event; map_line=22; object_xy=42,13; script_label=TEXT_ROUTE18_COOLTRAINER_M3",1,4,,BIRD_KEEPER,10,Route18,object_event,22,42,13,route
TRAINER_BIRD_KEEPER_11,,TRAINER_CLASS_BIRD_KEEPER,39,Route 20,,,,TRAINER_PIC_BIRD_KEEPER,,"redblue_map=Route20; source=object_event; map_line=31; object_xy=34,9; script_label=TEXT_ROUTE20_COOLTRAINER_M",1,4,,BIRD_KEEPER,11,Route20,object_event,31,34,9,route
TRAINER_BIRD_KEEPER_12,,TRAINER_CLASS_BIRD_KEEPER,,,,,,TRAINER_PIC_BIRD_KEEPER,,party exists in decomp but no map object/script trainer reference was found,1,4,,BIRD_KEEPER,12,,,,,,unreferenced
TRAINER_BIRD_KEEPER_13,,TRAINER_CLASS_BIRD_KEEPER,,,,,,TRAINER_PIC_BIRD_KEEPER,,party exists in decomp but no map object/script trainer reference was found,1,4,,BIRD_KEEPER,13,,,,,,unreferenced
TRAINER_BIRD_KEEPER_14,,TRAINER_CLASS_BIRD_KEEPER,35,Route 14,,,,TRAINER_PIC_BIRD_KEEPER,,"redblue_map=Route14; source=object_event; map_line=22; object_xy=4,4; script_label=TEXT_ROUTE14_COOLTRAINER_M1",1,4,,BIRD_KEEPER,14,Route14,object_event,22,4,4,route
TRAINER_BIRD_KEEPER_15,,TRAINER_CLASS_BIRD_KEEPER,35,Route 14,,,,TRAINER_PIC_BIRD_KEEPER,,"redblue_map=Route14; source=object_event; map_line=23; object_xy=15,6; script_label=TEXT_ROUTE14_COOLTRAINER_M2",1,4,,BIRD_KEEPER,15,Route14,object_event,23,15,6,route
TRAINER_BIRD_KEEPER_16,,TRAINER_CLASS_BIRD_KEEPER,35,Route 14,,,,TRAINER_PIC_BIRD_KEEPER,,"redblue_map=Route14; source=object_event; map_line=24; object_xy=12,11; script_label=TEXT_ROUTE14_COOLTRAINER_M3",1,4,,BIRD_KEEPER,16,Route14,object_event,24,12,11,route
TRAINER_BIRD_KEEPER_17,,TRAINER_CLASS_BIRD_KEEPER,35,Route 14,,,,TRAINER_PIC_BIRD_KEEPER,,"redblue_map=Route14; source=object_event; map_line=25; object_xy=14,15; script_label=TEXT_ROUTE14_COOLTRAINER_M4",1,4,,BIRD_KEEPER,17,Route14,object_event,25,14,15,route
TRAINER_BLACKBELT_1,,TRAINER_CLASS_BLACKBELT,27,Saffron City,,,,TRAINER_PIC_BLACKBELT,,"redblue_map=FightingDojo; source=object_event; map_line=20; object_xy=5,3; script_label=TEXT_FIGHTINGDOJO_KARATE_MASTER",1,4,,BLACKBELT,1,FightingDojo,object_event,20,5,3,manual
TRAINER_BLACKBELT_2,,TRAINER_CLASS_BLACKBELT,27,Saffron City,,,,TRAINER_PIC_BLACKBELT,,"redblue_map=FightingDojo; source=object_event; map_line=21; object_xy=3,4; script_label=TEXT_FIGHTINGDOJO_BLACKBELT1",1,4,,BLACKBELT,2,FightingDojo,object_event,21,3,4,manual
TRAINER_BLACKBELT_3,,TRAINER_CLASS_BLACKBELT,27,Saffron City,,,,TRAINER_PIC_BLACKBELT,,"redblue_map=FightingDojo; source=object_event; map_line=22; object_xy=3,6; script_label=TEXT_FIGHTINGDOJO_BLACKBELT2",1,4,,BLACKBELT,3,FightingDojo,object_event,22,3,6,manual
TRAINER_BLACKBELT_4,,TRAINER_CLASS_BLACKBELT,27,Saffron City,,,,TRAINER_PIC_BLACKBELT,,"redblue_map=FightingDojo; source=object_event; map_line=23; object_xy=5,5; script_label=TEXT_FIGHTINGDOJO_BLACKBELT3",1,4,,BLACKBELT,4,FightingDojo,object_event,23,5,5,manual
TRAINER_BLACKBELT_5,,TRAINER_CLASS_BLACKBELT,27,Saffron City,,,,TRAINER_PIC_BLACKBELT,,"redblue_map=FightingDojo; source=object_event; map_line=24; object_xy=5,7; script_label=TEXT_FIGHTINGDOJO_BLACKBELT4",1,4,,BLACKBELT,5,FightingDojo,object_event,24,5,7,manual
TRAINER_BLACKBELT_6,,TRAINER_CLASS_BLACKBELT,4,Viridian City,,,,TRAINER_PIC_BLACKBELT,,"redblue_map=ViridianGym; source=object_event; map_line=26; object_xy=11,11; script_label=TEXT_VIRIDIANGYM_HIKER1",1,4,,BLACKBELT,6,ViridianGym,object_event,26,11,11,manual
TRAINER_BLACKBELT_7,,TRAINER_CLASS_BLACKBELT,4,Viridian City,,,,TRAINER_PIC_BLACKBELT,,"redblue_map=ViridianGym; source=object_event; map_line=28; object_xy=3,7; script_label=TEXT_VIRIDIANGYM_HIKER2",1,4,,BLACKBELT,7,ViridianGym,object_event,28,3,7,manual
TRAINER_BLACKBELT_8,,TRAINER_CLASS_BLACKBELT,4,Viridian City,,,,TRAINER_PIC_BLACKBELT,,"redblue_map=ViridianGym; source=object_event; map_line=30; object_xy=10,1; script_label=TEXT_VIRIDIANGYM_HIKER3",1,4,,BLACKBELT,8,ViridianGym,object_event,30,10,1,manual
TRAINER_BLACKBELT_9,,TRAINER_CLASS_BLACKBELT,48,Victory Road,,,,TRAINER_PIC_BLACKBELT,,"redblue_map=VictoryRoad2F; source=object_event; map_line=31; object_xy=12,9; script_label=TEXT_VICTORYROAD2F_HIKER",1,4,,BLACKBELT,9,VictoryRoad2F,object_event,31,12,9,manual
TRAINER_RIVAL1_1,,TRAINER_CLASS_RIVAL1,2,Pallet Town,,,,TRAINER_PIC_RIVAL1,,"redblue_map=OaksLab; source=object_event; map_line=24; object_xy=4,3; script_label=TEXT_OAKSLAB_RIVAL",1,4,,RIVAL1,1,OaksLab,object_event,24,4,3,manual
TRAINER_RIVAL1_2,,TRAINER_CLASS_RIVAL1,,,,,,TRAINER_PIC_RIVAL1,,party exists in decomp but no map object/script trainer reference was found,1,4,,RIVAL1,2,,,,,,unreferenced
TRAINER_RIVAL1_3,,TRAINER_CLASS_RIVAL1,2,Pallet Town,,True,,TRAINER_PIC_RIVAL1,,redblue_map=OaksLab; source=script; map_line=385,1,4,,RIVAL1,3,OaksLab,script,385,,,manual
TRAINER_RIVAL1_4,,TRAINER_CLASS_RIVAL1,5,Route 22,,True,,TRAINER_PIC_RIVAL1,,redblue_map=Route22; source=script; map_line=135,1,4,,RIVAL1,4,Route22,script,135,,,route
TRAINER_RIVAL1_5,,TRAINER_CLASS_RIVAL1,5,Route 22,,True,,TRAINER_PIC_RIVAL1,,redblue_map=Route22; source=script; map_line=135,1,4,,RIVAL1,5,Route22,script,135,,,route
TRAINER_RIVAL1_6,,TRAINER_CLASS_RIVAL1,5,Route 22,,True,,TRAINER_PIC_RIVAL1,,redblue_map=Route22; source=script; map_line=135,1,4,,RIVAL1,6,Route22,script,135,,,route
TRAINER_RIVAL1_7,,TRAINER_CLASS_RIVAL1,,,,,,TRAINER_PIC_RIVAL1,,party exists in decomp but no map object/script trainer reference was found,1,4,,RIVAL1,7,,,,,,unreferenced
TRAINER_RIVAL1_8,,TRAINER_CLASS_RIVAL1,,,,,,TRAINER_PIC_RIVAL1,,party exists in decomp but no map object/script trainer reference was found,1,4,,RIVAL1,8,,,,,,unreferenced
TRAINER_RIVAL1_9,,TRAINER_CLASS_RIVAL1,11,Cerulean City,,True,,TRAINER_PIC_RIVAL1,,redblue_map=CeruleanCity; source=script; map_line=142,1,4,,RIVAL1,9,CeruleanCity,script,142,,,direct
TRAINER_PROF_OAK_1,,TRAINER_CLASS_PROF_OAK,,,,,,TRAINER_PIC_PROF_OAK,,party exists in decomp but no map object/script trainer reference was found,1,4,,PROF_OAK,1,,,,,,unreferenced
TRAINER_PROF_OAK_2,,TRAINER_CLASS_PROF_OAK,,,,,,TRAINER_PIC_PROF_OAK,,party exists in decomp but no map object/script trainer reference was found,1,4,,PROF_OAK,2,,,,,,unreferenced
TRAINER_PROF_OAK_3,,TRAINER_CLASS_PROF_OAK,,,,,,TRAINER_PIC_PROF_OAK,,party exists in decomp but no map object/script trainer reference was found,1,4,,PROF_OAK,3,,,,,,unreferenced
TRAINER_SCIENTIST_1,,TRAINER_CLASS_SCIENTIST,,,,,,TRAINER_PIC_SCIENTIST,,party exists in decomp but no map object/script trainer reference was found,1,4,,SCIENTIST,1,,,,,,unreferenced
TRAINER_SCIENTIST_2,,TRAINER_CLASS_SCIENTIST,27,Saffron City,,,,TRAINER_PIC_SCIENTIST,,"redblue_map=SilphCo2F; source=object_event; map_line=24; object_xy=5,12; script_label=TEXT_SILPHCO2F_SCIENTIST1",1,4,,SCIENTIST,2,SilphCo2F,object_event,24,5,12,manual
TRAINER_SCIENTIST_3,,TRAINER_CLASS_SCIENTIST,27,Saffron City,,,,TRAINER_PIC_SCIENTIST,,"redblue_map=SilphCo2F; source=object_event; map_line=25; object_xy=24,13; script_label=TEXT_SILPHCO2F_SCIENTIST2",1,4,,SCIENTIST,3,SilphCo2F,object_event,25,24,13,manual
TRAINER_SCIENTIST_4,,TRAINER_CLASS_SCIENTIST,42,Pokemon Mansion,,,,TRAINER_PIC_SCIENTIST,,"redblue_map=PokemonMansion1F; source=object_event; map_line=22; object_xy=17,17; script_label=TEXT_POKEMONMANSION1F_SCIENTIST",1,4,,SCIENTIST,4,PokemonMansion1F,object_event,22,17,17,manual
TRAINER_SCIENTIST_5,,TRAINER_CLASS_SCIENTIST,27,Saffron City,,,,TRAINER_PIC_SCIENTIST,,"redblue_map=SilphCo4F; source=object_event; map_line=27; object_xy=14,6; script_label=TEXT_SILPHCO4F_SCIENTIST",1,4,,SCIENTIST,5,SilphCo4F,object_event,27,14,6,manual
TRAINER_SCIENTIST_6,,TRAINER_CLASS_SCIENTIST,27,Saffron City,,,,TRAINER_PIC_SCIENTIST,,"redblue_map=SilphCo5F; source=object_event; map_line=31; object_xy=8,3; script_label=TEXT_SILPHCO5F_SCIENTIST",1,4,,SCIENTIST,6,SilphCo5F,object_event,31,8,3,manual
TRAINER_SCIENTIST_7,,TRAINER_CLASS_SCIENTIST,27,Saffron City,,,,TRAINER_PIC_SCIENTIST,,"redblue_map=SilphCo6F; source=object_event; map_line=32; object_xy=7,8; script_label=TEXT_SILPHCO6F_SCIENTIST",1,4,,SCIENTIST,7,SilphCo6F,object_event,32,7,8,manual
TRAINER_SCIENTIST_8,,TRAINER_CLASS_SCIENTIST,27,Saffron City,,,,TRAINER_PIC_SCIENTIST,,"redblue_map=SilphCo7F; source=object_event; map_line=34; object_xy=2,13; script_label=TEXT_SILPHCO7F_SCIENTIST",1,4,,SCIENTIST,8,SilphCo7F,object_event,34,2,13,manual
TRAINER_SCIENTIST_9,,TRAINER_CLASS_SCIENTIST,27,Saffron City,,,,TRAINER_PIC_SCIENTIST,,"redblue_map=SilphCo8F; source=object_event; map_line=24; object_xy=10,2; script_label=TEXT_SILPHCO8F_SCIENTIST",1,4,,SCIENTIST,9,SilphCo8F,object_event,24,10,2,manual
TRAINER_SCIENTIST_10,,TRAINER_CLASS_SCIENTIST,27,Saffron City,,,,TRAINER_PIC_SCIENTIST,,"redblue_map=SilphCo9F; source=object_event; map_line=22; object_xy=21,13; script_label=TEXT_SILPHCO9F_SCIENTIST",1,4,,SCIENTIST,10,SilphCo9F,object_event,22,21,13,manual
TRAINER_SCIENTIST_11,,TRAINER_CLASS_SCIENTIST,27,Saffron City,,,,TRAINER_PIC_SCIENTIST,,"redblue_map=SilphCo10F; source=object_event; map_line=24; object_xy=10,2; script_label=TEXT_SILPHCO10F_SCIENTIST",1,4,,SCIENTIST,11,SilphCo10F,object_event,24,10,2,manual
TRAINER_SCIENTIST_12,,TRAINER_CLASS_SCIENTIST,42,Pokemon Mansion,,,,TRAINER_PIC_SCIENTIST,,"redblue_map=PokemonMansion3F; source=object_event; map_line=20; object_xy=20,11; script_label=TEXT_POKEMONMANSION3F_SCIENTIST",1,4,,SCIENTIST,12,PokemonMansion3F,object_event,20,20,11,manual
TRAINER_SCIENTIST_13,,TRAINER_CLASS_SCIENTIST,42,Pokemon Mansion,,,,TRAINER_PIC_SCIENTIST,,"redblue_map=PokemonMansionB1F; source=object_event; map_line=21; object_xy=27,11; script_label=TEXT_POKEMONMANSIONB1F_SCIENTIST",1,4,,SCIENTIST,13,PokemonMansionB1F,object_event,21,27,11,manual
TRAINER_GIOVANNI_1,,TRAINER_CLASS_GIOVANNI,26,Celadon City,,,,TRAINER_PIC_GIOVANNI,,"redblue_map=RocketHideoutB4F; source=object_event; map_line=23; object_xy=25,3; script_label=TEXT_ROCKETHIDEOUTB4F_GIOVANNI",1,4,,GIOVANNI,1,RocketHideoutB4F,object_event,23,25,3,manual
TRAINER_GIOVANNI_2,,TRAINER_CLASS_GIOVANNI,27,Saffron City,,,,TRAINER_PIC_GIOVANNI,,"redblue_map=SilphCo11F; source=object_event; map_line=22; object_xy=6,9; script_label=TEXT_SILPHCO11F_GIOVANNI",1,4,,GIOVANNI,2,SilphCo11F,object_event,22,6,9,manual
TRAINER_GIOVANNI_3,,TRAINER_CLASS_GIOVANNI,4,Viridian City,,,,TRAINER_PIC_GIOVANNI,,"redblue_map=ViridianGym; source=object_event; map_line=24; object_xy=2,1; script_label=TEXT_VIRIDIANGYM_GIOVANNI",1,4,,GIOVANNI,3,ViridianGym,object_event,24,2,1,manual
TRAINER_ROCKET_1,,TRAINER_CLASS_ROCKET,10,Mt. Moon,,,,TRAINER_PIC_ROCKET,,"redblue_map=MtMoonB2F; source=object_event; map_line=25; object_xy=11,16; script_label=TEXT_MTMOONB2F_ROCKET1",1,4,,ROCKET,1,MtMoonB2F,object_event,25,11,16,manual
TRAINER_ROCKET_2,,TRAINER_CLASS_ROCKET,10,Mt. Moon,,,,TRAINER_PIC_ROCKET,,"redblue_map=MtMoonB2F; source=object_event; map_line=26; object_xy=15,22; script_label=TEXT_MTMOONB2F_ROCKET2",1,4,,ROCKET,2,MtMoonB2F,object_event,26,15,22,manual
TRAINER_ROCKET_3,,TRAINER_CLASS_ROCKET,10,Mt. Moon,,,,TRAINER_PIC_ROCKET,,"redblue_map=MtMoonB2F; source=object_event; map_line=27; object_xy=29,11; script_label=TEXT_MTMOONB2F_ROCKET3",1,4,,ROCKET,3,MtMoonB2F,object_event,27,29,11,manual
TRAINER_ROCKET_4,,TRAINER_CLASS_ROCKET,10,Mt. Moon,,,,TRAINER_PIC_ROCKET,,"redblue_map=MtMoonB2F; source=object_event; map_line=28; object_xy=29,17; script_label=TEXT_MTMOONB2F_ROCKET4",1,4,,ROCKET,4,MtMoonB2F,object_event,28,29,17,manual
TRAINER_ROCKET_5,,TRAINER_CLASS_ROCKET,11,Cerulean City,,,,TRAINER_PIC_ROCKET,,"redblue_map=CeruleanCity; source=object_event; map_line=39; object_xy=30,8; script_label=TEXT_CERULEANCITY_ROCKET",1,4,,ROCKET,5,CeruleanCity,object_event,39,30,8,direct
TRAINER_ROCKET_6,,TRAINER_CLASS_ROCKET,12,Route 24,,,,TRAINER_PIC_ROCKET,,"redblue_map=Route24; source=object_event; map_line=19; object_xy=11,15; script_label=TEXT_ROUTE24_COOLTRAINER_M1",1,4,,ROCKET,6,Route24,object_event,19,11,15,route
TRAINER_ROCKET_7,,TRAINER_CLASS_ROCKET,26,Celadon City,,,,TRAINER_PIC_ROCKET,,"redblue_map=GameCorner; source=object_event; map_line=36; object_xy=9,5; script_label=TEXT_GAMECORNER_ROCKET",1,4,,ROCKET,7,GameCorner,object_event,36,9,5,manual
TRAINER_ROCKET_8,,TRAINER_CLASS_ROCKET,26,Celadon City,,,,TRAINER_PIC_ROCKET,,"redblue_map=RocketHideoutB1F; source=object_event; map_line=23; object_xy=26,8; script_label=TEXT_ROCKETHIDEOUTB1F_ROCKET1",1,4,,ROCKET,8,RocketHideoutB1F,object_event,23,26,8,manual
TRAINER_ROCKET_9,,TRAINER_CLASS_ROCKET,26,Celadon City,,,,TRAINER_PIC_ROCKET,,"redblue_map=RocketHideoutB1F; source=object_event; map_line=24; object_xy=12,6; script_label=TEXT_ROCKETHIDEOUTB1F_ROCKET2",1,4,,ROCKET,9,RocketHideoutB1F,object_event,24,12,6,manual
TRAINER_ROCKET_10,,TRAINER_CLASS_ROCKET,26,Celadon City,,,,TRAINER_PIC_ROCKET,,"redblue_map=RocketHideoutB1F; source=object_event; map_line=25; object_xy=18,17; script_label=TEXT_ROCKETHIDEOUTB1F_ROCKET3",1,4,,ROCKET,10,RocketHideoutB1F,object_event,25,18,17,manual
TRAINER_ROCKET_11,,TRAINER_CLASS_ROCKET,26,Celadon City,,,,TRAINER_PIC_ROCKET,,"redblue_map=RocketHideoutB1F; source=object_event; map_line=26; object_xy=15,25; script_label=TEXT_ROCKETHIDEOUTB1F_ROCKET4",1,4,,ROCKET,11,RocketHideoutB1F,object_event,26,15,25,manual
TRAINER_ROCKET_12,,TRAINER_CLASS_ROCKET,26,Celadon City,,,,TRAINER_PIC_ROCKET,,"redblue_map=RocketHideoutB1F; source=object_event; map_line=27; object_xy=28,18; script_label=TEXT_ROCKETHIDEOUTB1F_ROCKET5",1,4,,ROCKET,12,RocketHideoutB1F,object_event,27,28,18,manual
TRAINER_ROCKET_13,,TRAINER_CLASS_ROCKET,26,Celadon City,,,,TRAINER_PIC_ROCKET,,"redblue_map=RocketHideoutB2F; source=object_event; map_line=21; object_xy=20,12; script_label=TEXT_ROCKETHIDEOUTB2F_ROCKET",1,4,,ROCKET,13,RocketHideoutB2F,object_event,21,20,12,manual
TRAINER_ROCKET_14,,TRAINER_CLASS_ROCKET,26,Celadon City,,,,TRAINER_PIC_ROCKET,,"redblue_map=RocketHideoutB3F; source=object_event; map_line=17; object_xy=10,22; script_label=TEXT_ROCKETHIDEOUTB3F_ROCKET1",1,4,,ROCKET,14,RocketHideoutB3F,object_event,17,10,22,manual
TRAINER_ROCKET_15,,TRAINER_CLASS_ROCKET,26,Celadon City,,,,TRAINER_PIC_ROCKET,,"redblue_map=RocketHideoutB3F; source=object_event; map_line=18; object_xy=26,12; script_label=TEXT_ROCKETHIDEOUTB3F_ROCKET2",1,4,,ROCKET,15,RocketHideoutB3F,object_event,18,26,12,manual
TRAINER_ROCKET_16,,TRAINER_CLASS_ROCKET,26,Celadon City,,,,TRAINER_PIC_ROCKET,,"redblue_map=RocketHideoutB4F; source=object_event; map_line=24; object_xy=23,12; script_label=TEXT_ROCKETHIDEOUTB4F_ROCKET1",1,4,,ROCKET,16,RocketHideoutB4F,object_event,24,23,12,manual
TRAINER_ROCKET_17,,TRAINER_CLASS_ROCKET,26,Celadon City,,,,TRAINER_PIC_ROCKET,,"redblue_map=RocketHideoutB4F; source=object_event; map_line=25; object_xy=26,12; script_label=TEXT_ROCKETHIDEOUTB4F_ROCKET2",1,4,,ROCKET,17,RocketHideoutB4F,object_event,25,26,12,manual
TRAINER_ROCKET_18,,TRAINER_CLASS_ROCKET,26,Celadon City,,,,TRAINER_PIC_ROCKET,,"redblue_map=RocketHideoutB4F; source=object_event; map_line=26; object_xy=11,2; script_label=TEXT_ROCKETHIDEOUTB4F_ROCKET3",1,4,,ROCKET,18,RocketHideoutB4F,object_event,26,11,2,manual
TRAINER_ROCKET_19,,TRAINER_CLASS_ROCKET,22,Pokemon Tower,,,,TRAINER_PIC_ROCKET,,"redblue_map=PokemonTower7F; source=object_event; map_line=16; object_xy=9,11; script_label=TEXT_POKEMONTOWER7F_ROCKET1",1,4,,ROCKET,19,PokemonTower7F,object_event,16,9,11,manual
TRAINER_ROCKET_20,,TRAINER_CLASS_ROCKET,22,Pokemon Tower,,,,TRAINER_PIC_ROCKET,,"redblue_map=PokemonTower7F; source=object_event; map_line=17; object_xy=12,9; script_label=TEXT_POKEMONTOWER7F_ROCKET2",1,4,,ROCKET,20,PokemonTower7F,object_event,17,12,9,manual
TRAINER_ROCKET_21,,TRAINER_CLASS_ROCKET,22,Pokemon Tower,,,,TRAINER_PIC_ROCKET,,"redblue_map=PokemonTower7F; source=object_event; map_line=18; object_xy=9,7; script_label=TEXT_POKEMONTOWER7F_ROCKET3",1,4,,ROCKET,21,PokemonTower7F,object_event,18,9,7,manual
TRAINER_ROCKET_22,,TRAINER_CLASS_ROCKET,,,,,,TRAINER_PIC_ROCKET,,party exists in decomp but no map object/script trainer reference was found,1,4,,ROCKET,22,,,,,,unreferenced
TRAINER_ROCKET_23,,TRAINER_CLASS_ROCKET,27,Saffron City,,,,TRAINER_PIC_ROCKET,,"redblue_map=SilphCo2F; source=object_event; map_line=26; object_xy=16,11; script_label=TEXT_SILPHCO2F_ROCKET1",1,4,,ROCKET,23,SilphCo2F,object_event,26,16,11,manual
TRAINER_ROCKET_24,,TRAINER_CLASS_ROCKET,27,Saffron City,,,,TRAINER_PIC_ROCKET,,"redblue_map=SilphCo2F; source=object_event; map_line=27; object_xy=24,7; script_label=TEXT_SILPHCO2F_ROCKET2",1,4,,ROCKET,24,SilphCo2F,object_event,27,24,7,manual
TRAINER_ROCKET_25,,TRAINER_CLASS_ROCKET,27,Saffron City,,,,TRAINER_PIC_ROCKET,,"redblue_map=SilphCo3F; source=object_event; map_line=26; object_xy=20,7; script_label=TEXT_SILPHCO3F_ROCKET",1,4,,ROCKET,25,SilphCo3F,object_event,26,20,7,manual
TRAINER_ROCKET_26,,TRAINER_CLASS_ROCKET,27,Saffron City,,,,TRAINER_PIC_ROCKET,,"redblue_map=SilphCo4F; source=object_event; map_line=26; object_xy=9,14; script_label=TEXT_SILPHCO4F_ROCKET1",1,4,,ROCKET,26,SilphCo4F,object_event,26,9,14,manual
TRAINER_ROCKET_27,,TRAINER_CLASS_ROCKET,27,Saffron City,,,,TRAINER_PIC_ROCKET,,"redblue_map=SilphCo4F; source=object_event; map_line=28; object_xy=26,10; script_label=TEXT_SILPHCO4F_ROCKET2",1,4,,ROCKET,27,SilphCo4F,object_event,28,26,10,manual
TRAINER_ROCKET_28,,TRAINER_CLASS_ROCKET,27,Saffron City,,,,TRAINER_PIC_ROCKET,,"redblue_map=SilphCo5F; source=object_event; map_line=30; object_xy=8,16; script_label=TEXT_SILPHCO5F_ROCKET1",1,4,,ROCKET,28,SilphCo5F,object_event,30,8,16,manual
TRAINER_ROCKET_29,,TRAINER_CLASS_ROCKET,27,Saffron City,,,,TRAINER_PIC_ROCKET,,"redblue_map=SilphCo5F; source=object_event; map_line=33; object_xy=28,4; script_label=TEXT_SILPHCO5F_ROCKET2",1,4,,ROCKET,29,SilphCo5F,object_event,33,28,4,manual
TRAINER_ROCKET_30,,TRAINER_CLASS_ROCKET,27,Saffron City,,,,TRAINER_PIC_ROCKET,,"redblue_map=SilphCo6F; source=object_event; map_line=31; object_xy=17,3; script_label=TEXT_SILPHCO6F_ROCKET1",1,4,,ROCKET,30,SilphCo6F,object_event,31,17,3,manual
TRAINER_ROCKET_31,,TRAINER_CLASS_ROCKET,27,Saffron City,,,,TRAINER_PIC_ROCKET,,"redblue_map=SilphCo6F; source=object_event; map_line=33; object_xy=14,15; script_label=TEXT_SILPHCO6F_ROCKET2",1,4,,ROCKET,31,SilphCo6F,object_event,33,14,15,manual
TRAINER_ROCKET_32,,TRAINER_CLASS_ROCKET,27,Saffron City,,,,TRAINER_PIC_ROCKET,,"redblue_map=SilphCo7F; source=object_event; map_line=33; object_xy=13,1; script_label=TEXT_SILPHCO7F_ROCKET1",1,4,,ROCKET,32,SilphCo7F,object_event,33,13,1,manual
TRAINER_ROCKET_33,,TRAINER_CLASS_ROCKET,27,Saffron City,,,,TRAINER_PIC_ROCKET,,"redblue_map=SilphCo7F; source=object_event; map_line=35; object_xy=20,2; script_label=TEXT_SILPHCO7F_ROCKET2",1,4,,ROCKET,33,SilphCo7F,object_event,35,20,2,manual
TRAINER_ROCKET_34,,TRAINER_CLASS_ROCKET,27,Saffron City,,,,TRAINER_PIC_ROCKET,,"redblue_map=SilphCo7F; source=object_event; map_line=36; object_xy=19,14; script_label=TEXT_SILPHCO7F_ROCKET3",1,4,,ROCKET,34,SilphCo7F,object_event,36,19,14,manual
TRAINER_ROCKET_35,,TRAINER_CLASS_ROCKET,27,Saffron City,,,,TRAINER_PIC_ROCKET,,"redblue_map=SilphCo8F; source=object_event; map_line=23; object_xy=19,2; script_label=TEXT_SILPHCO8F_ROCKET1",1,4,,ROCKET,35,SilphCo8F,object_event,23,19,2,manual
TRAINER_ROCKET_36,,TRAINER_CLASS_ROCKET,27,Saffron City,,,,TRAINER_PIC_ROCKET,,"redblue_map=SilphCo8F; source=object_event; map_line=25; object_xy=12,15; script_label=TEXT_SILPHCO8F_ROCKET2",1,4,,ROCKET,36,SilphCo8F,object_event,25,12,15,manual
TRAINER_ROCKET_37,,TRAINER_CLASS_ROCKET,27,Saffron City,,,,TRAINER_PIC_ROCKET,,"redblue_map=SilphCo9F; source=object_event; map_line=21; object_xy=2,4; script_label=TEXT_SILPHCO9F_ROCKET1",1,4,,ROCKET,37,SilphCo9F,object_event,21,2,4,manual
TRAINER_ROCKET_38,,TRAINER_CLASS_ROCKET,27,Saffron City,,,,TRAINER_PIC_ROCKET,,"redblue_map=SilphCo9F; source=object_event; map_line=23; object_xy=13,16; script_label=TEXT_SILPHCO9F_ROCKET2",1,4,,ROCKET,38,SilphCo9F,object_event,23,13,16,manual
TRAINER_ROCKET_39,,TRAINER_CLASS_ROCKET,27,Saffron City,,,,TRAINER_PIC_ROCKET,,"redblue_map=SilphCo10F; source=object_event; map_line=23; object_xy=1,9; script_label=TEXT_SILPHCO10F_ROCKET",1,4,,ROCKET,39,SilphCo10F,object_event,23,1,9,manual
TRAINER_ROCKET_40,,TRAINER_CLASS_ROCKET,27,Saffron City,,,,TRAINER_PIC_ROCKET,,"redblue_map=SilphCo11F; source=object_event; map_line=24; object_xy=15,9; script_label=TEXT_SILPHCO11F_ROCKET2",1,4,,ROCKET,40,SilphCo11F,object_event,24,15,9,manual
TRAINER_ROCKET_41,,TRAINER_CLASS_ROCKET,27,Saffron City,,,,TRAINER_PIC_ROCKET,,"redblue_map=SilphCo11F; source=object_event; map_line=23; object_xy=3,16; script_label=TEXT_SILPHCO11F_ROCKET1",1,4,,ROCKET,41,SilphCo11F,object_event,23,3,16,manual
TRAINER_COOLTRAINER_M_1,,TRAINER_CLASS_COOLTRAINER_M,4,Viridian City,,,,TRAINER_PIC_COOLTRAINER_M,,"redblue_map=ViridianGym; source=object_event; map_line=32; object_xy=6,5; script_label=TEXT_VIRIDIANGYM_COOLTRAINER_M3",1,4,,COOLTRAINER_M,1,ViridianGym,object_event,32,6,5,manual
TRAINER_COOLTRAINER_M_2,,TRAINER_CLASS_COOLTRAINER_M,48,Victory Road,,,,TRAINER_PIC_COOLTRAINER_M,,"redblue_map=VictoryRoad3F; source=object_event; map_line=25; object_xy=28,5; script_label=TEXT_VICTORYROAD3F_COOLTRAINER_M1",1,4,,COOLTRAINER_M,2,VictoryRoad3F,object_event,25,28,5,manual
TRAINER_COOLTRAINER_M_3,,TRAINER_CLASS_COOLTRAINER_M,48,Victory Road,,,,TRAINER_PIC_COOLTRAINER_M,,"redblue_map=VictoryRoad3F; source=object_event; map_line=27; object_xy=6,14; script_label=TEXT_VICTORYROAD3F_COOLTRAINER_M2",1,4,,COOLTRAINER_M,3,VictoryRoad3F,object_event,27,6,14,manual
TRAINER_COOLTRAINER_M_4,,TRAINER_CLASS_COOLTRAINER_M,,,,,,TRAINER_PIC_COOLTRAINER_M,,party exists in decomp but no map object/script trainer reference was found,1,4,,COOLTRAINER_M,4,,,,,,unreferenced
TRAINER_COOLTRAINER_M_5,,TRAINER_CLASS_COOLTRAINER_M,48,Victory Road,,,,TRAINER_PIC_COOLTRAINER_M,,"redblue_map=VictoryRoad1F; source=object_event; map_line=22; object_xy=3,2; script_label=TEXT_VICTORYROAD1F_COOLTRAINER_M",1,4,,COOLTRAINER_M,5,VictoryRoad1F,object_event,22,3,2,manual
TRAINER_COOLTRAINER_M_6,,TRAINER_CLASS_COOLTRAINER_M,,,,,,TRAINER_PIC_COOLTRAINER_M,,party exists in decomp but no map object/script trainer reference was found,1,4,,COOLTRAINER_M,6,,,,,,unreferenced
TRAINER_COOLTRAINER_M_7,,TRAINER_CLASS_COOLTRAINER_M,,,,,,TRAINER_PIC_COOLTRAINER_M,,party exists in decomp but no map object/script trainer reference was found,1,4,,COOLTRAINER_M,7,,,,,,unreferenced
TRAINER_COOLTRAINER_M_8,,TRAINER_CLASS_COOLTRAINER_M,,,,,,TRAINER_PIC_COOLTRAINER_M,,party exists in decomp but no map object/script trainer reference was found,1,4,,COOLTRAINER_M,8,,,,,,unreferenced
TRAINER_COOLTRAINER_M_9,,TRAINER_CLASS_COOLTRAINER_M,4,Viridian City,,,,TRAINER_PIC_COOLTRAINER_M,,"redblue_map=ViridianGym; source=object_event; map_line=25; object_xy=12,7; script_label=TEXT_VIRIDIANGYM_COOLTRAINER_M1",1,4,,COOLTRAINER_M,9,ViridianGym,object_event,25,12,7,manual
TRAINER_COOLTRAINER_M_10,,TRAINER_CLASS_COOLTRAINER_M,4,Viridian City,,,,TRAINER_PIC_COOLTRAINER_M,,"redblue_map=ViridianGym; source=object_event; map_line=29; object_xy=13,5; script_label=TEXT_VIRIDIANGYM_COOLTRAINER_M2",1,4,,COOLTRAINER_M,10,ViridianGym,object_event,29,13,5,manual
TRAINER_COOLTRAINER_F_1,,TRAINER_CLASS_COOLTRAINER_F,26,Celadon City,,,,TRAINER_PIC_COOLTRAINER_F,,"redblue_map=CeladonGym; source=object_event; map_line=28; object_xy=5,3; script_label=TEXT_CELADONGYM_COOLTRAINER_F4",1,4,,COOLTRAINER_F,1,CeladonGym,object_event,28,5,3,manual
TRAINER_COOLTRAINER_F_2,,TRAINER_CLASS_COOLTRAINER_F,48,Victory Road,,,,TRAINER_PIC_COOLTRAINER_F,,"redblue_map=VictoryRoad3F; source=object_event; map_line=26; object_xy=7,13; script_label=TEXT_VICTORYROAD3F_COOLTRAINER_F1",1,4,,COOLTRAINER_F,2,VictoryRoad3F,object_event,26,7,13,manual
TRAINER_COOLTRAINER_F_3,,TRAINER_CLASS_COOLTRAINER_F,48,Victory Road,,,,TRAINER_PIC_COOLTRAINER_F,,"redblue_map=VictoryRoad3F; source=object_event; map_line=28; object_xy=13,3; script_label=TEXT_VICTORYROAD3F_COOLTRAINER_F2",1,4,,COOLTRAINER_F,3,VictoryRoad3F,object_event,28,13,3,manual
TRAINER_COOLTRAINER_F_4,,TRAINER_CLASS_COOLTRAINER_F,,,,,,TRAINER_PIC_COOLTRAINER_F,,party exists in decomp but no map object/script trainer reference was found,1,4,,COOLTRAINER_F,4,,,,,,unreferenced
TRAINER_COOLTRAINER_F_5,,TRAINER_CLASS_COOLTRAINER_F,48,Victory Road,,,,TRAINER_PIC_COOLTRAINER_F,,"redblue_map=VictoryRoad1F; source=object_event; map_line=21; object_xy=7,5; script_label=TEXT_VICTORYROAD1F_COOLTRAINER_F",1,4,,COOLTRAINER_F,5,VictoryRoad1F,object_event,21,7,5,manual
TRAINER_COOLTRAINER_F_6,,TRAINER_CLASS_COOLTRAINER_F,,,,,,TRAINER_PIC_COOLTRAINER_F,,party exists in decomp but no map object/script trainer reference was found,1,4,,COOLTRAINER_F,6,,,,,,unreferenced
TRAINER_COOLTRAINER_F_7,,TRAINER_CLASS_COOLTRAINER_F,,,,,,TRAINER_PIC_COOLTRAINER_F,,party exists in decomp but no map object/script trainer reference was found,1,4,,COOLTRAINER_F,7,,,,,,unreferenced
TRAINER_COOLTRAINER_F_8,,TRAINER_CLASS_COOLTRAINER_F,,,,,,TRAINER_PIC_COOLTRAINER_F,,party exists in decomp but no map object/script trainer reference was found,1,4,,COOLTRAINER_F,8,,,,,,unreferenced
TRAINER_BRUNO_1,,TRAINER_CLASS_BRUNO,48,Victory Road,,,,TRAINER_PIC_BRUNO,,"redblue_map=BrunosRoom; source=object_event; map_line=16; object_xy=5,2; script_label=TEXT_BRUNOSROOM_BRUNO",1,4,,BRUNO,1,BrunosRoom,object_event,16,5,2,manual
TRAINER_BROCK_1,,TRAINER_CLASS_BROCK,,,,,,TRAINER_PIC_BROCK,,"redblue_map=PewterGym; source=object_event; map_line=16; object_xy=4,1; script_label=TEXT_PEWTERGYM_BROCK; canonical candidate 54 Pewter City is not in Gen I event_locations",1,4,,BROCK,1,PewterGym,object_event,16,4,1,canon_not_in_event
TRAINER_MISTY_1,,TRAINER_CLASS_MISTY,11,Cerulean City,,,,TRAINER_PIC_MISTY,,"redblue_map=CeruleanGym; source=object_event; map_line=17; object_xy=4,2; script_label=TEXT_CERULEANGYM_MISTY",1,4,,MISTY,1,CeruleanGym,object_event,17,4,2,manual
TRAINER_LT_SURGE_1,,TRAINER_CLASS_LT_SURGE,16,Vermilion City,,,,TRAINER_PIC_LT_SURGE,,"redblue_map=VermilionGym; source=object_event; map_line=18; object_xy=5,1; script_label=TEXT_VERMILIONGYM_LT_SURGE",1,4,,LT_SURGE,1,VermilionGym,object_event,18,5,1,manual
TRAINER_ERIKA_1,,TRAINER_CLASS_ERIKA,26,Celadon City,,,,TRAINER_PIC_ERIKA,,"redblue_map=CeladonGym; source=object_event; map_line=21; object_xy=4,3; script_label=TEXT_CELADONGYM_ERIKA",1,4,,ERIKA,1,CeladonGym,object_event,21,4,3,manual
TRAINER_KOGA_1,,TRAINER_CLASS_KOGA,32,Fuschia City,,,,TRAINER_PIC_KOGA,,"redblue_map=FuchsiaGym; source=object_event; map_line=21; object_xy=4,10; script_label=TEXT_FUCHSIAGYM_KOGA",1,4,,KOGA,1,FuchsiaGym,object_event,21,4,10,manual
TRAINER_BLAINE_1,,TRAINER_CLASS_BLAINE,41,Cinnabar Island,,,,TRAINER_PIC_BLAINE,,"redblue_map=CinnabarGym; source=object_event; map_line=22; object_xy=3,3; script_label=TEXT_CINNABARGYM_BLAINE",1,4,,BLAINE,1,CinnabarGym,object_event,22,3,3,manual
TRAINER_SABRINA_1,,TRAINER_CLASS_SABRINA,27,Saffron City,,,,TRAINER_PIC_SABRINA,,"redblue_map=SaffronGym; source=object_event; map_line=52; object_xy=9,8; script_label=TEXT_SAFFRONGYM_SABRINA",1,4,,SABRINA,1,SaffronGym,object_event,52,9,8,manual
TRAINER_GENTLEMAN_1,,TRAINER_CLASS_GENTLEMAN,16,Vermilion City,,,,TRAINER_PIC_GENTLEMAN,,"redblue_map=SSAnne1FRooms; source=object_event; map_line=28; object_xy=2,3; script_label=TEXT_SSANNE1FROOMS_GENTLEMAN1",1,4,,GENTLEMAN,1,SSAnne1FRooms,object_event,28,2,3,manual
TRAINER_GENTLEMAN_2,,TRAINER_CLASS_GENTLEMAN,16,Vermilion City,,,,TRAINER_PIC_GENTLEMAN,,"redblue_map=SSAnne1FRooms; source=object_event; map_line=29; object_xy=11,4; script_label=TEXT_SSANNE1FROOMS_GENTLEMAN2",1,4,,GENTLEMAN,2,SSAnne1FRooms,object_event,29,11,4,manual
TRAINER_GENTLEMAN_3,,TRAINER_CLASS_GENTLEMAN,16,Vermilion City,,,,TRAINER_PIC_GENTLEMAN,,"redblue_map=SSAnne2FRooms; source=object_event; map_line=36; object_xy=10,2; script_label=TEXT_SSANNE2FROOMS_GENTLEMAN1",1,4,,GENTLEMAN,3,SSAnne2FRooms,object_event,36,10,2,manual
TRAINER_GENTLEMAN_4,,TRAINER_CLASS_GENTLEMAN,,,,,,TRAINER_PIC_GENTLEMAN,,party exists in decomp but no map object/script trainer reference was found,1,4,,GENTLEMAN,4,,,,,,unreferenced
TRAINER_GENTLEMAN_5,,TRAINER_CLASS_GENTLEMAN,16,Vermilion City,,,,TRAINER_PIC_GENTLEMAN,,"redblue_map=SSAnne2FRooms; source=object_event; map_line=38; object_xy=0,14; script_label=TEXT_SSANNE2FROOMS_GENTLEMAN2",1,4,,GENTLEMAN,5,SSAnne2FRooms,object_event,38,0,14,manual
TRAINER_RIVAL2_1,,TRAINER_CLASS_RIVAL2,,,,,,TRAINER_PIC_RIVAL2,,party exists in decomp but no map object/script trainer reference was found,1,4,,RIVAL2,1,,,,,,unreferenced
TRAINER_RIVAL2_2,,TRAINER_CLASS_RIVAL2,,,,,,TRAINER_PIC_RIVAL2,,party exists in decomp but no map object/script trainer reference was found,1,4,,RIVAL2,2,,,,,,unreferenced
TRAINER_RIVAL2_3,,TRAINER_CLASS_RIVAL2,16,Vermilion City,,True,,TRAINER_PIC_RIVAL2,,redblue_map=SSAnne2F; source=script; map_line=100,1,4,,RIVAL2,3,SSAnne2F,script,100,,,manual
TRAINER_RIVAL2_4,,TRAINER_CLASS_RIVAL2,,,,,,TRAINER_PIC_RIVAL2,,party exists in decomp but no map object/script trainer reference was found,1,4,,RIVAL2,4,,,,,,unreferenced
TRAINER_RIVAL2_5,,TRAINER_CLASS_RIVAL2,,,,,,TRAINER_PIC_RIVAL2,,party exists in decomp but no map object/script trainer reference was found,1,4,,RIVAL2,5,,,,,,unreferenced
TRAINER_RIVAL2_6,,TRAINER_CLASS_RIVAL2,22,Pokemon Tower,,True,,TRAINER_PIC_RIVAL2,,redblue_map=PokemonTower2F; source=script; map_line=151,1,4,,RIVAL2,6,PokemonTower2F,script,151,,,manual
TRAINER_RIVAL2_7,,TRAINER_CLASS_RIVAL2,,,,,,TRAINER_PIC_RIVAL2,,party exists in decomp but no map object/script trainer reference was found,1,4,,RIVAL2,7,,,,,,unreferenced
TRAINER_RIVAL2_8,,TRAINER_CLASS_RIVAL2,,,,,,TRAINER_PIC_RIVAL2,,party exists in decomp but no map object/script trainer reference was found,1,4,,RIVAL2,8,,,,,,unreferenced
TRAINER_RIVAL2_9,,TRAINER_CLASS_RIVAL2,27,Saffron City,,True,,TRAINER_PIC_RIVAL2,,redblue_map=SilphCo7F; source=script; map_line=187,1,4,,RIVAL2,9,SilphCo7F,script,187,,,manual
TRAINER_RIVAL2_10,,TRAINER_CLASS_RIVAL2,5,Route 22,,True,,TRAINER_PIC_RIVAL2,,redblue_map=Route22; source=script; map_line=291,1,4,,RIVAL2,10,Route22,script,291,,,route
TRAINER_RIVAL2_11,,TRAINER_CLASS_RIVAL2,5,Route 22,,True,,TRAINER_PIC_RIVAL2,,redblue_map=Route22; source=script; map_line=291,1,4,,RIVAL2,11,Route22,script,291,,,route
TRAINER_RIVAL2_12,,TRAINER_CLASS_RIVAL2,5,Route 22,,True,,TRAINER_PIC_RIVAL2,,redblue_map=Route22; source=script; map_line=291,1,4,,RIVAL2,12,Route22,script,291,,,route
TRAINER_RIVAL3_1,,TRAINER_CLASS_RIVAL3,,,,,,TRAINER_PIC_RIVAL3,,party exists in decomp but no map object/script trainer reference was found,1,4,,RIVAL3,1,,,,,,unreferenced
TRAINER_RIVAL3_2,,TRAINER_CLASS_RIVAL3,,,,,,TRAINER_PIC_RIVAL3,,party exists in decomp but no map object/script trainer reference was found,1,4,,RIVAL3,2,,,,,,unreferenced
TRAINER_RIVAL3_3,,TRAINER_CLASS_RIVAL3,48,Victory Road,,True,,TRAINER_PIC_RIVAL3,,redblue_map=ChampionsRoom; source=script; map_line=68,1,4,,RIVAL3,3,ChampionsRoom,script,68,,,manual
TRAINER_LORELEI_1,,TRAINER_CLASS_LORELEI,48,Victory Road,,,,TRAINER_PIC_LORELEI,,"redblue_map=LoreleisRoom; source=object_event; map_line=16; object_xy=5,2; script_label=TEXT_LORELEISROOM_LORELEI",1,4,,LORELEI,1,LoreleisRoom,object_event,16,5,2,manual
TRAINER_CHANNELER_1,,TRAINER_CLASS_CHANNELER,,,,,,TRAINER_PIC_CHANNELER,,party exists in decomp but no map object/script trainer reference was found,1,4,,CHANNELER,1,,,,,,unreferenced
TRAINER_CHANNELER_2,,TRAINER_CLASS_CHANNELER,,,,,,TRAINER_PIC_CHANNELER,,party exists in decomp but no map object/script trainer reference was found,1,4,,CHANNELER,2,,,,,,unreferenced
TRAINER_CHANNELER_3,,TRAINER_CLASS_CHANNELER,,,,,,TRAINER_PIC_CHANNELER,,party exists in decomp but no map object/script trainer reference was found,1,4,,CHANNELER,3,,,,,,unreferenced
TRAINER_CHANNELER_4,,TRAINER_CLASS_CHANNELER,,,,,,TRAINER_PIC_CHANNELER,,party exists in decomp but no map object/script trainer reference was found,1,4,,CHANNELER,4,,,,,,unreferenced
TRAINER_CHANNELER_5,,TRAINER_CLASS_CHANNELER,22,Pokemon Tower,,,,TRAINER_PIC_CHANNELER,,"redblue_map=PokemonTower3F; source=object_event; map_line=17; object_xy=12,3; script_label=TEXT_POKEMONTOWER3F_CHANNELER1",1,4,,CHANNELER,5,PokemonTower3F,object_event,17,12,3,manual
TRAINER_CHANNELER_6,,TRAINER_CLASS_CHANNELER,22,Pokemon Tower,,,,TRAINER_PIC_CHANNELER,,"redblue_map=PokemonTower3F; source=object_event; map_line=18; object_xy=9,8; script_label=TEXT_POKEMONTOWER3F_CHANNELER2",1,4,,CHANNELER,6,PokemonTower3F,object_event,18,9,8,manual
TRAINER_CHANNELER_7,,TRAINER_CLASS_CHANNELER,,,,,,TRAINER_PIC_CHANNELER,,party exists in decomp but no map object/script trainer reference was found,1,4,,CHANNELER,7,,,,,,unreferenced
TRAINER_CHANNELER_8,,TRAINER_CLASS_CHANNELER,22,Pokemon Tower,,,,TRAINER_PIC_CHANNELER,,"redblue_map=PokemonTower3F; source=object_event; map_line=19; object_xy=10,13; script_label=TEXT_POKEMONTOWER3F_CHANNELER3",1,4,,CHANNELER,8,PokemonTower3F,object_event,19,10,13,manual
TRAINER_CHANNELER_9,,TRAINER_CLASS_CHANNELER,22,Pokemon Tower,,,,TRAINER_PIC_CHANNELER,,"redblue_map=PokemonTower4F; source=object_event; map_line=19; object_xy=5,10; script_label=TEXT_POKEMONTOWER4F_CHANNELER1",1,4,,CHANNELER,9,PokemonTower4F,object_event,19,5,10,manual
TRAINER_CHANNELER_10,,TRAINER_CLASS_CHANNELER,22,Pokemon Tower,,,,TRAINER_PIC_CHANNELER,,"redblue_map=PokemonTower4F; source=object_event; map_line=20; object_xy=15,7; script_label=TEXT_POKEMONTOWER4F_CHANNELER2",1,4,,CHANNELER,10,PokemonTower4F,object_event,20,15,7,manual
TRAINER_CHANNELER_11,,TRAINER_CLASS_CHANNELER,,,,,,TRAINER_PIC_CHANNELER,,party exists in decomp but no map object/script trainer reference was found,1,4,,CHANNELER,11,,,,,,unreferenced
TRAINER_CHANNELER_12,,TRAINER_CLASS_CHANNELER,22,Pokemon Tower,,,,TRAINER_PIC_CHANNELER,,"redblue_map=PokemonTower4F; source=object_event; map_line=21; object_xy=14,12; script_label=TEXT_POKEMONTOWER4F_CHANNELER3",1,4,,CHANNELER,12,PokemonTower4F,object_event,21,14,12,manual
TRAINER_CHANNELER_13,,TRAINER_CLASS_CHANNELER,,,,,,TRAINER_PIC_CHANNELER,,party exists in decomp but no map object/script trainer reference was found,1,4,,CHANNELER,13,,,,,,unreferenced
TRAINER_CHANNELER_14,,TRAINER_CLASS_CHANNELER,22,Pokemon Tower,,,,TRAINER_PIC_CHANNELER,,"redblue_map=PokemonTower5F; source=object_event; map_line=20; object_xy=17,7; script_label=TEXT_POKEMONTOWER5F_CHANNELER2",1,4,,CHANNELER,14,PokemonTower5F,object_event,20,17,7,manual
TRAINER_CHANNELER_15,,TRAINER_CLASS_CHANNELER,,,,,,TRAINER_PIC_CHANNELER,,party exists in decomp but no map object/script trainer reference was found,1,4,,CHANNELER,15,,,,,,unreferenced
TRAINER_CHANNELER_16,,TRAINER_CLASS_CHANNELER,22,Pokemon Tower,,,,TRAINER_PIC_CHANNELER,,"redblue_map=PokemonTower5F; source=object_event; map_line=21; object_xy=14,3; script_label=TEXT_POKEMONTOWER5F_CHANNELER3",1,4,,CHANNELER,16,PokemonTower5F,object_event,21,14,3,manual
TRAINER_CHANNELER_17,,TRAINER_CLASS_CHANNELER,22,Pokemon Tower,,,,TRAINER_PIC_CHANNELER,,"redblue_map=PokemonTower5F; source=object_event; map_line=22; object_xy=6,10; script_label=TEXT_POKEMONTOWER5F_CHANNELER4",1,4,,CHANNELER,17,PokemonTower5F,object_event,22,6,10,manual
TRAINER_CHANNELER_18,,TRAINER_CLASS_CHANNELER,22,Pokemon Tower,,,,TRAINER_PIC_CHANNELER,,"redblue_map=PokemonTower5F; source=object_event; map_line=23; object_xy=9,16; script_label=TEXT_POKEMONTOWER5F_CHANNELER5",1,4,,CHANNELER,18,PokemonTower5F,object_event,23,9,16,manual
TRAINER_CHANNELER_19,,TRAINER_CLASS_CHANNELER,22,Pokemon Tower,,,,TRAINER_PIC_CHANNELER,,"redblue_map=PokemonTower6F; source=object_event; map_line=18; object_xy=12,10; script_label=TEXT_POKEMONTOWER6F_CHANNELER1",1,4,,CHANNELER,19,PokemonTower6F,object_event,18,12,10,manual
TRAINER_CHANNELER_20,,TRAINER_CLASS_CHANNELER,22,Pokemon Tower,,,,TRAINER_PIC_CHANNELER,,"redblue_map=PokemonTower6F; source=object_event; map_line=19; object_xy=9,5; script_label=TEXT_POKEMONTOWER6F_CHANNELER2",1,4,,CHANNELER,20,PokemonTower6F,object_event,19,9,5,manual
TRAINER_CHANNELER_21,,TRAINER_CLASS_CHANNELER,22,Pokemon Tower,,,,TRAINER_PIC_CHANNELER,,"redblue_map=PokemonTower6F; source=object_event; map_line=20; object_xy=16,5; script_label=TEXT_POKEMONTOWER6F_CHANNELER3",1,4,,CHANNELER,21,PokemonTower6F,object_event,20,16,5,manual
TRAINER_CHANNELER_22,,TRAINER_CLASS_CHANNELER,27,Saffron City,,,,TRAINER_PIC_CHANNELER,,"redblue_map=SaffronGym; source=object_event; map_line=53; object_xy=10,1; script_label=TEXT_SAFFRONGYM_CHANNELER1",1,4,,CHANNELER,22,SaffronGym,object_event,53,10,1,manual
TRAINER_CHANNELER_23,,TRAINER_CLASS_CHANNELER,27,Saffron City,,,,TRAINER_PIC_CHANNELER,,"redblue_map=SaffronGym; source=object_event; map_line=55; object_xy=3,7; script_label=TEXT_SAFFRONGYM_CHANNELER2",1,4,,CHANNELER,23,SaffronGym,object_event,55,3,7,manual
TRAINER_CHANNELER_24,,TRAINER_CLASS_CHANNELER,27,Saffron City,,,,TRAINER_PIC_CHANNELER,,"redblue_map=SaffronGym; source=object_event; map_line=57; object_xy=3,13; script_label=TEXT_SAFFRONGYM_CHANNELER3",1,4,,CHANNELER,24,SaffronGym,object_event,57,3,13,manual
TRAINER_AGATHA_1,,TRAINER_CLASS_AGATHA,48,Victory Road,,,,TRAINER_PIC_AGATHA,,"redblue_map=AgathasRoom; source=object_event; map_line=16; object_xy=5,2; script_label=TEXT_AGATHASROOM_AGATHA",1,4,,AGATHA,1,AgathasRoom,object_event,16,5,2,manual
TRAINER_LANCE_1,,TRAINER_CLASS_LANCE,48,Victory Road,,,,TRAINER_PIC_LANCE,,"redblue_map=LancesRoom; source=object_event; map_line=15; object_xy=6,1; script_label=TEXT_LANCESROOM_LANCE",1,4,,LANCE,1,LancesRoom,object_event,15,6,1,manual
